-- MySQL dump 10.13  Distrib 8.0.31, for macos13.0 (arm64)
--
-- Host: localhost    Database: mini_inventory
-- ------------------------------------------------------
-- Server version	8.0.31

/*!40101 SET @OLD_CHARACTER_SET_CLIENT=@@CHARACTER_SET_CLIENT */;
/*!40101 SET @OLD_CHARACTER_SET_RESULTS=@@CHARACTER_SET_RESULTS */;
/*!40101 SET @OLD_COLLATION_CONNECTION=@@COLLATION_CONNECTION */;
/*!50503 SET NAMES utf8mb4 */;
/*!40103 SET @OLD_TIME_ZONE=@@TIME_ZONE */;
/*!40103 SET TIME_ZONE='+00:00' */;
/*!40014 SET @OLD_UNIQUE_CHECKS=@@UNIQUE_CHECKS, UNIQUE_CHECKS=0 */;
/*!40014 SET @OLD_FOREIGN_KEY_CHECKS=@@FOREIGN_KEY_CHECKS, FOREIGN_KEY_CHECKS=0 */;
/*!40101 SET @OLD_SQL_MODE=@@SQL_MODE, SQL_MODE='NO_AUTO_VALUE_ON_ZERO' */;
/*!40111 SET @OLD_SQL_NOTES=@@SQL_NOTES, SQL_NOTES=0 */;

--
-- Table structure for table `barangs`
--

DROP TABLE IF EXISTS `barangs`;
/*!40101 SET @saved_cs_client     = @@character_set_client */;
/*!50503 SET character_set_client = utf8mb4 */;
CREATE TABLE `barangs` (
  `id` bigint unsigned NOT NULL AUTO_INCREMENT,
  `user_id` bigint unsigned NOT NULL,
  `id_kategori` bigint unsigned NOT NULL,
  `kode_produk` varchar(255) COLLATE utf8mb4_unicode_ci NOT NULL,
  `nama_produk` varchar(255) COLLATE utf8mb4_unicode_ci NOT NULL,
  `foto_produk` varchar(255) COLLATE utf8mb4_unicode_ci NOT NULL,
  `harga_beli` int NOT NULL,
  `harga_jual` int NOT NULL,
  `stok` int NOT NULL,
  `created_at` timestamp NULL DEFAULT NULL,
  `updated_at` timestamp NULL DEFAULT NULL,
  `deleted_at` timestamp NULL DEFAULT NULL,
  PRIMARY KEY (`id`),
  UNIQUE KEY `barangs_kode_produk_unique` (`kode_produk`),
  UNIQUE KEY `barangs_nama_produk_unique` (`nama_produk`),
  UNIQUE KEY `barangs_foto_produk_unique` (`foto_produk`),
  KEY `barangs_user_id_foreign` (`user_id`),
  KEY `barangs_id_kategori_foreign` (`id_kategori`),
  CONSTRAINT `barangs_id_kategori_foreign` FOREIGN KEY (`id_kategori`) REFERENCES `kategoris` (`id`) ON DELETE RESTRICT ON UPDATE CASCADE,
  CONSTRAINT `barangs_user_id_foreign` FOREIGN KEY (`user_id`) REFERENCES `users` (`id`) ON DELETE RESTRICT ON UPDATE CASCADE
) ENGINE=InnoDB AUTO_INCREMENT=306 DEFAULT CHARSET=utf8mb4 COLLATE=utf8mb4_unicode_ci;
/*!40101 SET character_set_client = @saved_cs_client */;

--
-- Dumping data for table `barangs`
--

LOCK TABLES `barangs` WRITE;
/*!40000 ALTER TABLE `barangs` DISABLE KEYS */;
INSERT INTO `barangs` VALUES (1,61,6,'cat-iCdAMbKAs9','Lays ( nJDvE63I62 ) ','Casing Hp ( znJ1iMuRHh ) ',678160,763687,0,'2023-01-09 10:15:18','2023-01-09 21:44:30','2023-01-09 21:44:30'),(2,7,7,'cat-2pqO6BMtv9','Lays ( eCsOpCY2Ww ) ','Levis ( 6DvXfNZo13 ) ',594047,670774,0,'2023-01-09 10:15:18','2023-01-10 05:42:07','2023-01-10 05:42:07'),(3,1,1,'cat-cTrfjMAU6X','Richeese 3 New Update','20230110073204RPBFNZDOMYJGSHL718E9VAK2Q5CUI460TW3X.jpg',11000,12000,63,'2023-01-09 10:15:18','2023-01-10 08:48:01',NULL),(4,34,1,'cat-2ascn56aS2','Sampoerna ( tHoO5aGe3n ) ','Wings ( GJMXrvBXXu ) ',807829,833608,3,'2023-01-09 10:15:18','2023-01-09 10:17:22',NULL),(5,69,7,'cat-vQIrASGjld','Casing Hp ( WeiRO23eP3 ) ','Mixue ( ge7tMTmM2h ) ',621638,706633,4,'2023-01-09 10:15:18','2023-01-10 08:48:01',NULL),(6,13,4,'cat-1nh0RzVD6C','Jam Dinding ( Ljn7dX0q5D ) ','Mixue ( JYTDkDVxMK ) ',53716,102605,0,'2023-01-09 10:15:18','2023-01-09 10:15:20',NULL),(7,55,5,'cat-W00szIGdIF','Casing Hp ( h2VdoIAvd9 ) ','Jam Dinding ( AJA9CEyEId ) ',26309,106890,1,'2023-01-09 10:15:18','2023-01-09 10:17:22',NULL),(8,76,1,'cat-pLI0M1RcDw','Jam Dinding ( W1R5uEWMM3 ) ','Levis ( o9AYucffY0 ) ',645070,679797,22,'2023-01-09 10:15:18','2023-01-10 08:48:01',NULL),(9,5,10,'cat-XoNupq5Aly','Pensil ( LleklG460l ) ','Wings ( gyLPMnIZAz ) ',187276,215073,23,'2023-01-09 10:15:18','2023-01-09 10:17:23',NULL),(10,19,10,'cat-tlvNP5F3LQ','Wings ( WsmUHVhrhT ) ','Sampoerna ( uilWK9PQ8O ) ',598084,654486,2,'2023-01-09 10:15:18','2023-01-09 10:17:21',NULL),(11,35,9,'cat-lSqPBbkwdZ','Pensil ( 9eWZbfZLED ) ','UniQlo ( ioH1OfXAPH ) ',232262,251835,0,'2023-01-09 10:15:18','2023-01-09 10:16:59',NULL),(12,63,10,'cat-tzxtqZXi2A','Wings ( drw96Jkc3I ) ','Pensil ( 1m5hZRKY4W ) ',868680,880453,0,'2023-01-09 10:15:18','2023-01-09 10:15:19',NULL),(13,51,8,'cat-FwAbSWDhV0','KFC ( wuWIQRn70x ) ','Jam Dinding ( F7ekcVdlJE ) ',355538,359026,2,'2023-01-09 10:15:18','2023-01-09 10:15:20',NULL),(14,58,6,'cat-yFsGF1O0p5','Lays ( 846sMdeAST ) ','KFC ( ciIRdzNNpr ) ',243161,275393,16,'2023-01-09 10:15:18','2023-01-09 10:17:23',NULL),(15,7,8,'cat-nYyXrPdIlS','Jam Dinding ( 2suMuo2iDK ) ','Mixue ( 0nKccJ1b8U ) ',602178,698485,0,'2023-01-09 10:15:18','2023-01-09 10:15:19',NULL),(16,49,5,'cat-41mNcDyZEf','Casing Hp ( eifgkdFKhY ) ','Mixue ( 1JGBOpmVsM ) ',12358,55425,1,'2023-01-09 10:15:18','2023-01-09 10:17:21',NULL),(17,43,2,'cat-STXQ2UDy53','Wings ( yyPmm9tBMF ) ','Sampoerna ( jkQngLzho6 ) ',334151,388655,47,'2023-01-09 10:15:18','2023-01-09 10:17:21',NULL),(18,72,2,'cat-YflrXyyy2o','UniQlo ( gNWDEQdwY5 ) ','Levis ( LhajNZVk8r ) ',349824,375647,0,'2023-01-09 10:15:18','2023-01-09 10:16:59',NULL),(19,37,2,'cat-HMKRv9b3Al','KFC ( 6VAOaeXyKq ) ','Mixue ( 8oRicZknNg ) ',938790,975188,0,'2023-01-09 10:15:18','2023-01-09 10:15:19',NULL),(20,14,1,'cat-CIqokI8o3Q','Wings ( yaRpm1w3Tx ) ','Levis ( 5Xu753cVId ) ',667451,723040,26,'2023-01-09 10:15:18','2023-01-09 10:17:22',NULL),(21,30,8,'cat-VBfp896jpr','UniQlo ( Xf5gFLykUf ) ','Levis ( XTBeh54CBp ) ',84287,99419,0,'2023-01-09 10:15:18','2023-01-09 10:17:23',NULL),(22,52,6,'cat-erNulT0cAY','Sampoerna ( hvbp34vhhv ) ','Lays ( DdI6qZf40H ) ',140862,210088,0,'2023-01-09 10:15:18','2023-01-09 10:15:20',NULL),(23,15,2,'cat-yWkolgRfwC','Lays ( cSrLfJRapM ) ','Pensil ( ofgCaxs0KI ) ',899714,996022,0,'2023-01-09 10:15:18','2023-01-09 10:17:22',NULL),(24,14,10,'cat-cKOYNdgRba','Sampoerna ( oGUYtU9fa3 ) ','Levis ( 9jG8vy9137 ) ',443713,484530,4,'2023-01-09 10:15:18','2023-01-09 10:17:23',NULL),(25,61,7,'cat-szZbelZHVH','Jam Dinding ( gNnTJJVRQf ) ','Jam Dinding ( LYs4UYISgw ) ',510600,552082,0,'2023-01-09 10:15:18','2023-01-09 10:15:19',NULL),(26,28,1,'cat-GGKfWGOKEu','Lays ( btHtHLl5du ) ','Pensil ( vZQ0kRmsbw ) ',763196,780014,0,'2023-01-09 10:15:18','2023-01-09 10:16:59',NULL),(27,46,5,'cat-JldoRRFI3A','Levis ( eL77GEUq1z ) ','Pensil ( yzRFhjf73T ) ',608695,623360,2,'2023-01-09 10:15:18','2023-01-09 10:17:23',NULL),(28,17,6,'cat-rNxm707VJd','Casing Hp ( rjb2JIC4Lk ) ','Jam Dinding ( HYwiSyWlHs ) ',514741,592824,4,'2023-01-09 10:15:18','2023-01-09 10:17:21',NULL),(29,38,1,'cat-DtLe7F8nr0','KFC ( gK8GePWryC ) ','KFC ( ed0wohODOD ) ',393533,430269,21,'2023-01-09 10:15:18','2023-01-09 10:17:23',NULL),(30,80,1,'cat-hSQqmRb76T','Pensil ( 4SfOkgvoGh ) ','Levis ( qtZDIbRDw7 ) ',59432,140647,1,'2023-01-09 10:15:18','2023-01-09 10:15:19',NULL),(31,54,5,'cat-69KtmtU0Bh','Jam Dinding ( vOJBeE8mD6 ) ','UniQlo ( 6hcTxaUHzd ) ',808100,816334,2,'2023-01-09 10:15:18','2023-01-09 10:15:19',NULL),(32,5,6,'cat-FjoofdKcbA','UniQlo ( xWlMK9DD3d ) ','Casing Hp ( x73i25hKmi ) ',229824,314659,0,'2023-01-09 10:15:18','2023-01-09 10:16:59',NULL),(33,12,4,'cat-q0Z14wgneS','Mixue ( JrhtS6I09y ) ','Pensil ( b9mcqACrxU ) ',328154,423496,11,'2023-01-09 10:15:18','2023-01-09 10:17:22',NULL),(34,2,3,'cat-dKxZhigN4N','Mixue ( Iab5J1mtZp ) ','Levis ( oHT6jqZbdo ) ',433008,510096,11,'2023-01-09 10:15:18','2023-01-09 10:17:23',NULL),(35,45,10,'cat-SPrSPib4DZ','Wings ( 1azwnQZkSg ) ','Lays ( 8V5s0iEji4 ) ',842014,855030,23,'2023-01-09 10:15:18','2023-01-09 10:17:22',NULL),(36,53,6,'cat-LR8DVc1byb','Mixue ( 5HEYczfnzF ) ','Jam Dinding ( ZlahRxpjjT ) ',935462,1015488,0,'2023-01-09 10:15:18','2023-01-09 10:17:22',NULL),(37,17,3,'cat-Tkm5jRRAXh','Wings ( y68BpnEzI4 ) ','Levis ( XHUJovFUOY ) ',417728,512069,9,'2023-01-09 10:15:18','2023-01-09 10:17:22',NULL),(38,75,6,'cat-wH9fJLX3qN','Sampoerna ( dRinJG7rqy ) ','Casing Hp ( yd1byhNOGk ) ',482017,503724,36,'2023-01-09 10:15:18','2023-01-09 10:17:23',NULL),(39,15,7,'cat-blgYivgFrF','Lays ( sVJR5ghiOe ) ','Levis ( XzbGCxblnn ) ',995978,1045847,0,'2023-01-09 10:15:18','2023-01-09 10:17:00',NULL),(40,49,6,'cat-LOhAQaRYTB','Levis ( kCWDFYYM6f ) ','Lays ( ck8dEv0RVz ) ',994298,1031414,2,'2023-01-09 10:15:18','2023-01-09 10:17:22',NULL),(41,2,3,'cat-V3bYtPgVDy','Sampoerna ( RuYOtmliSt ) ','Jam Dinding ( 4ROJWO4FnZ ) ',505629,558540,2,'2023-01-09 10:15:18','2023-01-09 10:17:22',NULL),(42,33,10,'cat-ALIbUHAP8y','KFC ( 79xzB0nOn2 ) ','Sampoerna ( VYBWwgmwaa ) ',676911,714984,38,'2023-01-09 10:15:18','2023-01-09 10:17:21',NULL),(43,14,1,'cat-RvLBUAtG0j','Pensil ( 4Zel5UTytZ ) ','Pensil ( jMOFZuIWxP ) ',258160,304138,28,'2023-01-09 10:15:18','2023-01-09 10:17:22',NULL),(44,58,4,'cat-iaQDfQSMGc','Pensil ( xj9Qtmf2Rx ) ','KFC ( SDxCHfAdoj ) ',922174,949962,8,'2023-01-09 10:15:18','2023-01-09 10:17:23',NULL),(45,59,3,'cat-ukpBKNG5le','Levis ( rZ9DOc3JLd ) ','Pensil ( hEi5jQN0xI ) ',603840,608710,0,'2023-01-09 10:15:18','2023-01-09 10:15:19',NULL),(46,61,3,'cat-7Ijxtdhtmq','Casing Hp ( MHyUTyBvA1 ) ','Lays ( CxWsc993ft ) ',196780,250144,35,'2023-01-09 10:15:18','2023-01-09 10:17:23',NULL),(47,72,8,'cat-ZCajFiOb2Y','Levis ( O4WMivuvBq ) ','UniQlo ( pGVRGg7Aq9 ) ',64755,104997,0,'2023-01-09 10:15:18','2023-01-09 10:17:22',NULL),(48,2,9,'cat-lIOWH8KNl8','Casing Hp ( 1JG6LhtAVz ) ','Pensil ( WZp8JehnoQ ) ',85620,141370,3,'2023-01-09 10:15:18','2023-01-09 10:17:22',NULL),(49,16,7,'cat-u2WLXKYPLD','Pensil ( Wt1xGhfX48 ) ','Jam Dinding ( aqBydnff65 ) ',926275,997374,13,'2023-01-09 10:15:18','2023-01-09 10:17:22',NULL),(50,77,9,'cat-Xil5UgAzTo','Wings ( d00IK2sWE4 ) ','Levis ( s991m9cJ8G ) ',481793,551332,0,'2023-01-09 10:15:18','2023-01-09 10:15:19',NULL),(51,11,6,'cat-9r3miVtZoW','Wings ( tTgvcQWwbf ) ','Jam Dinding ( dnmt0GAO6U ) ',803789,866197,0,'2023-01-09 10:15:18','2023-01-09 10:16:58',NULL),(52,33,5,'cat-14i531xGaR','Mixue ( McynZFUCaB ) ','Levis ( xdutYFYPdb ) ',212901,238785,0,'2023-01-09 10:15:18','2023-01-09 10:16:59',NULL),(53,45,6,'cat-tSUIzsnz7t','Pensil ( 74Z81srB79 ) ','KFC ( 7ziKpiJYGH ) ',356718,374932,63,'2023-01-09 10:15:18','2023-01-09 10:17:23',NULL),(54,61,9,'cat-Gci06rYdtg','KFC ( pYD2CKxaL8 ) ','Levis ( L1jsCPrnh0 ) ',802346,856406,5,'2023-01-09 10:15:18','2023-01-09 10:17:23',NULL),(55,74,8,'cat-w0zGUWZ8jr','Lays ( pWpyYR4VAj ) ','KFC ( xxC0iPGtEj ) ',403249,474082,1,'2023-01-09 10:15:18','2023-01-09 10:15:19',NULL),(56,43,1,'cat-sTPSx9I1cG','Wings ( guoWmDXXSF ) ','Mixue ( 5lnoSSoaZk ) ',520209,538758,32,'2023-01-09 10:15:18','2023-01-09 10:17:22',NULL),(57,54,5,'cat-EZTn836z7W','Jam Dinding ( vL4vT7mmKc ) ','KFC ( YE0zZlzUpk ) ',746562,831702,0,'2023-01-09 10:15:18','2023-01-09 10:16:59',NULL),(58,65,9,'cat-qZ8gzfqFeB','Levis ( ISHS1N1wyv ) ','Wings ( IOhAVar03h ) ',878348,935786,0,'2023-01-09 10:15:18','2023-01-09 10:16:59',NULL),(59,5,8,'cat-ZyScjlygoU','Lays ( QilEpJzKjd ) ','Casing Hp ( mJbqq90Qbf ) ',544250,556028,1,'2023-01-09 10:15:18','2023-01-09 10:17:22',NULL),(60,58,2,'cat-ryOzbDaWv0','Lays ( FQJwYY7bxe ) ','KFC ( pZAKgtE7sP ) ',995258,1092690,7,'2023-01-09 10:15:18','2023-01-09 10:17:23',NULL),(61,31,10,'cat-hx9d1tRMYL','Wings ( u3WKyoJHHy ) ','Mixue ( SNbNoPpudO ) ',251951,285968,0,'2023-01-09 10:15:18','2023-01-09 10:15:19',NULL),(62,29,2,'cat-laf7Q4q53l','Casing Hp ( E6dO9GeIcT ) ','Wings ( MB2l4Y8fO3 ) ',959568,983412,0,'2023-01-09 10:15:18','2023-01-09 10:17:21',NULL),(63,28,8,'cat-6ecSjtiGct','Sampoerna ( yim1UgQxQP ) ','KFC ( GNDT626kN4 ) ',778769,857936,2,'2023-01-09 10:15:18','2023-01-09 10:16:59',NULL),(64,53,2,'cat-ziK8b1M2jj','Mixue ( 2cubVqbNoI ) ','Lays ( xpCndLNcSE ) ',911481,993916,2,'2023-01-09 10:15:18','2023-01-09 10:15:20',NULL),(65,55,5,'cat-mV464asuGc','Lays ( eOPa2pjwlL ) ','UniQlo ( JP3IRO3kn6 ) ',284112,344528,7,'2023-01-09 10:15:18','2023-01-09 10:17:22',NULL),(66,2,6,'cat-axk8vSmV76','Levis ( puZ513as4l ) ','Jam Dinding ( Xfxuo2opCt ) ',810920,880576,1,'2023-01-09 10:15:18','2023-01-09 10:17:23',NULL),(67,45,1,'cat-VHxxIz4EqP','Jam Dinding ( GKsL58Wn0c ) ','Levis ( 847hWebYrV ) ',596096,635138,43,'2023-01-09 10:15:18','2023-01-09 10:17:23',NULL),(68,27,6,'cat-rIgHRm2AQ7','Wings ( 7CZyiBZCNg ) ','UniQlo ( btMR2EFZ5c ) ',132267,145591,2,'2023-01-09 10:15:18','2023-01-09 10:17:21',NULL),(69,25,2,'cat-zAxO3R2TB7','Levis ( o7neDa5i9L ) ','Casing Hp ( DVyEXS7oy9 ) ',312132,372889,1,'2023-01-09 10:15:18','2023-01-09 10:15:19',NULL),(70,71,10,'cat-CVNpZEUvuL','Sampoerna ( 35ncMzqXrn ) ','KFC ( RGX5yHTtON ) ',292742,381284,15,'2023-01-09 10:15:18','2023-01-09 10:17:22',NULL),(71,42,2,'cat-LDRl3RprJy','UniQlo ( Aziwtjq8ee ) ','Jam Dinding ( deOmXDDgZb ) ',264626,311106,0,'2023-01-09 10:15:18','2023-01-09 10:16:59',NULL),(72,2,4,'cat-DvDshmZnqW','Sampoerna ( ouj33xUbbi ) ','Casing Hp ( sfkxdt1YLb ) ',944264,947447,39,'2023-01-09 10:15:18','2023-01-09 10:17:23',NULL),(73,67,5,'cat-pgWtBMgahR','Casing Hp ( cJ2UpgQGVx ) ','Jam Dinding ( wQ4GDj2HO4 ) ',768515,846254,2,'2023-01-09 10:15:18','2023-01-09 10:16:59',NULL),(74,71,6,'cat-7YWDnXpZd2','Sampoerna ( 5fPtUWtRjE ) ','Lays ( PmsDyW0Ne5 ) ',113716,191753,4,'2023-01-09 10:15:18','2023-01-09 10:17:22',NULL),(75,54,10,'cat-R4o3sYgRhA','UniQlo ( 6xYCPbDWC4 ) ','Casing Hp ( 9a866OHX05 ) ',239552,299777,1,'2023-01-09 10:15:18','2023-01-09 10:15:20',NULL),(76,31,8,'cat-7x668xaYP5','UniQlo ( XfQ7VSmZws ) ','Wings ( aKJzeNM0oE ) ',787246,823616,0,'2023-01-09 10:15:18','2023-01-09 10:17:21',NULL),(77,63,4,'cat-IIit2VflYf','KFC ( K8A78nBSsc ) ','UniQlo ( osuE54xgOt ) ',90927,173249,1,'2023-01-09 10:15:18','2023-01-09 10:17:21',NULL),(78,42,4,'cat-dpb7pVmucX','Pensil ( m6SVm0nlIq ) ','Pensil ( pMscim80Yt ) ',800537,856125,57,'2023-01-09 10:15:18','2023-01-09 10:17:21',NULL),(79,27,1,'cat-SX77BhOsa4','Levis ( MapEWyohAi ) ','Jam Dinding ( lZJkESKESy ) ',499083,501933,5,'2023-01-09 10:15:18','2023-01-09 10:17:23',NULL),(80,1,9,'cat-hKVTu1wiL3','Casing Hp ( zSVZs2GgXm ) ','Levis ( WsUzqYQfBH ) ',671236,717011,2,'2023-01-09 10:15:18','2023-01-09 10:16:59',NULL),(81,46,2,'cat-1ttVn0Ss1R','Levis ( 60P0EF9yt4 ) ','KFC ( 6e5rq9IHcL ) ',721921,742965,1,'2023-01-09 10:15:18','2023-01-09 10:17:22',NULL),(82,27,2,'cat-wJyTL9Admz','KFC ( iPQfNywOpZ ) ','Jam Dinding ( hXad35Vwt4 ) ',229376,271497,0,'2023-01-09 10:15:18','2023-01-09 10:16:59',NULL),(83,16,5,'cat-rDsjSeU0Ei','Casing Hp ( u5tPpXCLSR ) ','UniQlo ( dbAMbZE9Hm ) ',804083,873774,35,'2023-01-09 10:15:18','2023-01-09 10:17:22',NULL),(84,61,7,'cat-aBm6niz9Mw','Jam Dinding ( r4jEQsj3UM ) ','Levis ( c2iWrVQiVk ) ',458266,555708,2,'2023-01-09 10:15:18','2023-01-09 10:17:21',NULL),(85,39,2,'cat-aeqGwWH6zS','Pensil ( T0kPBklq9q ) ','Jam Dinding ( bMeiJCfjwF ) ',401927,411300,2,'2023-01-09 10:15:18','2023-01-09 10:16:59',NULL),(86,12,1,'cat-8Ta5DsFe7Y','Wings ( e0Ldu5PDrW ) ','Wings ( UrfgdVf5MQ ) ',519740,574113,19,'2023-01-09 10:15:18','2023-01-09 10:17:23',NULL),(87,23,7,'cat-Y6lfFBBggM','Pensil ( OQUhLIdIe8 ) ','Jam Dinding ( 2XYHxATjFv ) ',908153,992169,1,'2023-01-09 10:15:18','2023-01-09 10:15:20',NULL),(88,12,2,'cat-vS3XOJASxY','KFC ( Uo4rlxEqQz ) ','Mixue ( dNyePzCRqH ) ',996842,1029830,4,'2023-01-09 10:15:18','2023-01-09 10:17:22',NULL),(89,45,4,'cat-hc6UXD8tyg','Pensil ( 1LzXppreeh ) ','KFC ( jJPPraet0K ) ',883908,958272,1,'2023-01-09 10:15:18','2023-01-09 10:15:19',NULL),(90,21,5,'cat-tJXMvxhYNb','Levis ( JCB4zafTBS ) ','Levis ( bf8VLb3cvf ) ',560103,561805,8,'2023-01-09 10:15:18','2023-01-09 10:17:22',NULL),(91,78,8,'cat-xS6r5CrVew','UniQlo ( cLyjJ3UjHa ) ','Casing Hp ( tEnIYypSay ) ',158108,201972,3,'2023-01-09 10:15:18','2023-01-09 10:17:23',NULL),(92,46,5,'cat-WosbNU2CA8','Pensil ( Zwex66xOq6 ) ','Casing Hp ( BexeF9sfTo ) ',118118,180713,2,'2023-01-09 10:15:18','2023-01-09 10:17:23',NULL),(93,19,3,'cat-He53uF6WQj','Wings ( msZsJp4I42 ) ','Pensil ( AnhPQ208i6 ) ',34343,77501,0,'2023-01-09 10:15:18','2023-01-09 10:16:59',NULL),(94,18,10,'cat-X4ppWo8a3E','Jam Dinding ( q5MRdhlAZf ) ','Wings ( RLFCk3TW2Z ) ',997148,1033472,13,'2023-01-09 10:15:18','2023-01-09 10:17:22',NULL),(95,36,5,'cat-SI274JiVhf','Casing Hp ( ZX6ixCgyj7 ) ','Sampoerna ( BZuhoYDt74 ) ',87698,180384,0,'2023-01-09 10:15:18','2023-01-09 10:16:59',NULL),(96,42,5,'cat-X76uV5kwKQ','Wings ( NWnrxHC8RO ) ','Pensil ( RfUJbqG2Kv ) ',373790,435793,23,'2023-01-09 10:15:18','2023-01-09 10:17:23',NULL),(97,38,6,'cat-UKP1rpaJMe','Levis ( XO1yGuJBLf ) ','Mixue ( F2JnwTykPe ) ',812407,840347,1,'2023-01-09 10:15:18','2023-01-09 10:16:59',NULL),(98,16,3,'cat-oehhjRqxIJ','Pensil ( BL2lmslwMP ) ','UniQlo ( K91npXryXq ) ',127698,168958,1,'2023-01-09 10:15:18','2023-01-09 10:16:59',NULL),(99,13,2,'cat-s3lQMEnv0y','Wings ( 3wHss6Diuf ) ','Pensil ( yKUUUikbSZ ) ',127365,134774,1,'2023-01-09 10:15:18','2023-01-09 10:15:19',NULL),(100,80,5,'cat-GVdNcbotky','Wings ( rAJyvA8NYi ) ','Wings ( zu315wRdkl ) ',407831,436088,38,'2023-01-09 10:15:19','2023-01-09 10:17:23',NULL),(101,52,8,'cat-zE6SCZiMCi','Pensil ( rdo5GhaWDh ) ','Sampoerna ( QCvRLWGsk4 ) ',175050,254533,0,'2023-01-09 10:16:58','2023-01-09 10:17:23',NULL),(102,30,11,'cat-nMyER0nw3Q','Levis ( PxgAEEctH2 ) ','Jam Dinding ( axJEgFuQBZ ) ',580180,615220,1,'2023-01-09 10:16:58','2023-01-09 10:17:23',NULL),(103,78,16,'cat-oDcpdBLgYR','Levis ( upSZ4Qy5BM ) ','Levis ( 9Ozmj0XMTO ) ',327902,412355,33,'2023-01-09 10:16:58','2023-01-09 10:17:23',NULL),(104,82,2,'cat-UXyACk5Sk9','Sampoerna ( GS8HL4L2l7 ) ','Levis ( o0SVFkRlpL ) ',31509,35507,52,'2023-01-09 10:16:58','2023-01-09 10:17:23',NULL),(105,24,10,'cat-joCs7k62XK','Jam Dinding ( orsDocqfMW ) ','Pensil ( T9oJAZTqdX ) ',964547,1034212,12,'2023-01-09 10:16:58','2023-01-09 10:17:23',NULL),(106,83,18,'cat-bd0qqACmMH','Lays ( 8RcDaXZvPm ) ','Casing Hp ( 5gZUxsZxsV ) ',872079,954641,65,'2023-01-09 10:16:58','2023-01-09 10:17:22',NULL),(107,76,20,'cat-QQ9GDM80jq','Wings ( cqSpm540N6 ) ','Levis ( PlRK9rFupF ) ',242939,337961,26,'2023-01-09 10:16:58','2023-01-09 10:17:23',NULL),(108,85,15,'cat-i0CR3u012y','Lays ( r7J7VvXxGY ) ','Pensil ( qTnvhIQqpC ) ',285860,367845,19,'2023-01-09 10:16:58','2023-01-09 10:17:22',NULL),(109,54,18,'cat-8qJh9BjafW','Lays ( DwXRQQryDq ) ','Wings ( SFns7lOURe ) ',409585,459134,49,'2023-01-09 10:16:58','2023-01-09 10:17:23',NULL),(110,74,8,'cat-CNs4kuYb8j','KFC ( 5fusiPZkdN ) ','Mixue ( TplQ5h8sfc ) ',689865,787212,1,'2023-01-09 10:16:58','2023-01-09 10:17:23',NULL),(111,80,10,'cat-6Y4KSwkc75','Casing Hp ( ZfVlYwZv3G ) ','Pensil ( M9SJRFiC5q ) ',814173,870579,2,'2023-01-09 10:16:58','2023-01-09 10:17:21',NULL),(112,33,7,'cat-bxapkeRP9c','Pensil ( Wqsf6Q6itR ) ','Jam Dinding ( G4jDToyifK ) ',531527,587383,31,'2023-01-09 10:16:58','2023-01-09 10:17:23',NULL),(113,82,16,'cat-4RA4AcqKFS','Lays ( JQJRTK4EDM ) ','Mixue ( GpFto65x6h ) ',139141,198511,56,'2023-01-09 10:16:58','2023-01-09 10:17:22',NULL),(114,73,18,'cat-9KdWZmLLRm','UniQlo ( KypQs1CQih ) ','Pensil ( wCm7pH43cd ) ',715778,791525,0,'2023-01-09 10:16:58','2023-01-09 10:17:21',NULL),(115,48,15,'cat-DByAHxQYlE','Lays ( x9vFfB70XR ) ','Lays ( 7uyewOfsEO ) ',303967,307640,2,'2023-01-09 10:16:58','2023-01-09 10:17:22',NULL),(116,8,10,'cat-e8z3vE9CJC','Mixue ( LpFggOiMlA ) ','Mixue ( NhvXjHeD1B ) ',192590,284772,31,'2023-01-09 10:16:58','2023-01-09 10:17:23',NULL),(117,50,8,'cat-0gMKTiDaHR','Casing Hp ( q9MQS9mGuv ) ','KFC ( f6uaFRT5Hl ) ',109537,155847,18,'2023-01-09 10:16:58','2023-01-09 10:17:21',NULL),(118,23,6,'cat-bG4HJ4RSkQ','Jam Dinding ( PtzzMqVX8f ) ','Levis ( 6peoUv4zpt ) ',517708,601372,8,'2023-01-09 10:16:58','2023-01-09 10:17:22',NULL),(119,81,12,'cat-jn59dGwA8f','Jam Dinding ( onjR23VsyS ) ','Jam Dinding ( RrWui84vOz ) ',289892,385117,51,'2023-01-09 10:16:58','2023-01-09 10:17:23',NULL),(120,66,6,'cat-4aMB1S27Gw','Jam Dinding ( NrkrwsoysW ) ','Lays ( yJziquysWl ) ',116583,167146,44,'2023-01-09 10:16:58','2023-01-09 10:17:23',NULL),(121,5,2,'cat-dzaLPssg4k','Casing Hp ( Bd7BGF3OdF ) ','Sampoerna ( mGqMuWD4Yf ) ',540468,587142,27,'2023-01-09 10:16:58','2023-01-09 10:17:23',NULL),(122,2,7,'cat-5BrXRCIIL9','Mixue ( 0FiOwm3BqI ) ','Pensil ( RIRQ5P8VV8 ) ',173199,245013,0,'2023-01-09 10:16:58','2023-01-09 10:17:22',NULL),(123,80,19,'cat-GGrOmoxlXR','UniQlo ( 4Tt1tuDqrz ) ','Wings ( 0QdWOfixGk ) ',608275,663338,1,'2023-01-09 10:16:58','2023-01-09 10:17:23',NULL),(124,46,18,'cat-3p1inqTaW4','Sampoerna ( fN7HHjP5pV ) ','Wings ( Ntgl1qhEfs ) ',479845,482818,28,'2023-01-09 10:16:58','2023-01-09 10:17:23',NULL),(125,42,10,'cat-FLzcbRXCKo','Wings ( 1uxK4IvxgD ) ','Jam Dinding ( OKvjcSlPjz ) ',132428,170808,6,'2023-01-09 10:16:58','2023-01-09 10:17:23',NULL),(126,9,14,'cat-hwXRgJ9KYM','Jam Dinding ( 29RgUtmx00 ) ','Sampoerna ( Kg3K3tPbUf ) ',821453,849404,3,'2023-01-09 10:16:58','2023-01-09 10:16:59',NULL),(127,23,8,'cat-Ui3HCfS98Z','Levis ( zp2qpvJ3I9 ) ','Wings ( 3ByUsggFjL ) ',351256,391146,29,'2023-01-09 10:16:58','2023-01-09 10:17:22',NULL),(128,55,10,'cat-cmA5Z0voVZ','Lays ( u3zXSmmqt7 ) ','Pensil ( yxwD6QeA83 ) ',78857,84895,8,'2023-01-09 10:16:58','2023-01-09 10:17:23',NULL),(129,48,4,'cat-c4YB9f6bQx','UniQlo ( XbYz9VmZWr ) ','Lays ( ljGq0ZURXY ) ',830898,878690,0,'2023-01-09 10:16:58','2023-01-09 10:16:59',NULL),(130,6,15,'cat-3liyBFyXo8','UniQlo ( hi73z7ZUnk ) ','Levis ( nO6vzDAk3U ) ',869020,936963,0,'2023-01-09 10:16:58','2023-01-09 10:16:59',NULL),(131,27,3,'cat-dzV1fiDXaQ','UniQlo ( Py6iuNaJiN ) ','Mixue ( CTfehhZ63a ) ',686898,710292,0,'2023-01-09 10:16:58','2023-01-09 10:16:59',NULL),(132,46,11,'cat-1c7oE8M0ln','Mixue ( zCpgLsh4cR ) ','Casing Hp ( f0BlEkTOcQ ) ',467194,560500,35,'2023-01-09 10:16:58','2023-01-09 10:17:22',NULL),(133,9,8,'cat-4g3J9q2BIO','Mixue ( 5HI6f0khs7 ) ','Mixue ( KNdDIsp80G ) ',172886,198596,39,'2023-01-09 10:16:58','2023-01-09 10:17:23',NULL),(134,5,16,'cat-GloTdxQtdk','UniQlo ( PkMtMYYkN3 ) ','Levis ( BLbbcHD4ek ) ',433654,466526,80,'2023-01-09 10:16:58','2023-01-09 10:17:22',NULL),(135,7,10,'cat-yAEzmfEfon','Sampoerna ( 440MLIr3Ap ) ','Levis ( VDdamn1CyG ) ',843122,918355,29,'2023-01-09 10:16:58','2023-01-09 10:17:22',NULL),(136,9,6,'cat-h2IPrbZT7h','Wings ( LIEImDLJVz ) ','Sampoerna ( MtDvN5JsB0 ) ',668493,711066,16,'2023-01-09 10:16:58','2023-01-09 10:17:22',NULL),(137,88,7,'cat-NXcGwsdG2X','Jam Dinding ( KwvDhav8Bb ) ','Casing Hp ( ebrtKoQLmk ) ',246738,324944,8,'2023-01-09 10:16:58','2023-01-09 10:17:23',NULL),(138,56,7,'cat-gF3pgPKU02','Pensil ( XMt46lg4xQ ) ','KFC ( MihT1AauTR ) ',233817,273576,0,'2023-01-09 10:16:58','2023-01-09 10:16:59',NULL),(139,64,5,'cat-0thHeW2HaN','Wings ( 1fLWGGzB2r ) ','Levis ( sVnszDIN1w ) ',137420,175980,0,'2023-01-09 10:16:58','2023-01-09 10:17:22',NULL),(140,58,4,'cat-SxyqbX8nr0','Casing Hp ( 9z8gCYp3pI ) ','Mixue ( zwkgKjXF3S ) ',621146,699802,67,'2023-01-09 10:16:58','2023-01-09 10:17:23',NULL),(141,50,1,'cat-xj4hVVrD7D','Jam Dinding ( zxbRny2Yw4 ) ','Lays ( x7xibJfZ0O ) ',429483,449955,1,'2023-01-09 10:16:58','2023-01-09 10:17:21',NULL),(142,16,14,'cat-1GEGxZC48c','KFC ( 3m4YNtwoEB ) ','Wings ( R1h4rL5nYJ ) ',219188,313282,1,'2023-01-09 10:16:58','2023-01-09 10:17:23',NULL),(143,22,18,'cat-qpG1gezxFz','Sampoerna ( XXZoc1wgpj ) ','Levis ( W7kQ53xUlj ) ',737153,804592,52,'2023-01-09 10:16:58','2023-01-09 10:17:23',NULL),(144,59,15,'cat-S2HTbafQZZ','Casing Hp ( e2ooLpBtTx ) ','Lays ( D2MQjm2juv ) ',222502,294935,1,'2023-01-09 10:16:58','2023-01-09 10:16:59',NULL),(145,57,1,'cat-F8dNEm27KS','Casing Hp ( qNvuiJKCBH ) ','Mixue ( reBCET0RVb ) ',616987,668195,1,'2023-01-09 10:16:58','2023-01-09 10:17:23',NULL),(146,60,1,'cat-SjJqBUDzkg','KFC ( uqRbuQfXrn ) ','Pensil ( 3uQGfFBwxB ) ',657238,756979,3,'2023-01-09 10:16:58','2023-01-09 10:17:21',NULL),(147,40,8,'cat-EY0gcuxPwN','Lays ( A7Wh6n0PA7 ) ','Wings ( Dj5qKQhYrN ) ',281749,300198,43,'2023-01-09 10:16:58','2023-01-09 10:17:23',NULL),(148,82,6,'cat-dQX3lfUvHO','Levis ( QeedLh7Fqr ) ','Mixue ( COsU43brVE ) ',209920,237374,5,'2023-01-09 10:16:58','2023-01-09 10:17:22',NULL),(149,66,4,'cat-FUgalZIUY1','Wings ( Yn69EaVVtH ) ','Sampoerna ( Ywopi9tF4o ) ',232096,329183,18,'2023-01-09 10:16:58','2023-01-09 10:17:23',NULL),(150,69,9,'cat-7QGj3YmRJc','Casing Hp ( IfhzCMBn5D ) ','Levis ( l3eErqIKZH ) ',986854,994394,59,'2023-01-09 10:16:58','2023-01-09 10:17:23',NULL),(151,34,19,'cat-Fn2Bzk7B7e','Levis ( KGnFkCsOPX ) ','Mixue ( 7U4MpKjapG ) ',122853,165754,24,'2023-01-09 10:16:58','2023-01-09 10:17:22',NULL),(152,10,15,'cat-7xlTAwXkor','KFC ( XbXb3dauK6 ) ','Mixue ( O416K7w50R ) ',448836,465360,63,'2023-01-09 10:16:58','2023-01-09 10:17:22',NULL),(153,60,4,'cat-N404lujxbX','Wings ( clqm7RCe7b ) ','Mixue ( ZwBiMwZNSJ ) ',63292,158551,8,'2023-01-09 10:16:58','2023-01-09 10:17:22',NULL),(154,40,5,'cat-1n197FG3uJ','Casing Hp ( pawzSp8y4n ) ','KFC ( KVY3SW2ncf ) ',530743,619727,47,'2023-01-09 10:16:58','2023-01-09 10:17:23',NULL),(155,17,10,'cat-XDCBlFvjuT','UniQlo ( G5yXwFPe25 ) ','Wings ( Vgy5YaIEJb ) ',668203,751145,10,'2023-01-09 10:16:58','2023-01-09 10:17:23',NULL),(156,84,3,'cat-3AahN7QLMD','Jam Dinding ( S9unxyKoRT ) ','UniQlo ( IKWcuv0LCL ) ',74071,152299,11,'2023-01-09 10:16:58','2023-01-09 10:17:23',NULL),(157,13,11,'cat-MMGVJdxvEp','Lays ( 1dYUV0zLjj ) ','Mixue ( ZNmSzhZQdW ) ',194663,196368,33,'2023-01-09 10:16:58','2023-01-09 10:17:23',NULL),(158,63,17,'cat-8r9eDyyJpY','Casing Hp ( hknMxeO5vR ) ','UniQlo ( 1OC6XB5qlD ) ',361376,373720,42,'2023-01-09 10:16:58','2023-01-09 10:17:23',NULL),(159,85,17,'cat-VOKi7vZSor','KFC ( DVVqbIokDY ) ','KFC ( 22ugZGJTic ) ',858039,896912,16,'2023-01-09 10:16:58','2023-01-09 10:17:22',NULL),(160,10,10,'cat-YlnJpFTQtE','UniQlo ( MOj0ZvjTkM ) ','Sampoerna ( bI5ffbZDlP ) ',106633,110174,51,'2023-01-09 10:16:58','2023-01-09 10:17:22',NULL),(161,67,20,'cat-H9ccvZzNnN','Lays ( MRpLDD0cbh ) ','Lays ( 3mfsKPcHtp ) ',870739,969128,8,'2023-01-09 10:16:58','2023-01-09 10:17:23',NULL),(162,39,19,'cat-1AAAzElkhB','UniQlo ( tMN8hciH4Q ) ','Jam Dinding ( E4o9gSqzvI ) ',430970,443744,3,'2023-01-09 10:16:58','2023-01-09 10:17:22',NULL),(163,58,3,'cat-rhxDSvcV9J','Wings ( B0wAJQ7x31 ) ','Pensil ( XNVrr5DgGF ) ',726795,785396,28,'2023-01-09 10:16:58','2023-01-09 10:17:23',NULL),(164,64,15,'cat-Dp969YkQm4','Lays ( c0xIDyzSWI ) ','Wings ( yzoq9wThnk ) ',456897,516268,47,'2023-01-09 10:16:58','2023-01-09 10:17:23',NULL),(165,1,3,'cat-D59BBv4oOX','Jam Dinding ( hpdrkkHkw8 ) ','Jam Dinding ( HgeR1ciQyg ) ',767125,864096,50,'2023-01-09 10:16:58','2023-01-09 10:17:23',NULL),(166,4,20,'cat-tUYp2nIaOY','Wings ( yeaqVKMSCf ) ','Mixue ( n4btj3X2Vg ) ',406443,446828,0,'2023-01-09 10:16:58','2023-01-09 10:16:59',NULL),(167,78,8,'cat-BKWdB8b7wU','Levis ( slf50idx5r ) ','Casing Hp ( BmNd29ZOjY ) ',656545,726531,50,'2023-01-09 10:16:58','2023-01-09 10:17:23',NULL),(168,37,3,'cat-R0VTYMxYsi','KFC ( PiiYlvTWr9 ) ','UniQlo ( lioqxxKXKy ) ',990291,1052959,49,'2023-01-09 10:16:58','2023-01-09 10:17:23',NULL),(169,10,3,'cat-LImrKt82k1','Jam Dinding ( xZcfWfT7WQ ) ','Casing Hp ( w4AQbziveN ) ',838464,904290,35,'2023-01-09 10:16:58','2023-01-09 10:17:22',NULL),(170,54,18,'cat-KJvPwjb8pP','KFC ( 6gHt9cHT4D ) ','KFC ( uJ0HFxIh7p ) ',615053,630625,52,'2023-01-09 10:16:58','2023-01-09 10:17:21',NULL),(171,48,2,'cat-zQP7I0VqRI','Sampoerna ( E34z7grj1X ) ','Mixue ( e04USsqwEU ) ',455881,537811,0,'2023-01-09 10:16:58','2023-01-09 10:16:59',NULL),(172,42,1,'cat-i2rkusnk34','Pensil ( Jj8dYKg1Xk ) ','UniQlo ( puxoXbY4mK ) ',665126,758667,39,'2023-01-09 10:16:58','2023-01-09 10:17:21',NULL),(173,10,2,'cat-fhJXHjnQGj','UniQlo ( ismwItF1Um ) ','Mixue ( 3uXlLWCUxY ) ',471025,535379,29,'2023-01-09 10:16:58','2023-01-09 10:17:23',NULL),(174,4,11,'cat-QNZD4axySR','KFC ( 1cIOoJ0yNv ) ','KFC ( lS9KSHt7Oy ) ',479862,490004,44,'2023-01-09 10:16:58','2023-01-09 10:17:23',NULL),(175,79,18,'cat-0nmKS7BA5l','Wings ( rwWHKROceP ) ','Pensil ( 8BpEPxK9LF ) ',902159,960891,2,'2023-01-09 10:16:58','2023-01-09 10:17:23',NULL),(176,10,14,'cat-pTur0epepY','Jam Dinding ( SbUy6NIyMU ) ','Pensil ( rI9o4dcJeA ) ',968394,1061547,3,'2023-01-09 10:16:58','2023-01-09 10:17:22',NULL),(177,15,8,'cat-Y3ikYd9zWY','Lays ( hzTYm9fBpQ ) ','Lays ( vkjnaWE2y0 ) ',412572,479888,0,'2023-01-09 10:16:58','2023-01-09 10:16:58',NULL),(178,23,1,'cat-gaUMrS1RCZ','KFC ( Xbd8u2hKjz ) ','UniQlo ( 45rudZYHiz ) ',250969,293463,9,'2023-01-09 10:16:58','2023-01-09 10:17:22',NULL),(179,36,18,'cat-R9kJvDCV9F','Lays ( thnBlmR5No ) ','Jam Dinding ( TIttedTXMN ) ',514587,549094,35,'2023-01-09 10:16:58','2023-01-09 10:17:23',NULL),(180,49,15,'cat-MataUVTsag','Casing Hp ( fNJ8RRDTc5 ) ','Levis ( tlqGymOs5V ) ',135042,206291,0,'2023-01-09 10:16:58','2023-01-09 10:16:59',NULL),(181,49,20,'cat-v2Cgpw7FpE','Mixue ( 9DXDFSK1te ) ','Jam Dinding ( dXCLfPo27F ) ',796861,879415,62,'2023-01-09 10:16:58','2023-01-09 10:17:23',NULL),(182,47,3,'cat-UTMyinbd8k','Wings ( CjETwnToQD ) ','Wings ( kHfytQBOIh ) ',526023,618684,0,'2023-01-09 10:16:58','2023-01-09 10:16:59',NULL),(183,22,2,'cat-9XrUTzICnf','UniQlo ( tLgihXqdiS ) ','KFC ( YqePQk1zxe ) ',648183,654436,8,'2023-01-09 10:16:58','2023-01-09 10:17:22',NULL),(184,14,3,'cat-toaIBdjMuZ','Pensil ( 6qlPlixNnv ) ','Wings ( tOeAGML7KC ) ',480453,552373,21,'2023-01-09 10:16:58','2023-01-09 10:17:23',NULL),(185,58,12,'cat-bK9VIVUoOh','Lays ( 0ni1OOfEIl ) ','Jam Dinding ( fsgJK5Ubs7 ) ',152402,204469,5,'2023-01-09 10:16:58','2023-01-09 10:17:23',NULL),(186,45,13,'cat-zOnj8YmLxK','Mixue ( omCvNE2cMk ) ','Lays ( lwmMxV7LQd ) ',242628,297089,3,'2023-01-09 10:16:58','2023-01-09 10:17:23',NULL),(187,79,9,'cat-AFUerwN9nG','Levis ( LhcN0gzXAI ) ','KFC ( BIi0Kiplxc ) ',847799,940243,7,'2023-01-09 10:16:58','2023-01-09 10:17:23',NULL),(188,79,16,'cat-vXIKDKiMx6','UniQlo ( mcTATfIbYk ) ','UniQlo ( UivS1bGZhM ) ',651014,686741,10,'2023-01-09 10:16:58','2023-01-09 10:17:23',NULL),(189,72,1,'cat-tYYVLIUkl9','Casing Hp ( mKyhte5fR6 ) ','Levis ( wUfwXa3ZZs ) ',386571,400469,1,'2023-01-09 10:16:58','2023-01-09 10:17:21',NULL),(190,63,9,'cat-8X4VUuNoWI','UniQlo ( v00tBs1N5G ) ','KFC ( sNqJNkZCir ) ',16236,107273,60,'2023-01-09 10:16:58','2023-01-09 10:17:23',NULL),(191,66,9,'cat-8JkW9275EA','Sampoerna ( JU923AoA9m ) ','Mixue ( Zty8LbQwNB ) ',432503,530234,0,'2023-01-09 10:16:58','2023-01-09 10:17:21',NULL),(192,50,5,'cat-YT2j1KaJSO','Wings ( muINPU10Wj ) ','Sampoerna ( Xq5rfVh0vQ ) ',538824,587464,22,'2023-01-09 10:16:58','2023-01-09 10:17:23',NULL),(193,28,3,'cat-Ulj7YKltJK','UniQlo ( x4zi0GD06m ) ','Levis ( VMvHYph7go ) ',584900,673306,32,'2023-01-09 10:16:58','2023-01-09 10:16:59',NULL),(194,61,6,'cat-TsDyXkdeQ5','Pensil ( ZgARZJJZtE ) ','Casing Hp ( MnpvcKsgjb ) ',592410,662426,12,'2023-01-09 10:16:58','2023-01-09 10:17:23',NULL),(195,47,2,'cat-d2ifshYoZ4','Levis ( 3FdB4P9JQq ) ','Mixue ( 4rOuDpW9uM ) ',18626,98450,8,'2023-01-09 10:16:58','2023-01-09 10:17:22',NULL),(196,23,2,'cat-NUoZ3eh6qZ','Wings ( JEHbFYY6Lq ) ','Casing Hp ( VxgnguTlD6 ) ',474843,561330,0,'2023-01-09 10:16:58','2023-01-09 10:17:23',NULL),(197,46,2,'cat-kl5v3kzWVD','Lays ( agSsEDvpSk ) ','Jam Dinding ( cmtMe9RJtr ) ',709381,793192,0,'2023-01-09 10:16:58','2023-01-09 10:17:23',NULL),(198,42,14,'cat-OcYI3oStiK','Wings ( 4ZAi85zJ0E ) ','Jam Dinding ( dED8pPudbX ) ',546711,637321,58,'2023-01-09 10:16:58','2023-01-09 10:17:22',NULL),(199,49,10,'cat-wP1CIx15na','Sampoerna ( Kkjh12LvaU ) ','Mixue ( rRLI4M1MPA ) ',177548,182168,0,'2023-01-09 10:16:58','2023-01-09 10:17:22',NULL),(200,30,17,'cat-wwgd8ELqUH','UniQlo ( atv3mDTLbe ) ','Jam Dinding ( Z3hsJfGH9v ) ',879652,887987,13,'2023-01-09 10:16:58','2023-01-09 10:17:23',NULL),(201,70,23,'cat-msyUtyHtHy','Mixue ( Vdt7JrZrll ) ','Wings ( xhHJyOActP ) ',504135,563954,5,'2023-01-09 10:17:21','2023-01-09 10:17:22',NULL),(202,4,7,'cat-83MtRqpTO7','Levis ( 4cDOnKV9mZ ) ','UniQlo ( A8aELyVT97 ) ',419161,435678,24,'2023-01-09 10:17:21','2023-01-09 10:17:23',NULL),(203,46,22,'cat-4KwjxwQEut','Levis ( 7Bnk5b9W8q ) ','Lays ( h5D9pgCLO9 ) ',547731,566766,6,'2023-01-09 10:17:21','2023-01-09 10:17:22',NULL),(204,16,30,'cat-a9bZmvqaHR','Levis ( w06s9PhwqY ) ','Mixue ( Z3Oqa69Jpl ) ',230605,235800,2,'2023-01-09 10:17:21','2023-01-09 10:17:23',NULL),(205,85,22,'cat-lMTK44N7PL','KFC ( twL4qK9jSU ) ','Wings ( QWpCBsLzQe ) ',901126,953139,11,'2023-01-09 10:17:21','2023-01-09 10:17:22',NULL),(206,69,1,'cat-mxCWvmHBYV','Mixue ( dXu81Fr8M1 ) ','UniQlo ( zUuAimbfqs ) ',133492,155551,2,'2023-01-09 10:17:21','2023-01-09 10:17:21',NULL),(207,10,3,'cat-Dt4QwnaX0A','Jam Dinding ( W9p9saWQxs ) ','Sampoerna ( 9EmdXalvf7 ) ',530668,591444,67,'2023-01-09 10:17:21','2023-01-09 10:17:22',NULL),(208,24,16,'cat-1mYglY7bfr','Sampoerna ( oVY7bhMiSd ) ','KFC ( XnOn8RaAn8 ) ',71750,155437,30,'2023-01-09 10:17:21','2023-01-09 10:17:23',NULL),(209,80,12,'cat-Gy1uG8ueNS','KFC ( gqn6W6zNKm ) ','Lays ( Cp6BpTaIay ) ',348716,431445,69,'2023-01-09 10:17:21','2023-01-09 10:17:22',NULL),(210,71,20,'cat-8Y328TF813','Casing Hp ( lwljMZYRt4 ) ','Levis ( K7oThVMj4h ) ',317641,371246,5,'2023-01-09 10:17:21','2023-01-09 10:17:23',NULL),(211,36,17,'cat-Stldapim77','Casing Hp ( sUp5GHtq9I ) ','Sampoerna ( 33cHLZhXiE ) ',61246,135369,29,'2023-01-09 10:17:21','2023-01-09 10:17:22',NULL),(212,86,25,'cat-Mxq491ZsSG','Levis ( SAD6NkpI6s ) ','Jam Dinding ( R1kacYjFJw ) ',319810,390352,1,'2023-01-09 10:17:21','2023-01-09 10:17:22',NULL),(213,97,21,'cat-FyHUnyNP9E','Levis ( jTZVOlZnLM ) ','Wings ( 4PmmMQ641I ) ',878995,928406,64,'2023-01-09 10:17:21','2023-01-09 10:17:23',NULL),(214,70,12,'cat-tUIt2EzbbP','KFC ( SlVZAAIJMm ) ','Wings ( CN2hRrvSgu ) ',475613,485008,25,'2023-01-09 10:17:21','2023-01-09 10:17:23',NULL),(215,98,12,'cat-4QvsN2idtA','Lays ( x29FiWB8fo ) ','KFC ( yQCWIKmxW2 ) ',74782,115203,2,'2023-01-09 10:17:21','2023-01-09 10:17:23',NULL),(216,26,7,'cat-McA8fJeKNB','Casing Hp ( KRrKzMnMDw ) ','Sampoerna ( SwzwlhGfJb ) ',11114,73154,29,'2023-01-09 10:17:21','2023-01-09 10:17:23',NULL),(217,2,30,'cat-M91FGonrKE','Mixue ( 5nHPxIzA57 ) ','KFC ( CAYotC9SnS ) ',602644,702377,8,'2023-01-09 10:17:21','2023-01-09 10:17:23',NULL),(218,78,29,'cat-AMQ64kS5TW','UniQlo ( MWmx2KpRAF ) ','Sampoerna ( EI6mTvUaNt ) ',982867,1080230,75,'2023-01-09 10:17:21','2023-01-09 10:17:23',NULL),(219,29,18,'cat-WKpfXYNu3w','Sampoerna ( hevImAstA7 ) ','Mixue ( KuY0m2Ptel ) ',520327,606319,0,'2023-01-09 10:17:21','2023-01-09 10:17:22',NULL),(220,58,15,'cat-fXvsYJwnmf','Lays ( Axc9f3EWDN ) ','UniQlo ( eWqdGvnF8j ) ',449824,483672,18,'2023-01-09 10:17:21','2023-01-09 10:17:22',NULL),(221,34,6,'cat-GAD8mpZzyv','Wings ( UiouS2wFwD ) ','Wings ( tgb8liryzH ) ',902770,955441,1,'2023-01-09 10:17:21','2023-01-09 10:17:23',NULL),(222,75,17,'cat-WyYS6duy0v','Sampoerna ( AiwnQsptw8 ) ','Pensil ( 158rImHlx8 ) ',957776,961879,7,'2023-01-09 10:17:21','2023-01-09 10:17:23',NULL),(223,77,11,'cat-KOu5gsNZu9','Levis ( cUoKvl7hvX ) ','Jam Dinding ( wg44hq0QMD ) ',974112,1055592,60,'2023-01-09 10:17:21','2023-01-09 10:17:23',NULL),(224,60,13,'cat-ofJ0zShOwN','Casing Hp ( tzYx7do18O ) ','UniQlo ( hNM8OjDKOc ) ',954961,997015,36,'2023-01-09 10:17:21','2023-01-09 10:17:23',NULL),(225,21,13,'cat-cYzF5oWdhb','Jam Dinding ( kyL5tHEIBX ) ','KFC ( JELmPhYfSE ) ',184381,269784,10,'2023-01-09 10:17:21','2023-01-09 10:17:23',NULL),(226,2,4,'cat-KKJVFwQsge','Jam Dinding ( UQIMtX4ln4 ) ','Mixue ( s3qv0hf0Dm ) ',853500,929976,51,'2023-01-09 10:17:21','2023-01-09 10:17:22',NULL),(227,15,7,'cat-3vV4ShOgoB','Lays ( 0Vm5wcBpRH ) ','KFC ( F7o21H98zm ) ',297994,355221,2,'2023-01-09 10:17:21','2023-01-09 10:17:23',NULL),(228,34,15,'cat-Q3mBrZjVGS','UniQlo ( niZK5Xcrpc ) ','Levis ( mHeH2CwEoN ) ',163532,167549,25,'2023-01-09 10:17:21','2023-01-09 10:17:23',NULL),(229,99,30,'cat-KNJKU9auZj','Mixue ( i5gv7oLyat ) ','Mixue ( G6qbaiprqN ) ',123426,130831,30,'2023-01-09 10:17:21','2023-01-09 10:17:23',NULL),(230,80,19,'cat-osWSHgUfqg','KFC ( I4aZamgx47 ) ','KFC ( oVJ9rpYdHo ) ',808358,878638,38,'2023-01-09 10:17:21','2023-01-09 10:17:23',NULL),(231,75,20,'cat-yVmASp1oSr','Mixue ( n4UEFJ67oj ) ','KFC ( Tm1CCP8TNi ) ',491801,565605,1,'2023-01-09 10:17:21','2023-01-09 10:17:22',NULL),(232,75,16,'cat-QolBKQVzI6','UniQlo ( 9Nj3wOWJJn ) ','Wings ( GGs05jWrOc ) ',743919,752955,78,'2023-01-09 10:17:21','2023-01-09 10:17:23',NULL),(233,95,13,'cat-rNWjamsfP1','Lays ( P2F7q663Ih ) ','Wings ( yO6unhNHU8 ) ',981494,1078839,33,'2023-01-09 10:17:21','2023-01-09 10:17:23',NULL),(234,52,20,'cat-TjY4AOvIqt','Mixue ( K26ZBruXtQ ) ','Wings ( fZKp6W1Ktf ) ',15600,19124,45,'2023-01-09 10:17:21','2023-01-09 10:17:23',NULL),(235,24,12,'cat-OnY7eRUi2a','Casing Hp ( qlcMYU51jN ) ','Sampoerna ( kmDVlkfXMW ) ',358303,389551,2,'2023-01-09 10:17:21','2023-01-09 10:17:22',NULL),(236,17,16,'cat-lQtRjE6MX2','Pensil ( EQGz9veDUI ) ','Wings ( rRYQ6DkXj4 ) ',113125,137012,47,'2023-01-09 10:17:21','2023-01-09 10:17:23',NULL),(237,73,3,'cat-NvffdclvRY','Mixue ( c8EsF8G7Xm ) ','Sampoerna ( sLHqKbcPHj ) ',624695,654648,18,'2023-01-09 10:17:21','2023-01-09 10:17:22',NULL),(238,65,30,'cat-txDjtMXvPV','Pensil ( EF9cRq0hgc ) ','Mixue ( LqxyqAVK5m ) ',971706,1000142,72,'2023-01-09 10:17:21','2023-01-09 10:17:23',NULL),(239,13,5,'cat-05nzfJYT9Y','KFC ( G4tu60A3FQ ) ','Mixue ( stfW41LxkE ) ',360574,393367,0,'2023-01-09 10:17:21','2023-01-09 10:17:21',NULL),(240,64,6,'cat-eo3qx0p63d','Casing Hp ( yGRSzIbmn5 ) ','Sampoerna ( dPd799uZHp ) ',939266,1018767,78,'2023-01-09 10:17:21','2023-01-09 10:17:23',NULL),(241,88,2,'cat-jHRJ1CPgL7','Pensil ( tB0DI9N5RN ) ','KFC ( 1AP2bbcZGo ) ',803190,878285,37,'2023-01-09 10:17:21','2023-01-09 10:17:22',NULL),(242,91,30,'cat-WEhP8tTxES','UniQlo ( fPvw4VF8Mh ) ','KFC ( 0tNzfX3EcL ) ',305052,331307,64,'2023-01-09 10:17:21','2023-01-09 10:17:23',NULL),(243,78,7,'cat-svzLpHTpil','Casing Hp ( VZTtuPEM6s ) ','Mixue ( kQxCrqL2wE ) ',249910,253456,20,'2023-01-09 10:17:21','2023-01-09 10:17:22',NULL),(244,93,12,'cat-OuGs8m7ohP','Casing Hp ( qfIl4KCDdq ) ','Levis ( CPc1L8SqUd ) ',195024,225332,65,'2023-01-09 10:17:21','2023-01-09 10:17:23',NULL),(245,70,10,'cat-OIU1bNQ6w1','Jam Dinding ( XwmaAFuxBV ) ','Casing Hp ( 9PTOD9G5eg ) ',713986,745148,27,'2023-01-09 10:17:21','2023-01-09 10:17:23',NULL),(246,9,8,'cat-eMGdxlSF7t','Pensil ( llX5FXYYWx ) ','UniQlo ( E8iOCyOlwc ) ',900536,985404,39,'2023-01-09 10:17:21','2023-01-09 10:17:23',NULL),(247,81,12,'cat-bkI9U8DmZl','Sampoerna ( hd2hTYEKX2 ) ','Jam Dinding ( n03e2jn8La ) ',777433,871035,82,'2023-01-09 10:17:21','2023-01-09 10:17:22',NULL),(248,2,18,'cat-i2fgAfxzHV','UniQlo ( Gy6VtPjt08 ) ','Mixue ( LG7saF8t2S ) ',334569,422004,17,'2023-01-09 10:17:21','2023-01-09 10:17:21',NULL),(249,45,21,'cat-B1JwS5GjB6','Lays ( MwgU3PeALE ) ','UniQlo ( MjaeSboXaM ) ',281459,330692,69,'2023-01-09 10:17:21','2023-01-09 10:17:23',NULL),(250,93,7,'cat-VZPTOawSou','Levis ( ZErHGfgwax ) ','UniQlo ( aCnquNxCEf ) ',623349,661860,58,'2023-01-09 10:17:21','2023-01-09 10:17:22',NULL),(251,90,23,'cat-lsv3SgHY9K','Wings ( kkOHDhXtT7 ) ','Lays ( 4di4hOpXnI ) ',832201,850461,16,'2023-01-09 10:17:21','2023-01-09 10:17:23',NULL),(252,84,23,'cat-ZptfX4xyW7','Casing Hp ( eMj7kzsyz5 ) ','Casing Hp ( bckhZHjR13 ) ',355190,447438,29,'2023-01-09 10:17:21','2023-01-09 10:17:23',NULL),(253,67,26,'cat-DYqe0nc9Ba','Jam Dinding ( 0ANpBMJJy3 ) ','KFC ( lDuQOEziBc ) ',568118,590593,42,'2023-01-09 10:17:21','2023-01-09 10:17:21',NULL),(254,35,30,'cat-zRmJRF9jdu','Wings ( YIIlCF8umx ) ','Pensil ( ILfUKiQblC ) ',87495,116478,5,'2023-01-09 10:17:21','2023-01-09 10:17:22',NULL),(255,39,25,'cat-CgaWwtNWQw','Levis ( 5tjzQFoRcD ) ','KFC ( dJ3tbPDC8K ) ',744624,803218,12,'2023-01-09 10:17:21','2023-01-09 10:17:23',NULL),(256,65,13,'cat-GMOfrUcomc','UniQlo ( zRXcHOsAJK ) ','Mixue ( z3dEFWbCFQ ) ',38971,83882,35,'2023-01-09 10:17:21','2023-01-09 10:17:23',NULL),(257,6,12,'cat-f6Dr1Xzqqr','UniQlo ( KNdT5vRoGq ) ','Casing Hp ( eop6WFJeHJ ) ',694987,725171,86,'2023-01-09 10:17:21','2023-01-09 10:17:22',NULL),(258,24,10,'cat-E62Llrcs87','UniQlo ( FB3uDFJJKi ) ','Mixue ( v30BGpaMoY ) ',302949,322145,43,'2023-01-09 10:17:21','2023-01-09 10:17:23',NULL),(259,48,11,'cat-nQKUPlAuzo','UniQlo ( 6ZzC5Zs86d ) ','UniQlo ( ebGeaZcg06 ) ',273520,312616,3,'2023-01-09 10:17:21','2023-01-09 10:17:23',NULL),(260,97,8,'cat-dGTqrmPXIx','Sampoerna ( EbMzRKdRZY ) ','UniQlo ( 9VnC3mWtbg ) ',795245,869645,32,'2023-01-09 10:17:21','2023-01-09 10:17:22',NULL),(261,67,4,'cat-NE6zRghDIg','Jam Dinding ( wt4usAAJSR ) ','KFC ( QqZ374rrux ) ',50513,89691,24,'2023-01-09 10:17:21','2023-01-09 10:17:23',NULL),(262,70,10,'cat-WaL8GqVGCd','KFC ( gULsTmxBxo ) ','Lays ( LDqM0kDYPF ) ',977962,1003305,1,'2023-01-09 10:17:21','2023-01-09 10:17:21',NULL),(263,3,17,'cat-s9PRoLkgAi','UniQlo ( bZrJtb0Ko4 ) ','Casing Hp ( OMRFXYLhrF ) ',448398,476560,61,'2023-01-09 10:17:21','2023-01-09 10:17:23',NULL),(264,86,18,'cat-qzcvAPslyk','Casing Hp ( oV0nt4bSdE ) ','Levis ( piBQKFWGJo ) ',261442,272569,60,'2023-01-09 10:17:21','2023-01-09 10:17:22',NULL),(265,58,7,'cat-FdrqMAbMyW','Mixue ( izqa939TiK ) ','Sampoerna ( xKD9QI5C2n ) ',284457,311018,5,'2023-01-09 10:17:21','2023-01-09 10:17:23',NULL),(266,76,14,'cat-bHPnNjz5ZW','Lays ( l3icjOmRmi ) ','KFC ( 5Go722OfQO ) ',770078,786876,25,'2023-01-09 10:17:21','2023-01-09 10:17:22',NULL),(267,60,3,'cat-3MGmLJiZi9','KFC ( 9AuZmB3lPt ) ','UniQlo ( 0NTLeTmrrd ) ',890419,956718,19,'2023-01-09 10:17:21','2023-01-09 10:17:23',NULL),(268,99,20,'cat-ZzZeEMHRqr','Wings ( 4I1gMXJ142 ) ','KFC ( y2H73rvPRc ) ',731420,739462,33,'2023-01-09 10:17:21','2023-01-09 10:17:23',NULL),(269,43,6,'cat-MYUSdmbJbg','Casing Hp ( LiLM54Kc9p ) ','Jam Dinding ( X6ysXWYmX5 ) ',440856,500129,8,'2023-01-09 10:17:21','2023-01-09 10:17:23',NULL),(270,13,7,'cat-X6xANmx5VH','Mixue ( Lpjk4TLC1K ) ','Jam Dinding ( avOh7XDdxH ) ',938772,977683,41,'2023-01-09 10:17:21','2023-01-09 10:17:23',NULL),(271,19,14,'cat-2bfUi1qC0A','UniQlo ( 4fk6lH4oyY ) ','Pensil ( ap5M2mSLCG ) ',346360,367310,23,'2023-01-09 10:17:21','2023-01-09 10:17:23',NULL),(272,12,22,'cat-zWTzICvvkr','Sampoerna ( hWTJyLO5g1 ) ','Mixue ( j8jHsqpMOR ) ',460610,481951,18,'2023-01-09 10:17:21','2023-01-09 10:17:23',NULL),(273,98,12,'cat-8pCNubXtwy','Pensil ( qmVa9XrfNR ) ','Levis ( u1Op8so9Mb ) ',428574,496304,30,'2023-01-09 10:17:21','2023-01-09 10:17:23',NULL),(274,32,20,'cat-aL9G96sAVR','Mixue ( 2izmH4YpuW ) ','KFC ( R1URJ4HgC9 ) ',913367,975070,2,'2023-01-09 10:17:21','2023-01-09 10:17:21',NULL),(275,91,27,'cat-Ahm3zzy76V','Casing Hp ( Sn5ddxd4kX ) ','Pensil ( bchRrbfMFW ) ',791615,855396,19,'2023-01-09 10:17:21','2023-01-09 10:17:23',NULL),(276,56,9,'cat-FMqkTISvpv','Wings ( YQUmvwO9xU ) ','Pensil ( S9XRVhfnsm ) ',547291,586720,42,'2023-01-09 10:17:21','2023-01-09 10:17:22',NULL),(277,64,7,'cat-TJOCgLjhRS','KFC ( TplrhVTgj7 ) ','Lays ( 5Oafpv8IQk ) ',722878,802476,84,'2023-01-09 10:17:21','2023-01-09 10:17:22',NULL),(278,55,26,'cat-7lrSYQJqLU','Pensil ( XF4nOD3w2j ) ','KFC ( t083ZJQqPn ) ',145958,166153,0,'2023-01-09 10:17:21','2023-01-09 10:17:23',NULL),(279,41,27,'cat-1S6iKCkhMl','Lays ( BL2XccsWhz ) ','KFC ( 8qQNHreETr ) ',841663,921246,31,'2023-01-09 10:17:21','2023-01-09 10:17:23',NULL),(280,49,12,'cat-eQiHbbLHAf','Jam Dinding ( C1obtMal0F ) ','Levis ( ph9T6Rj5w6 ) ',638113,688073,11,'2023-01-09 10:17:21','2023-01-09 10:17:23',NULL),(281,33,8,'cat-dWcxxB7OBk','Wings ( yy71KNnhZU ) ','Jam Dinding ( grphNisBTx ) ',283058,297795,16,'2023-01-09 10:17:21','2023-01-09 10:17:23',NULL),(282,80,28,'cat-XdV1bOB0mD','Lays ( cVriRbnb8S ) ','KFC ( zMROit9UNr ) ',631220,729456,5,'2023-01-09 10:17:21','2023-01-09 10:17:23',NULL),(283,78,14,'cat-0lWszDcUZG','Wings ( wQLEN7mAZO ) ','UniQlo ( uwaXfB0wk8 ) ',66090,127253,46,'2023-01-09 10:17:21','2023-01-09 10:17:23',NULL),(284,5,25,'cat-ddkZqhGQrx','Casing Hp ( jDZv5tuTYN ) ','Wings ( 2Ojah7MKE7 ) ',343738,427786,55,'2023-01-09 10:17:21','2023-01-09 10:17:23',NULL),(285,11,2,'cat-x52sZICamq','KFC ( HfXQMC3VXS ) ','Casing Hp ( VK5vYm9Uwc ) ',337415,387994,69,'2023-01-09 10:17:21','2023-01-09 10:17:23',NULL),(286,48,8,'cat-JzCZ24LcgD','Lays ( dGVx1ELkSh ) ','Sampoerna ( nn4EW6O6MY ) ',969452,1061904,3,'2023-01-09 10:17:21','2023-01-09 10:17:22',NULL),(287,42,13,'cat-vfBq68cadG','Mixue ( EdiDHVrfAR ) ','Pensil ( jhnDcmwMSw ) ',703240,782342,27,'2023-01-09 10:17:21','2023-01-09 10:17:23',NULL),(288,1,15,'cat-KA696RWAAp','Jam Dinding ( cqNTu1wSUT ) ','Mixue ( WJldiiqfAm ) ',721768,793279,67,'2023-01-09 10:17:21','2023-01-09 10:17:23',NULL),(289,89,8,'cat-KNg1jdL9DT','Sampoerna ( HcqoaJLZ4c ) ','Wings ( iOMF3xpUsK ) ',600077,691385,10,'2023-01-09 10:17:21','2023-01-09 10:17:23',NULL),(290,31,18,'cat-2DXDF86pYH','Jam Dinding ( 6oR30SqXDq ) ','Mixue ( FYImOs0vAv ) ',352776,365026,0,'2023-01-09 10:17:21','2023-01-09 10:17:22',NULL),(291,86,6,'cat-dCzRVzheBf','UniQlo ( eKYvit79RZ ) ','Pensil ( mzVNt1TsSN ) ',23017,70281,75,'2023-01-09 10:17:21','2023-01-09 10:17:23',NULL),(292,13,24,'cat-TQX80SE7EJ','Sampoerna ( 13w7UhR9mm ) ','Pensil ( UvTAO7ZH4b ) ',780009,874147,62,'2023-01-09 10:17:21','2023-01-09 10:17:23',NULL),(293,24,5,'cat-a506nJ2znH','Jam Dinding ( Ddrg2Vh7iI ) ','UniQlo ( EhRFF5jFbA ) ',921952,950426,3,'2023-01-09 10:17:21','2023-01-09 10:17:22',NULL),(294,84,7,'cat-NmodNEZmZf','UniQlo ( gAyUD5ohIz ) ','Pensil ( As3cURLROe ) ',377794,469725,61,'2023-01-09 10:17:21','2023-01-09 10:17:23',NULL),(295,67,3,'cat-bPckhk5FNy','Lays ( 1ATYl9G3Cq ) ','KFC ( OfNBxYV16K ) ',342755,359437,61,'2023-01-09 10:17:21','2023-01-09 10:17:21',NULL),(296,35,20,'cat-FzAmHgK2Vk','Wings ( e6YlkU2ruN ) ','Casing Hp ( O7Devp8XTA ) ',20155,105999,1,'2023-01-09 10:17:21','2023-01-09 10:17:21',NULL),(297,3,6,'cat-byHsm6iFUO','KFC ( LUkYijLONR ) ','Casing Hp ( mLN4hOJskY ) ',951597,996862,10,'2023-01-09 10:17:21','2023-01-09 10:17:23',NULL),(298,5,4,'cat-AJ4m2QB82k','Wings ( 6W07Mppdm0 ) ','Casing Hp ( MwLLGUon1e ) ',499848,534599,71,'2023-01-09 10:17:21','2023-01-09 10:17:23',NULL),(299,47,25,'cat-xj1SjxmFjB','Mixue ( HrA2r3k1JR ) ','Lays ( W5k9YJcs0l ) ',319135,353407,34,'2023-01-09 10:17:21','2023-01-09 10:17:23',NULL),(300,75,18,'cat-DxlKQmMPYW','KFC ( bSh2ERgurA ) ','Wings ( ugOIE89DYC ) ',88262,145649,8,'2023-01-09 10:17:21','2023-01-09 10:17:23',NULL),(301,1,1,'cat-000001','Richeese','/private/var/folders/f1/5s72zv_x49gdwrt1_s1ww8g80000gn/T/phpOqJ7c1',12000,15000,80,'2023-01-09 20:47:51','2023-01-09 20:47:51',NULL),(302,1,1,'cat-000002','Richeese 2','20230110045943OY2D8PTH6V9ZI4M5LRQW7AC3GU0EXFNJS1KB.jpeg',12000,15000,80,'2023-01-09 20:59:43','2023-01-09 20:59:43',NULL),(303,1,1,'cat-000003','Richeese 3','20230110051337RKMDF195SAOEX0Z6HTYVB47WULGJQN8PIC23.jpeg',10000,12000,60,'2023-01-09 21:13:37','2023-01-09 21:13:37',NULL),(304,1,1,'cat-000004','Richeese 4','202301100514450XN2I1VP8O9FTGUMAERJQWYCDB5K647LZHS3.jpeg',10000,12000,60,'2023-01-09 21:14:45','2023-01-09 21:14:45',NULL),(305,1,1,'cat-000005','Richeese 5','20230110051511W1RLGQZOMEX5BDISH20P7AK6YJ3498CVFTUN.jpeg',10000,12000,60,'2023-01-09 21:15:11','2023-01-09 21:15:11',NULL);
/*!40000 ALTER TABLE `barangs` ENABLE KEYS */;
UNLOCK TABLES;

--
-- Table structure for table `failed_jobs`
--

DROP TABLE IF EXISTS `failed_jobs`;
/*!40101 SET @saved_cs_client     = @@character_set_client */;
/*!50503 SET character_set_client = utf8mb4 */;
CREATE TABLE `failed_jobs` (
  `id` bigint unsigned NOT NULL AUTO_INCREMENT,
  `uuid` varchar(255) COLLATE utf8mb4_unicode_ci NOT NULL,
  `connection` text COLLATE utf8mb4_unicode_ci NOT NULL,
  `queue` text COLLATE utf8mb4_unicode_ci NOT NULL,
  `payload` longtext COLLATE utf8mb4_unicode_ci NOT NULL,
  `exception` longtext COLLATE utf8mb4_unicode_ci NOT NULL,
  `failed_at` timestamp NOT NULL DEFAULT CURRENT_TIMESTAMP,
  PRIMARY KEY (`id`),
  UNIQUE KEY `failed_jobs_uuid_unique` (`uuid`)
) ENGINE=InnoDB DEFAULT CHARSET=utf8mb4 COLLATE=utf8mb4_unicode_ci;
/*!40101 SET character_set_client = @saved_cs_client */;

--
-- Dumping data for table `failed_jobs`
--

LOCK TABLES `failed_jobs` WRITE;
/*!40000 ALTER TABLE `failed_jobs` DISABLE KEYS */;
/*!40000 ALTER TABLE `failed_jobs` ENABLE KEYS */;
UNLOCK TABLES;

--
-- Table structure for table `kategoris`
--

DROP TABLE IF EXISTS `kategoris`;
/*!40101 SET @saved_cs_client     = @@character_set_client */;
/*!50503 SET character_set_client = utf8mb4 */;
CREATE TABLE `kategoris` (
  `id` bigint unsigned NOT NULL AUTO_INCREMENT,
  `user_id` bigint unsigned NOT NULL,
  `nama_kategori` varchar(255) COLLATE utf8mb4_unicode_ci NOT NULL,
  `created_at` timestamp NULL DEFAULT NULL,
  `updated_at` timestamp NULL DEFAULT NULL,
  `deleted_at` timestamp NULL DEFAULT NULL,
  PRIMARY KEY (`id`),
  UNIQUE KEY `kategoris_nama_kategori_unique` (`nama_kategori`),
  KEY `kategoris_user_id_foreign` (`user_id`),
  CONSTRAINT `kategoris_user_id_foreign` FOREIGN KEY (`user_id`) REFERENCES `users` (`id`) ON DELETE RESTRICT ON UPDATE CASCADE
) ENGINE=InnoDB AUTO_INCREMENT=33 DEFAULT CHARSET=utf8mb4 COLLATE=utf8mb4_unicode_ci;
/*!40101 SET character_set_client = @saved_cs_client */;

--
-- Dumping data for table `kategoris`
--

LOCK TABLES `kategoris` WRITE;
/*!40000 ALTER TABLE `kategoris` DISABLE KEYS */;
INSERT INTO `kategoris` VALUES (1,1,'tes','2023-01-09 10:15:18','2023-01-09 22:56:43','2023-01-09 21:41:10'),(2,71,'Celana ( Uz9tpJxd4i ) ','2023-01-09 10:15:18','2023-01-09 10:15:18',NULL),(3,1,'Makanan Ringan Updates','2023-01-09 10:15:18','2023-01-10 07:27:19','2023-01-10 07:27:19'),(4,79,'Alat-Tulis ( p6vYDfmHEC ) ','2023-01-09 10:15:18','2023-01-09 10:15:18',NULL),(5,45,'Detergen ( XIWvKrQiJi ) ','2023-01-09 10:15:18','2023-01-09 10:15:18',NULL),(6,54,'Baju ( 01EqBxQpBQ ) ','2023-01-09 10:15:18','2023-01-09 10:15:18',NULL),(7,8,'Makanan ( Nqtq0WTyEr ) ','2023-01-09 10:15:18','2023-01-09 10:15:18',NULL),(8,23,'Detergen ( 53UMbrIZYU ) ','2023-01-09 10:15:18','2023-01-09 10:15:18',NULL),(9,26,'Baju ( bgyk3WUJRE ) ','2023-01-09 10:15:18','2023-01-09 10:15:18',NULL),(10,57,'Makanan ( WC22dHzA4X ) ','2023-01-09 10:15:18','2023-01-09 10:15:18',NULL),(11,47,'Snack ( PXJ408Xz32 ) ','2023-01-09 10:16:58','2023-01-09 10:16:58',NULL),(12,82,'Aksesoris ( gQhMB6QTm9 ) ','2023-01-09 10:16:58','2023-01-09 10:16:58',NULL),(13,43,'Rokok ( Eru01DklUe ) ','2023-01-09 10:16:58','2023-01-09 10:16:58',NULL),(14,81,'Aksesoris ( FIQwS0A671 ) ','2023-01-09 10:16:58','2023-01-09 10:16:58',NULL),(15,73,'Jam ( 8bxALa9hZF ) ','2023-01-09 10:16:58','2023-01-09 10:16:58',NULL),(16,16,'Celana ( PanbZo1o9t ) ','2023-01-09 10:16:58','2023-01-09 10:16:58',NULL),(17,27,'Minuman ( NqX3xVdbBG ) ','2023-01-09 10:16:58','2023-01-09 10:16:58',NULL),(18,75,'Jam ( YcQgK4XdUI ) ','2023-01-09 10:16:58','2023-01-09 10:16:58',NULL),(19,9,'Baju ( wpQHEy8G6Z ) ','2023-01-09 10:16:58','2023-01-09 10:16:58',NULL),(20,75,'Jam ( LAv7GM7JJi ) ','2023-01-09 10:16:58','2023-01-09 10:16:58',NULL),(21,94,'Makanan ( CH0Loff2Xl ) ','2023-01-09 10:17:21','2023-01-09 10:17:21',NULL),(22,10,'Baju ( I0QmokTCkG ) ','2023-01-09 10:17:21','2023-01-09 10:17:21',NULL),(23,82,'Aksesoris ( AV8Dk137Il ) ','2023-01-09 10:17:21','2023-01-09 10:17:21',NULL),(24,7,'Minuman ( afcFNsjcHD ) ','2023-01-09 10:17:21','2023-01-09 10:17:21',NULL),(25,79,'Baju ( r22i78QK8v ) ','2023-01-09 10:17:21','2023-01-09 10:17:21',NULL),(26,63,'Celana ( 4pDY321mAA ) ','2023-01-09 10:17:21','2023-01-09 10:17:21',NULL),(27,3,'Alat-Tulis ( OTJ7tmjNkV ) ','2023-01-09 10:17:21','2023-01-09 10:17:21',NULL),(28,94,'Celana ( pUY820NPUn ) ','2023-01-09 10:17:21','2023-01-09 10:17:21',NULL),(29,54,'Snack ( LCAhF3sWQq ) ','2023-01-09 10:17:21','2023-01-09 10:17:21',NULL),(30,47,'Minuman ( L45hYne41g ) ','2023-01-09 10:17:21','2023-01-09 10:17:21',NULL),(31,1,'Makanan Ringan','2023-01-09 21:32:35','2023-01-09 21:32:35',NULL),(32,1,'Makanan Ringan v','2023-01-09 22:51:49','2023-01-09 22:51:49',NULL);
/*!40000 ALTER TABLE `kategoris` ENABLE KEYS */;
UNLOCK TABLES;

--
-- Table structure for table `migrations`
--

DROP TABLE IF EXISTS `migrations`;
/*!40101 SET @saved_cs_client     = @@character_set_client */;
/*!50503 SET character_set_client = utf8mb4 */;
CREATE TABLE `migrations` (
  `id` int unsigned NOT NULL AUTO_INCREMENT,
  `migration` varchar(255) COLLATE utf8mb4_unicode_ci NOT NULL,
  `batch` int NOT NULL,
  PRIMARY KEY (`id`)
) ENGINE=InnoDB AUTO_INCREMENT=35 DEFAULT CHARSET=utf8mb4 COLLATE=utf8mb4_unicode_ci;
/*!40101 SET character_set_client = @saved_cs_client */;

--
-- Dumping data for table `migrations`
--

LOCK TABLES `migrations` WRITE;
/*!40000 ALTER TABLE `migrations` DISABLE KEYS */;
INSERT INTO `migrations` VALUES (1,'2014_10_12_000000_create_users_table',1),(2,'2014_10_12_100000_create_password_resets_table',1),(3,'2016_06_01_000001_create_oauth_auth_codes_table',1),(4,'2016_06_01_000002_create_oauth_access_tokens_table',1),(5,'2016_06_01_000003_create_oauth_refresh_tokens_table',1),(6,'2016_06_01_000004_create_oauth_clients_table',1),(7,'2016_06_01_000005_create_oauth_personal_access_clients_table',1),(8,'2019_08_19_000000_create_failed_jobs_table',1),(11,'2023_01_09_152302_create_suppliers_table',2),(29,'2023_01_09_145059_create_kategoris_table',3),(30,'2023_01_09_145441_create_barangs_table',3),(31,'2023_01_09_152605_create_pembelians_table',3),(32,'2023_01_09_155914_create_pembelian__details_table',3),(33,'2023_01_09_160249_create_penjualans_table',3),(34,'2023_01_09_160602_create_penjualan__details_table',3);
/*!40000 ALTER TABLE `migrations` ENABLE KEYS */;
UNLOCK TABLES;

--
-- Table structure for table `oauth_access_tokens`
--

DROP TABLE IF EXISTS `oauth_access_tokens`;
/*!40101 SET @saved_cs_client     = @@character_set_client */;
/*!50503 SET character_set_client = utf8mb4 */;
CREATE TABLE `oauth_access_tokens` (
  `id` varchar(100) COLLATE utf8mb4_unicode_ci NOT NULL,
  `user_id` bigint unsigned DEFAULT NULL,
  `client_id` bigint unsigned NOT NULL,
  `name` varchar(255) COLLATE utf8mb4_unicode_ci DEFAULT NULL,
  `scopes` text COLLATE utf8mb4_unicode_ci,
  `revoked` tinyint(1) NOT NULL,
  `created_at` timestamp NULL DEFAULT NULL,
  `updated_at` timestamp NULL DEFAULT NULL,
  `expires_at` datetime DEFAULT NULL,
  PRIMARY KEY (`id`),
  KEY `oauth_access_tokens_user_id_index` (`user_id`)
) ENGINE=InnoDB DEFAULT CHARSET=utf8mb4 COLLATE=utf8mb4_unicode_ci;
/*!40101 SET character_set_client = @saved_cs_client */;

--
-- Dumping data for table `oauth_access_tokens`
--

LOCK TABLES `oauth_access_tokens` WRITE;
/*!40000 ALTER TABLE `oauth_access_tokens` DISABLE KEYS */;
INSERT INTO `oauth_access_tokens` VALUES ('1cf55506608bbeea5d922f71f06a2d6830f70bb0266a625c53c0589d13c6f0bfdc269d2f71498f3e',6,1,'nApp','[]',0,'2023-01-09 19:13:16','2023-01-09 19:13:16','2024-01-10 03:13:16'),('33b5c34b97d32cf3c60961ddc92e2ea09f697d2adabf9fc19b481b0e135753c1b51c6efc5bd4fd2a',6,1,'nApp','[]',0,'2023-01-09 19:22:54','2023-01-09 19:22:54','2024-01-10 03:22:54'),('3e95d1af13f9c6951870e92a53a906e54c3aed85cd99a00a6f416a128c344aff69c2dfd0c54ce33a',6,1,'nApp','[]',0,'2023-01-09 19:20:39','2023-01-09 19:20:39','2024-01-10 03:20:39'),('79d7c643564e34c3340d2107730029a8844c096ffce236670bd08f6c09808242a83ea116dc875fd6',1,1,'nApp','[]',0,'2023-01-09 20:05:58','2023-01-09 20:05:58','2024-01-10 04:05:58'),('8cd12ea00cf612eb967c5adcd32619aedb40a94de3a0a924a9645aeba92e32c83d5ed2ae3cf55be7',1,1,'nApp','[]',0,'2023-01-09 22:36:20','2023-01-09 22:36:20','2024-01-10 06:36:20'),('9537c75d2ceb1a3d8eb7511124fe2f6cecc862facfd5896d3cb3b3e702c650df58e6b35390a88df7',6,1,'nApp','[]',0,'2023-01-09 19:12:50','2023-01-09 19:12:50','2024-01-10 03:12:50'),('cafc333a85ff79a7f05e7fba1bf12ed9ec418585c014953d5c83d9fedced1e9dc212e26e012e257b',6,1,'nApp','[]',0,'2023-01-09 19:16:43','2023-01-09 19:16:43','2024-01-10 03:16:43');
/*!40000 ALTER TABLE `oauth_access_tokens` ENABLE KEYS */;
UNLOCK TABLES;

--
-- Table structure for table `oauth_auth_codes`
--

DROP TABLE IF EXISTS `oauth_auth_codes`;
/*!40101 SET @saved_cs_client     = @@character_set_client */;
/*!50503 SET character_set_client = utf8mb4 */;
CREATE TABLE `oauth_auth_codes` (
  `id` varchar(100) COLLATE utf8mb4_unicode_ci NOT NULL,
  `user_id` bigint unsigned NOT NULL,
  `client_id` bigint unsigned NOT NULL,
  `scopes` text COLLATE utf8mb4_unicode_ci,
  `revoked` tinyint(1) NOT NULL,
  `expires_at` datetime DEFAULT NULL,
  PRIMARY KEY (`id`),
  KEY `oauth_auth_codes_user_id_index` (`user_id`)
) ENGINE=InnoDB DEFAULT CHARSET=utf8mb4 COLLATE=utf8mb4_unicode_ci;
/*!40101 SET character_set_client = @saved_cs_client */;

--
-- Dumping data for table `oauth_auth_codes`
--

LOCK TABLES `oauth_auth_codes` WRITE;
/*!40000 ALTER TABLE `oauth_auth_codes` DISABLE KEYS */;
/*!40000 ALTER TABLE `oauth_auth_codes` ENABLE KEYS */;
UNLOCK TABLES;

--
-- Table structure for table `oauth_clients`
--

DROP TABLE IF EXISTS `oauth_clients`;
/*!40101 SET @saved_cs_client     = @@character_set_client */;
/*!50503 SET character_set_client = utf8mb4 */;
CREATE TABLE `oauth_clients` (
  `id` bigint unsigned NOT NULL AUTO_INCREMENT,
  `user_id` bigint unsigned DEFAULT NULL,
  `name` varchar(255) COLLATE utf8mb4_unicode_ci NOT NULL,
  `secret` varchar(100) COLLATE utf8mb4_unicode_ci DEFAULT NULL,
  `provider` varchar(255) COLLATE utf8mb4_unicode_ci DEFAULT NULL,
  `redirect` text COLLATE utf8mb4_unicode_ci NOT NULL,
  `personal_access_client` tinyint(1) NOT NULL,
  `password_client` tinyint(1) NOT NULL,
  `revoked` tinyint(1) NOT NULL,
  `created_at` timestamp NULL DEFAULT NULL,
  `updated_at` timestamp NULL DEFAULT NULL,
  PRIMARY KEY (`id`),
  KEY `oauth_clients_user_id_index` (`user_id`)
) ENGINE=InnoDB AUTO_INCREMENT=3 DEFAULT CHARSET=utf8mb4 COLLATE=utf8mb4_unicode_ci;
/*!40101 SET character_set_client = @saved_cs_client */;

--
-- Dumping data for table `oauth_clients`
--

LOCK TABLES `oauth_clients` WRITE;
/*!40000 ALTER TABLE `oauth_clients` DISABLE KEYS */;
INSERT INTO `oauth_clients` VALUES (1,NULL,'Laravel Personal Access Client','hDobEDgY7OJqmjgaVuLcfhVEa9lwtHv2lTGjIWCU',NULL,'http://localhost',1,0,0,'2023-01-09 05:09:32','2023-01-09 05:09:32'),(2,NULL,'Laravel Password Grant Client','vxveXddfuvwidcXDXrGCM6u8tobh3nEWNGECZ2t7','users','http://localhost',0,1,0,'2023-01-09 05:09:32','2023-01-09 05:09:32');
/*!40000 ALTER TABLE `oauth_clients` ENABLE KEYS */;
UNLOCK TABLES;

--
-- Table structure for table `oauth_personal_access_clients`
--

DROP TABLE IF EXISTS `oauth_personal_access_clients`;
/*!40101 SET @saved_cs_client     = @@character_set_client */;
/*!50503 SET character_set_client = utf8mb4 */;
CREATE TABLE `oauth_personal_access_clients` (
  `id` bigint unsigned NOT NULL AUTO_INCREMENT,
  `client_id` bigint unsigned NOT NULL,
  `created_at` timestamp NULL DEFAULT NULL,
  `updated_at` timestamp NULL DEFAULT NULL,
  PRIMARY KEY (`id`)
) ENGINE=InnoDB AUTO_INCREMENT=2 DEFAULT CHARSET=utf8mb4 COLLATE=utf8mb4_unicode_ci;
/*!40101 SET character_set_client = @saved_cs_client */;

--
-- Dumping data for table `oauth_personal_access_clients`
--

LOCK TABLES `oauth_personal_access_clients` WRITE;
/*!40000 ALTER TABLE `oauth_personal_access_clients` DISABLE KEYS */;
INSERT INTO `oauth_personal_access_clients` VALUES (1,1,'2023-01-09 05:09:32','2023-01-09 05:09:32');
/*!40000 ALTER TABLE `oauth_personal_access_clients` ENABLE KEYS */;
UNLOCK TABLES;

--
-- Table structure for table `oauth_refresh_tokens`
--

DROP TABLE IF EXISTS `oauth_refresh_tokens`;
/*!40101 SET @saved_cs_client     = @@character_set_client */;
/*!50503 SET character_set_client = utf8mb4 */;
CREATE TABLE `oauth_refresh_tokens` (
  `id` varchar(100) COLLATE utf8mb4_unicode_ci NOT NULL,
  `access_token_id` varchar(100) COLLATE utf8mb4_unicode_ci NOT NULL,
  `revoked` tinyint(1) NOT NULL,
  `expires_at` datetime DEFAULT NULL,
  PRIMARY KEY (`id`),
  KEY `oauth_refresh_tokens_access_token_id_index` (`access_token_id`)
) ENGINE=InnoDB DEFAULT CHARSET=utf8mb4 COLLATE=utf8mb4_unicode_ci;
/*!40101 SET character_set_client = @saved_cs_client */;

--
-- Dumping data for table `oauth_refresh_tokens`
--

LOCK TABLES `oauth_refresh_tokens` WRITE;
/*!40000 ALTER TABLE `oauth_refresh_tokens` DISABLE KEYS */;
/*!40000 ALTER TABLE `oauth_refresh_tokens` ENABLE KEYS */;
UNLOCK TABLES;

--
-- Table structure for table `password_resets`
--

DROP TABLE IF EXISTS `password_resets`;
/*!40101 SET @saved_cs_client     = @@character_set_client */;
/*!50503 SET character_set_client = utf8mb4 */;
CREATE TABLE `password_resets` (
  `email` varchar(255) COLLATE utf8mb4_unicode_ci NOT NULL,
  `token` varchar(255) COLLATE utf8mb4_unicode_ci NOT NULL,
  `created_at` timestamp NULL DEFAULT NULL,
  KEY `password_resets_email_index` (`email`)
) ENGINE=InnoDB DEFAULT CHARSET=utf8mb4 COLLATE=utf8mb4_unicode_ci;
/*!40101 SET character_set_client = @saved_cs_client */;

--
-- Dumping data for table `password_resets`
--

LOCK TABLES `password_resets` WRITE;
/*!40000 ALTER TABLE `password_resets` DISABLE KEYS */;
/*!40000 ALTER TABLE `password_resets` ENABLE KEYS */;
UNLOCK TABLES;

--
-- Table structure for table `pembelian__details`
--

DROP TABLE IF EXISTS `pembelian__details`;
/*!40101 SET @saved_cs_client     = @@character_set_client */;
/*!50503 SET character_set_client = utf8mb4 */;
CREATE TABLE `pembelian__details` (
  `id` bigint unsigned NOT NULL AUTO_INCREMENT,
  `user_id` bigint unsigned NOT NULL,
  `id_barang` bigint unsigned NOT NULL,
  `id_pembelian` bigint unsigned NOT NULL,
  `nama_produk` varchar(255) COLLATE utf8mb4_unicode_ci NOT NULL,
  `harga_beli` int NOT NULL,
  `qty` int NOT NULL,
  `sub_total` int NOT NULL,
  `created_at` timestamp NULL DEFAULT NULL,
  `updated_at` timestamp NULL DEFAULT NULL,
  `deleted_at` timestamp NULL DEFAULT NULL,
  PRIMARY KEY (`id`),
  KEY `pembelian__details_user_id_foreign` (`user_id`),
  KEY `pembelian__details_id_barang_foreign` (`id_barang`),
  KEY `pembelian__details_id_pembelian_foreign` (`id_pembelian`),
  CONSTRAINT `pembelian__details_id_barang_foreign` FOREIGN KEY (`id_barang`) REFERENCES `barangs` (`id`) ON DELETE RESTRICT ON UPDATE CASCADE,
  CONSTRAINT `pembelian__details_id_pembelian_foreign` FOREIGN KEY (`id_pembelian`) REFERENCES `pembelians` (`id`) ON DELETE RESTRICT ON UPDATE CASCADE,
  CONSTRAINT `pembelian__details_user_id_foreign` FOREIGN KEY (`user_id`) REFERENCES `users` (`id`) ON DELETE RESTRICT ON UPDATE CASCADE
) ENGINE=InnoDB AUTO_INCREMENT=1277 DEFAULT CHARSET=utf8mb4 COLLATE=utf8mb4_unicode_ci;
/*!40101 SET character_set_client = @saved_cs_client */;

--
-- Dumping data for table `pembelian__details`
--

LOCK TABLES `pembelian__details` WRITE;
/*!40000 ALTER TABLE `pembelian__details` DISABLE KEYS */;
INSERT INTO `pembelian__details` VALUES (1,1,14,1,'Lays ( 846sMdeAST ) ',243161,5,1215805,'2023-01-09 10:15:19','2023-01-09 10:15:19',NULL),(2,1,63,1,'Sampoerna ( yim1UgQxQP ) ',778769,5,3893845,'2023-01-09 10:15:19','2023-01-09 10:15:19',NULL),(3,1,74,1,'Sampoerna ( 5fPtUWtRjE ) ',113716,5,568580,'2023-01-09 10:15:19','2023-01-09 10:15:19',NULL),(4,1,56,2,'Wings ( guoWmDXXSF ) ',520209,7,3641463,'2023-01-09 10:15:19','2023-01-09 10:15:19',NULL),(5,1,9,3,'Pensil ( LleklG460l ) ',187276,6,1123656,'2023-01-09 10:15:19','2023-01-09 10:15:19',NULL),(6,1,16,3,'Casing Hp ( eifgkdFKhY ) ',12358,6,74148,'2023-01-09 10:15:19','2023-01-09 10:15:19',NULL),(7,1,16,3,'Casing Hp ( eifgkdFKhY ) ',12358,4,49432,'2023-01-09 10:15:19','2023-01-09 10:15:19',NULL),(8,1,87,3,'Pensil ( OQUhLIdIe8 ) ',908153,5,4540765,'2023-01-09 10:15:19','2023-01-09 10:15:19',NULL),(9,1,31,3,'Jam Dinding ( vOJBeE8mD6 ) ',808100,3,2424300,'2023-01-09 10:15:19','2023-01-09 10:15:19',NULL),(10,1,79,3,'Levis ( MapEWyohAi ) ',499083,1,499083,'2023-01-09 10:15:19','2023-01-09 10:15:19',NULL),(11,1,77,3,'KFC ( K8A78nBSsc ) ',90927,6,545562,'2023-01-09 10:15:19','2023-01-09 10:15:19',NULL),(12,1,66,3,'Levis ( puZ513as4l ) ',810920,1,810920,'2023-01-09 10:15:19','2023-01-09 10:15:19',NULL),(13,1,41,4,'Sampoerna ( RuYOtmliSt ) ',505629,8,4045032,'2023-01-09 10:15:19','2023-01-09 10:15:19',NULL),(14,1,25,4,'Jam Dinding ( gNnTJJVRQf ) ',510600,2,1021200,'2023-01-09 10:15:19','2023-01-09 10:15:19',NULL),(15,1,74,4,'Sampoerna ( 5fPtUWtRjE ) ',113716,6,682296,'2023-01-09 10:15:19','2023-01-09 10:15:19',NULL),(16,1,44,4,'Pensil ( xj9Qtmf2Rx ) ',922174,7,6455218,'2023-01-09 10:15:19','2023-01-09 10:15:19',NULL),(17,1,88,4,'KFC ( Uo4rlxEqQz ) ',996842,3,2990526,'2023-01-09 10:15:19','2023-01-09 10:15:19',NULL),(18,1,26,6,'Lays ( btHtHLl5du ) ',763196,6,4579176,'2023-01-09 10:15:19','2023-01-09 10:15:19',NULL),(19,1,49,6,'Pensil ( Wt1xGhfX48 ) ',926275,4,3705100,'2023-01-09 10:15:19','2023-01-09 10:15:19',NULL),(20,1,96,7,'Wings ( NWnrxHC8RO ) ',373790,9,3364110,'2023-01-09 10:15:19','2023-01-09 10:15:19',NULL),(21,1,29,8,'KFC ( gK8GePWryC ) ',393533,2,787066,'2023-01-09 10:15:19','2023-01-09 10:15:19',NULL),(22,1,21,8,'UniQlo ( Xf5gFLykUf ) ',84287,8,674296,'2023-01-09 10:15:19','2023-01-09 10:15:19',NULL),(23,1,45,8,'Levis ( rZ9DOc3JLd ) ',603840,3,1811520,'2023-01-09 10:15:19','2023-01-09 10:15:19',NULL),(24,1,67,8,'Jam Dinding ( GKsL58Wn0c ) ',596096,9,5364864,'2023-01-09 10:15:19','2023-01-09 10:15:19',NULL),(25,1,47,8,'Levis ( O4WMivuvBq ) ',64755,10,647550,'2023-01-09 10:15:19','2023-01-09 10:15:19',NULL),(26,1,84,8,'Jam Dinding ( r4jEQsj3UM ) ',458266,10,4582660,'2023-01-09 10:15:19','2023-01-09 10:15:19',NULL),(27,1,19,8,'KFC ( 6VAOaeXyKq ) ',938790,2,1877580,'2023-01-09 10:15:19','2023-01-09 10:15:19',NULL),(28,1,68,8,'Wings ( 7CZyiBZCNg ) ',132267,6,793602,'2023-01-09 10:15:19','2023-01-09 10:15:19',NULL),(29,1,12,8,'Wings ( drw96Jkc3I ) ',868680,4,3474720,'2023-01-09 10:15:19','2023-01-09 10:15:19',NULL),(30,1,45,9,'Levis ( rZ9DOc3JLd ) ',603840,5,3019200,'2023-01-09 10:15:19','2023-01-09 10:15:19',NULL),(31,1,26,9,'Lays ( btHtHLl5du ) ',763196,6,4579176,'2023-01-09 10:15:19','2023-01-09 10:15:19',NULL),(32,1,64,9,'Mixue ( 2cubVqbNoI ) ',911481,4,3645924,'2023-01-09 10:15:19','2023-01-09 10:15:19',NULL),(33,1,88,10,'KFC ( Uo4rlxEqQz ) ',996842,9,8971578,'2023-01-09 10:15:19','2023-01-09 10:15:19',NULL),(34,1,79,10,'Levis ( MapEWyohAi ) ',499083,1,499083,'2023-01-09 10:15:19','2023-01-09 10:15:19',NULL),(35,1,95,10,'Casing Hp ( ZX6ixCgyj7 ) ',87698,3,263094,'2023-01-09 10:15:19','2023-01-09 10:15:19',NULL),(36,1,76,10,'UniQlo ( XfQ7VSmZws ) ',787246,6,4723476,'2023-01-09 10:15:19','2023-01-09 10:15:19',NULL),(37,1,80,10,'Casing Hp ( zSVZs2GgXm ) ',671236,5,3356180,'2023-01-09 10:15:19','2023-01-09 10:15:19',NULL),(38,1,24,10,'Sampoerna ( oGUYtU9fa3 ) ',443713,8,3549704,'2023-01-09 10:15:19','2023-01-09 10:15:19',NULL),(39,1,87,10,'Pensil ( OQUhLIdIe8 ) ',908153,8,7265224,'2023-01-09 10:15:19','2023-01-09 10:15:19',NULL),(40,1,56,10,'Wings ( guoWmDXXSF ) ',520209,2,1040418,'2023-01-09 10:15:19','2023-01-09 10:15:19',NULL),(41,1,96,10,'Wings ( NWnrxHC8RO ) ',373790,1,373790,'2023-01-09 10:15:19','2023-01-09 10:15:19',NULL),(42,1,30,11,'Pensil ( 4SfOkgvoGh ) ',59432,7,416024,'2023-01-09 10:15:19','2023-01-09 10:15:19',NULL),(43,1,61,11,'Wings ( u3WKyoJHHy ) ',251951,8,2015608,'2023-01-09 10:15:19','2023-01-09 10:15:19',NULL),(44,1,76,12,'UniQlo ( XfQ7VSmZws ) ',787246,4,3148984,'2023-01-09 10:15:19','2023-01-09 10:15:19',NULL),(45,1,50,12,'Wings ( d00IK2sWE4 ) ',481793,3,1445379,'2023-01-09 10:15:19','2023-01-09 10:15:19',NULL),(46,1,74,12,'Sampoerna ( 5fPtUWtRjE ) ',113716,1,113716,'2023-01-09 10:15:19','2023-01-09 10:15:19',NULL),(47,1,4,12,'Sampoerna ( tHoO5aGe3n ) ',807829,3,2423487,'2023-01-09 10:15:19','2023-01-09 10:15:19',NULL),(48,1,68,12,'Wings ( 7CZyiBZCNg ) ',132267,6,793602,'2023-01-09 10:15:19','2023-01-09 10:15:19',NULL),(49,1,96,12,'Wings ( NWnrxHC8RO ) ',373790,2,747580,'2023-01-09 10:15:19','2023-01-09 10:15:19',NULL),(50,1,15,12,'Jam Dinding ( 2suMuo2iDK ) ',602178,3,1806534,'2023-01-09 10:15:19','2023-01-09 10:15:19',NULL),(51,1,51,13,'Wings ( tTgvcQWwbf ) ',803789,8,6430312,'2023-01-09 10:15:19','2023-01-09 10:15:19',NULL),(52,1,13,13,'KFC ( wuWIQRn70x ) ',355538,6,2133228,'2023-01-09 10:15:19','2023-01-09 10:15:19',NULL),(53,1,99,13,'Wings ( 3wHss6Diuf ) ',127365,3,382095,'2023-01-09 10:15:19','2023-01-09 10:15:19',NULL),(54,1,39,13,'Lays ( sVJR5ghiOe ) ',995978,2,1991956,'2023-01-09 10:15:19','2023-01-09 10:15:19',NULL),(55,1,16,13,'Casing Hp ( eifgkdFKhY ) ',12358,6,74148,'2023-01-09 10:15:19','2023-01-09 10:15:19',NULL),(56,1,72,13,'Sampoerna ( ouj33xUbbi ) ',944264,8,7554112,'2023-01-09 10:15:19','2023-01-09 10:15:19',NULL),(57,1,31,13,'Jam Dinding ( vOJBeE8mD6 ) ',808100,5,4040500,'2023-01-09 10:15:19','2023-01-09 10:15:19',NULL),(58,1,28,13,'Casing Hp ( rjb2JIC4Lk ) ',514741,2,1029482,'2023-01-09 10:15:19','2023-01-09 10:15:19',NULL),(59,1,66,14,'Levis ( puZ513as4l ) ',810920,9,7298280,'2023-01-09 10:15:19','2023-01-09 10:15:19',NULL),(60,1,38,14,'Sampoerna ( dRinJG7rqy ) ',482017,3,1446051,'2023-01-09 10:15:19','2023-01-09 10:15:19',NULL),(61,1,19,15,'KFC ( 6VAOaeXyKq ) ',938790,1,938790,'2023-01-09 10:15:19','2023-01-09 10:15:19',NULL),(62,1,71,15,'UniQlo ( Aziwtjq8ee ) ',264626,3,793878,'2023-01-09 10:15:19','2023-01-09 10:15:19',NULL),(63,1,73,15,'Casing Hp ( cJ2UpgQGVx ) ',768515,7,5379605,'2023-01-09 10:15:19','2023-01-09 10:15:19',NULL),(64,1,68,15,'Wings ( 7CZyiBZCNg ) ',132267,10,1322670,'2023-01-09 10:15:19','2023-01-09 10:15:19',NULL),(65,1,7,15,'Casing Hp ( h2VdoIAvd9 ) ',26309,8,210472,'2023-01-09 10:15:19','2023-01-09 10:15:19',NULL),(66,1,7,15,'Casing Hp ( h2VdoIAvd9 ) ',26309,3,78927,'2023-01-09 10:15:19','2023-01-09 10:15:19',NULL),(67,1,90,16,'Levis ( JCB4zafTBS ) ',560103,8,4480824,'2023-01-09 10:15:19','2023-01-09 10:15:19',NULL),(68,1,32,16,'UniQlo ( xWlMK9DD3d ) ',229824,9,2068416,'2023-01-09 10:15:19','2023-01-09 10:15:19',NULL),(69,1,18,16,'UniQlo ( gNWDEQdwY5 ) ',349824,3,1049472,'2023-01-09 10:15:19','2023-01-09 10:15:19',NULL),(70,1,78,16,'Pensil ( m6SVm0nlIq ) ',800537,7,5603759,'2023-01-09 10:15:19','2023-01-09 10:15:19',NULL),(71,1,65,16,'Lays ( eOPa2pjwlL ) ',284112,6,1704672,'2023-01-09 10:15:19','2023-01-09 10:15:19',NULL),(72,1,67,17,'Jam Dinding ( GKsL58Wn0c ) ',596096,8,4768768,'2023-01-09 10:15:19','2023-01-09 10:15:19',NULL),(73,1,97,17,'Levis ( XO1yGuJBLf ) ',812407,10,8124070,'2023-01-09 10:15:19','2023-01-09 10:15:19',NULL),(74,1,99,17,'Wings ( 3wHss6Diuf ) ',127365,5,636825,'2023-01-09 10:15:19','2023-01-09 10:15:19',NULL),(75,1,12,17,'Wings ( drw96Jkc3I ) ',868680,5,4343400,'2023-01-09 10:15:19','2023-01-09 10:15:19',NULL),(76,1,34,17,'Mixue ( Iab5J1mtZp ) ',433008,8,3464064,'2023-01-09 10:15:19','2023-01-09 10:15:19',NULL),(77,1,87,17,'Pensil ( OQUhLIdIe8 ) ',908153,1,908153,'2023-01-09 10:15:19','2023-01-09 10:15:19',NULL),(78,1,21,17,'UniQlo ( Xf5gFLykUf ) ',84287,7,590009,'2023-01-09 10:15:19','2023-01-09 10:15:19',NULL),(79,1,13,18,'KFC ( wuWIQRn70x ) ',355538,1,355538,'2023-01-09 10:15:19','2023-01-09 10:15:19',NULL),(80,1,56,18,'Wings ( guoWmDXXSF ) ',520209,3,1560627,'2023-01-09 10:15:19','2023-01-09 10:15:19',NULL),(81,1,16,18,'Casing Hp ( eifgkdFKhY ) ',12358,6,74148,'2023-01-09 10:15:19','2023-01-09 10:15:19',NULL),(82,1,76,18,'UniQlo ( XfQ7VSmZws ) ',787246,1,787246,'2023-01-09 10:15:19','2023-01-09 10:15:19',NULL),(83,1,63,19,'Sampoerna ( yim1UgQxQP ) ',778769,2,1557538,'2023-01-09 10:15:19','2023-01-09 10:15:19',NULL),(84,1,40,19,'Levis ( kCWDFYYM6f ) ',994298,5,4971490,'2023-01-09 10:15:19','2023-01-09 10:15:19',NULL),(85,1,69,19,'Levis ( o7neDa5i9L ) ',312132,2,624264,'2023-01-09 10:15:19','2023-01-09 10:15:19',NULL),(86,1,56,19,'Wings ( guoWmDXXSF ) ',520209,4,2080836,'2023-01-09 10:15:19','2023-01-09 10:15:19',NULL),(87,1,67,19,'Jam Dinding ( GKsL58Wn0c ) ',596096,1,596096,'2023-01-09 10:15:19','2023-01-09 10:15:19',NULL),(88,1,86,20,'Wings ( e0Ldu5PDrW ) ',519740,2,1039480,'2023-01-09 10:15:19','2023-01-09 10:15:19',NULL),(89,1,36,20,'Mixue ( 5HEYczfnzF ) ',935462,2,1870924,'2023-01-09 10:15:19','2023-01-09 10:15:19',NULL),(90,1,11,20,'Pensil ( 9eWZbfZLED ) ',232262,3,696786,'2023-01-09 10:15:19','2023-01-09 10:15:19',NULL),(91,1,87,20,'Pensil ( OQUhLIdIe8 ) ',908153,5,4540765,'2023-01-09 10:15:19','2023-01-09 10:15:19',NULL),(92,1,98,20,'Pensil ( BL2lmslwMP ) ',127698,1,127698,'2023-01-09 10:15:19','2023-01-09 10:15:19',NULL),(93,1,98,21,'Pensil ( BL2lmslwMP ) ',127698,10,1276980,'2023-01-09 10:15:19','2023-01-09 10:15:19',NULL),(94,1,17,21,'Wings ( yyPmm9tBMF ) ',334151,3,1002453,'2023-01-09 10:15:19','2023-01-09 10:15:19',NULL),(95,1,2,21,'Lays ( eCsOpCY2Ww ) ',594047,6,3564282,'2023-01-09 10:15:19','2023-01-09 10:15:19',NULL),(96,1,95,21,'Casing Hp ( ZX6ixCgyj7 ) ',87698,1,87698,'2023-01-09 10:15:19','2023-01-09 10:15:19',NULL),(97,1,75,21,'UniQlo ( 6xYCPbDWC4 ) ',239552,5,1197760,'2023-01-09 10:15:19','2023-01-09 10:15:19',NULL),(98,1,40,21,'Levis ( kCWDFYYM6f ) ',994298,8,7954384,'2023-01-09 10:15:19','2023-01-09 10:15:19',NULL),(99,1,74,21,'Sampoerna ( 5fPtUWtRjE ) ',113716,3,341148,'2023-01-09 10:15:19','2023-01-09 10:15:19',NULL),(100,1,96,22,'Wings ( NWnrxHC8RO ) ',373790,6,2242740,'2023-01-09 10:15:19','2023-01-09 10:15:19',NULL),(101,1,92,22,'Pensil ( Zwex66xOq6 ) ',118118,7,826826,'2023-01-09 10:15:19','2023-01-09 10:15:19',NULL),(102,1,34,22,'Mixue ( Iab5J1mtZp ) ',433008,10,4330080,'2023-01-09 10:15:19','2023-01-09 10:15:19',NULL),(103,1,55,22,'Lays ( pWpyYR4VAj ) ',403249,1,403249,'2023-01-09 10:15:19','2023-01-09 10:15:19',NULL),(104,1,82,22,'KFC ( iPQfNywOpZ ) ',229376,3,688128,'2023-01-09 10:15:19','2023-01-09 10:15:19',NULL),(105,1,17,22,'Wings ( yyPmm9tBMF ) ',334151,8,2673208,'2023-01-09 10:15:19','2023-01-09 10:15:19',NULL),(106,1,7,22,'Casing Hp ( h2VdoIAvd9 ) ',26309,1,26309,'2023-01-09 10:15:19','2023-01-09 10:15:19',NULL),(107,1,28,22,'Casing Hp ( rjb2JIC4Lk ) ',514741,1,514741,'2023-01-09 10:15:19','2023-01-09 10:15:19',NULL),(108,1,66,22,'Levis ( puZ513as4l ) ',810920,10,8109200,'2023-01-09 10:15:19','2023-01-09 10:15:19',NULL),(109,1,89,23,'Pensil ( 1LzXppreeh ) ',883908,1,883908,'2023-01-09 10:15:19','2023-01-09 10:15:19',NULL),(110,1,29,23,'KFC ( gK8GePWryC ) ',393533,10,3935330,'2023-01-09 10:15:19','2023-01-09 10:15:19',NULL),(111,1,81,24,'Levis ( 60P0EF9yt4 ) ',721921,5,3609605,'2023-01-09 10:15:19','2023-01-09 10:15:19',NULL),(112,1,45,24,'Levis ( rZ9DOc3JLd ) ',603840,6,3623040,'2023-01-09 10:15:19','2023-01-09 10:15:19',NULL),(113,1,16,24,'Casing Hp ( eifgkdFKhY ) ',12358,9,111222,'2023-01-09 10:15:19','2023-01-09 10:15:19',NULL),(114,1,21,24,'UniQlo ( Xf5gFLykUf ) ',84287,7,590009,'2023-01-09 10:15:19','2023-01-09 10:15:19',NULL),(115,1,65,24,'Lays ( eOPa2pjwlL ) ',284112,6,1704672,'2023-01-09 10:15:19','2023-01-09 10:15:19',NULL),(116,1,94,25,'Jam Dinding ( q5MRdhlAZf ) ',997148,1,997148,'2023-01-09 10:15:19','2023-01-09 10:15:19',NULL),(117,1,71,25,'UniQlo ( Aziwtjq8ee ) ',264626,6,1587756,'2023-01-09 10:15:19','2023-01-09 10:15:19',NULL),(118,1,47,26,'Levis ( O4WMivuvBq ) ',64755,2,129510,'2023-01-09 10:15:19','2023-01-09 10:15:19',NULL),(119,1,20,26,'Wings ( yaRpm1w3Tx ) ',667451,4,2669804,'2023-01-09 10:15:19','2023-01-09 10:15:19',NULL),(120,1,18,27,'UniQlo ( gNWDEQdwY5 ) ',349824,7,2448768,'2023-01-09 10:15:19','2023-01-09 10:15:19',NULL),(121,1,3,27,'Wings ( XuqvL7xsAx ) ',649227,10,6492270,'2023-01-09 10:15:19','2023-01-09 10:15:19',NULL),(122,1,11,27,'Pensil ( 9eWZbfZLED ) ',232262,5,1161310,'2023-01-09 10:15:19','2023-01-09 10:15:19',NULL),(123,1,99,27,'Wings ( 3wHss6Diuf ) ',127365,6,764190,'2023-01-09 10:15:19','2023-01-09 10:15:19',NULL),(124,1,4,27,'Sampoerna ( tHoO5aGe3n ) ',807829,1,807829,'2023-01-09 10:15:19','2023-01-09 10:15:19',NULL),(125,1,59,27,'Lays ( QilEpJzKjd ) ',544250,6,3265500,'2023-01-09 10:15:19','2023-01-09 10:15:19',NULL),(126,1,59,28,'Lays ( QilEpJzKjd ) ',544250,2,1088500,'2023-01-09 10:15:19','2023-01-09 10:15:19',NULL),(127,1,74,28,'Sampoerna ( 5fPtUWtRjE ) ',113716,7,796012,'2023-01-09 10:15:19','2023-01-09 10:15:19',NULL),(128,1,97,28,'Levis ( XO1yGuJBLf ) ',812407,10,8124070,'2023-01-09 10:15:19','2023-01-09 10:15:19',NULL),(129,1,45,28,'Levis ( rZ9DOc3JLd ) ',603840,7,4226880,'2023-01-09 10:15:19','2023-01-09 10:15:19',NULL),(130,1,57,28,'Jam Dinding ( vL4vT7mmKc ) ',746562,7,5225934,'2023-01-09 10:15:19','2023-01-09 10:15:19',NULL),(131,1,36,28,'Mixue ( 5HEYczfnzF ) ',935462,8,7483696,'2023-01-09 10:15:19','2023-01-09 10:15:19',NULL),(132,1,40,29,'Levis ( kCWDFYYM6f ) ',994298,10,9942980,'2023-01-09 10:15:19','2023-01-09 10:15:19',NULL),(133,1,68,29,'Wings ( 7CZyiBZCNg ) ',132267,1,132267,'2023-01-09 10:15:19','2023-01-09 10:15:19',NULL),(134,1,54,30,'KFC ( pYD2CKxaL8 ) ',802346,9,7221114,'2023-01-09 10:15:19','2023-01-09 10:15:19',NULL),(135,1,12,30,'Wings ( drw96Jkc3I ) ',868680,2,1737360,'2023-01-09 10:15:19','2023-01-09 10:15:19',NULL),(136,1,46,30,'Casing Hp ( MHyUTyBvA1 ) ',196780,1,196780,'2023-01-09 10:15:19','2023-01-09 10:15:19',NULL),(137,1,40,30,'Levis ( kCWDFYYM6f ) ',994298,3,2982894,'2023-01-09 10:15:19','2023-01-09 10:15:19',NULL),(138,1,63,30,'Sampoerna ( yim1UgQxQP ) ',778769,8,6230152,'2023-01-09 10:15:19','2023-01-09 10:15:19',NULL),(139,1,7,30,'Casing Hp ( h2VdoIAvd9 ) ',26309,7,184163,'2023-01-09 10:15:19','2023-01-09 10:15:19',NULL),(140,1,73,30,'Casing Hp ( cJ2UpgQGVx ) ',768515,4,3074060,'2023-01-09 10:15:19','2023-01-09 10:15:19',NULL),(141,1,60,30,'Lays ( FQJwYY7bxe ) ',995258,6,5971548,'2023-01-09 10:15:19','2023-01-09 10:15:19',NULL),(142,1,8,30,'Jam Dinding ( W1R5uEWMM3 ) ',645070,4,2580280,'2023-01-09 10:15:19','2023-01-09 10:15:19',NULL),(143,1,94,31,'Jam Dinding ( q5MRdhlAZf ) ',997148,7,6980036,'2023-01-09 10:15:19','2023-01-09 10:15:19',NULL),(144,1,91,31,'UniQlo ( cLyjJ3UjHa ) ',158108,10,1581080,'2023-01-09 10:15:19','2023-01-09 10:15:19',NULL),(145,1,96,31,'Wings ( NWnrxHC8RO ) ',373790,4,1495160,'2023-01-09 10:15:19','2023-01-09 10:15:19',NULL),(146,1,80,32,'Casing Hp ( zSVZs2GgXm ) ',671236,8,5369888,'2023-01-09 10:15:19','2023-01-09 10:15:19',NULL),(147,1,7,32,'Casing Hp ( h2VdoIAvd9 ) ',26309,2,52618,'2023-01-09 10:15:19','2023-01-09 10:15:19',NULL),(148,1,93,32,'Wings ( msZsJp4I42 ) ',34343,10,343430,'2023-01-09 10:15:19','2023-01-09 10:15:19',NULL),(149,1,72,32,'Sampoerna ( ouj33xUbbi ) ',944264,5,4721320,'2023-01-09 10:15:19','2023-01-09 10:15:19',NULL),(150,1,81,32,'Levis ( 60P0EF9yt4 ) ',721921,3,2165763,'2023-01-09 10:15:19','2023-01-09 10:15:19',NULL),(151,1,28,32,'Casing Hp ( rjb2JIC4Lk ) ',514741,2,1029482,'2023-01-09 10:15:19','2023-01-09 10:15:19',NULL),(152,1,64,33,'Mixue ( 2cubVqbNoI ) ',911481,3,2734443,'2023-01-09 10:15:19','2023-01-09 10:15:19',NULL),(153,1,3,33,'Wings ( XuqvL7xsAx ) ',649227,9,5843043,'2023-01-09 10:15:19','2023-01-09 10:15:19',NULL),(154,1,47,33,'Levis ( O4WMivuvBq ) ',64755,5,323775,'2023-01-09 10:15:19','2023-01-09 10:15:19',NULL),(155,1,92,33,'Pensil ( Zwex66xOq6 ) ',118118,9,1063062,'2023-01-09 10:15:19','2023-01-09 10:15:19',NULL),(156,1,32,33,'UniQlo ( xWlMK9DD3d ) ',229824,6,1378944,'2023-01-09 10:15:19','2023-01-09 10:15:19',NULL),(157,1,74,33,'Sampoerna ( 5fPtUWtRjE ) ',113716,4,454864,'2023-01-09 10:15:19','2023-01-09 10:15:19',NULL),(158,1,57,33,'Jam Dinding ( vL4vT7mmKc ) ',746562,7,5225934,'2023-01-09 10:15:19','2023-01-09 10:15:19',NULL),(159,1,7,33,'Casing Hp ( h2VdoIAvd9 ) ',26309,2,52618,'2023-01-09 10:15:19','2023-01-09 10:15:19',NULL),(160,1,95,34,'Casing Hp ( ZX6ixCgyj7 ) ',87698,4,350792,'2023-01-09 10:15:19','2023-01-09 10:15:19',NULL),(161,1,65,34,'Lays ( eOPa2pjwlL ) ',284112,10,2841120,'2023-01-09 10:15:19','2023-01-09 10:15:19',NULL),(162,1,48,34,'Casing Hp ( 1JG6LhtAVz ) ',85620,3,256860,'2023-01-09 10:15:19','2023-01-09 10:15:19',NULL),(163,1,24,34,'Sampoerna ( oGUYtU9fa3 ) ',443713,1,443713,'2023-01-09 10:15:19','2023-01-09 10:15:19',NULL),(164,1,51,34,'Wings ( tTgvcQWwbf ) ',803789,8,6430312,'2023-01-09 10:15:19','2023-01-09 10:15:19',NULL),(165,1,59,34,'Lays ( QilEpJzKjd ) ',544250,7,3809750,'2023-01-09 10:15:19','2023-01-09 10:15:19',NULL),(166,1,65,34,'Lays ( eOPa2pjwlL ) ',284112,8,2272896,'2023-01-09 10:15:19','2023-01-09 10:15:19',NULL),(167,1,42,35,'KFC ( 79xzB0nOn2 ) ',676911,4,2707644,'2023-01-09 10:15:19','2023-01-09 10:15:19',NULL),(168,1,80,35,'Casing Hp ( zSVZs2GgXm ) ',671236,2,1342472,'2023-01-09 10:15:19','2023-01-09 10:15:19',NULL),(169,1,5,35,'Casing Hp ( WeiRO23eP3 ) ',621638,10,6216380,'2023-01-09 10:15:19','2023-01-09 10:15:19',NULL),(170,1,33,35,'Mixue ( JrhtS6I09y ) ',328154,1,328154,'2023-01-09 10:15:19','2023-01-09 10:15:19',NULL),(171,1,93,35,'Wings ( msZsJp4I42 ) ',34343,1,34343,'2023-01-09 10:15:19','2023-01-09 10:15:19',NULL),(172,1,76,35,'UniQlo ( XfQ7VSmZws ) ',787246,4,3148984,'2023-01-09 10:15:19','2023-01-09 10:15:19',NULL),(173,1,37,35,'Wings ( y68BpnEzI4 ) ',417728,10,4177280,'2023-01-09 10:15:19','2023-01-09 10:15:19',NULL),(174,1,71,35,'UniQlo ( Aziwtjq8ee ) ',264626,9,2381634,'2023-01-09 10:15:19','2023-01-09 10:15:19',NULL),(175,1,63,35,'Sampoerna ( yim1UgQxQP ) ',778769,3,2336307,'2023-01-09 10:15:19','2023-01-09 10:15:19',NULL),(176,1,39,36,'Lays ( sVJR5ghiOe ) ',995978,8,7967824,'2023-01-09 10:15:19','2023-01-09 10:15:19',NULL),(177,1,76,36,'UniQlo ( XfQ7VSmZws ) ',787246,7,5510722,'2023-01-09 10:15:19','2023-01-09 10:15:19',NULL),(178,1,74,36,'Sampoerna ( 5fPtUWtRjE ) ',113716,2,227432,'2023-01-09 10:15:19','2023-01-09 10:15:19',NULL),(179,1,7,36,'Casing Hp ( h2VdoIAvd9 ) ',26309,5,131545,'2023-01-09 10:15:19','2023-01-09 10:15:19',NULL),(180,1,37,36,'Wings ( y68BpnEzI4 ) ',417728,10,4177280,'2023-01-09 10:15:19','2023-01-09 10:15:19',NULL),(181,1,89,37,'Pensil ( 1LzXppreeh ) ',883908,9,7955172,'2023-01-09 10:15:19','2023-01-09 10:15:19',NULL),(182,1,73,37,'Casing Hp ( cJ2UpgQGVx ) ',768515,3,2305545,'2023-01-09 10:15:19','2023-01-09 10:15:19',NULL),(183,1,86,37,'Wings ( e0Ldu5PDrW ) ',519740,7,3638180,'2023-01-09 10:15:19','2023-01-09 10:15:19',NULL),(184,1,20,37,'Wings ( yaRpm1w3Tx ) ',667451,7,4672157,'2023-01-09 10:15:19','2023-01-09 10:15:19',NULL),(185,1,86,37,'Wings ( e0Ldu5PDrW ) ',519740,8,4157920,'2023-01-09 10:15:19','2023-01-09 10:15:19',NULL),(186,1,58,37,'Levis ( ISHS1N1wyv ) ',878348,3,2635044,'2023-01-09 10:15:19','2023-01-09 10:15:19',NULL),(187,1,92,37,'Pensil ( Zwex66xOq6 ) ',118118,2,236236,'2023-01-09 10:15:19','2023-01-09 10:15:19',NULL),(188,1,59,38,'Lays ( QilEpJzKjd ) ',544250,7,3809750,'2023-01-09 10:15:19','2023-01-09 10:15:19',NULL),(189,1,4,38,'Sampoerna ( tHoO5aGe3n ) ',807829,1,807829,'2023-01-09 10:15:19','2023-01-09 10:15:19',NULL),(190,1,89,38,'Pensil ( 1LzXppreeh ) ',883908,1,883908,'2023-01-09 10:15:19','2023-01-09 10:15:19',NULL),(191,1,51,38,'Wings ( tTgvcQWwbf ) ',803789,4,3215156,'2023-01-09 10:15:19','2023-01-09 10:15:19',NULL),(192,1,43,38,'Pensil ( 4Zel5UTytZ ) ',258160,1,258160,'2023-01-09 10:15:19','2023-01-09 10:15:19',NULL),(193,1,40,39,'Levis ( kCWDFYYM6f ) ',994298,6,5965788,'2023-01-09 10:15:19','2023-01-09 10:15:19',NULL),(194,1,54,39,'KFC ( pYD2CKxaL8 ) ',802346,9,7221114,'2023-01-09 10:15:19','2023-01-09 10:15:19',NULL),(195,1,82,40,'KFC ( iPQfNywOpZ ) ',229376,7,1605632,'2023-01-09 10:15:19','2023-01-09 10:15:19',NULL),(196,1,32,40,'UniQlo ( xWlMK9DD3d ) ',229824,4,919296,'2023-01-09 10:15:19','2023-01-09 10:15:19',NULL),(197,1,1,40,'Lays ( nJDvE63I62 ) ',678160,9,6103440,'2023-01-09 10:15:19','2023-01-09 10:15:19',NULL),(198,1,62,40,'Casing Hp ( E6dO9GeIcT ) ',959568,5,4797840,'2023-01-09 10:15:19','2023-01-09 10:15:19',NULL),(199,1,73,40,'Casing Hp ( cJ2UpgQGVx ) ',768515,2,1537030,'2023-01-09 10:15:19','2023-01-09 10:15:19',NULL),(200,1,5,40,'Casing Hp ( WeiRO23eP3 ) ',621638,5,3108190,'2023-01-09 10:15:19','2023-01-09 10:15:19',NULL),(201,1,23,40,'Lays ( cSrLfJRapM ) ',899714,2,1799428,'2023-01-09 10:15:19','2023-01-09 10:15:19',NULL),(202,1,97,40,'Levis ( XO1yGuJBLf ) ',812407,3,2437221,'2023-01-09 10:15:19','2023-01-09 10:15:19',NULL),(203,1,45,40,'Levis ( rZ9DOc3JLd ) ',603840,3,1811520,'2023-01-09 10:15:19','2023-01-09 10:15:19',NULL),(204,1,89,41,'Pensil ( 1LzXppreeh ) ',883908,1,883908,'2023-01-09 10:15:19','2023-01-09 10:15:19',NULL),(205,1,10,41,'Wings ( WsmUHVhrhT ) ',598084,3,1794252,'2023-01-09 10:15:19','2023-01-09 10:15:19',NULL),(206,1,64,41,'Mixue ( 2cubVqbNoI ) ',911481,3,2734443,'2023-01-09 10:15:19','2023-01-09 10:15:19',NULL),(207,1,17,41,'Wings ( yyPmm9tBMF ) ',334151,7,2339057,'2023-01-09 10:15:19','2023-01-09 10:15:19',NULL),(208,1,41,41,'Sampoerna ( RuYOtmliSt ) ',505629,3,1516887,'2023-01-09 10:15:19','2023-01-09 10:15:19',NULL),(209,1,81,42,'Levis ( 60P0EF9yt4 ) ',721921,4,2887684,'2023-01-09 10:15:19','2023-01-09 10:15:19',NULL),(210,1,11,42,'Pensil ( 9eWZbfZLED ) ',232262,8,1858096,'2023-01-09 10:15:19','2023-01-09 10:15:19',NULL),(211,1,95,42,'Casing Hp ( ZX6ixCgyj7 ) ',87698,6,526188,'2023-01-09 10:15:19','2023-01-09 10:15:19',NULL),(212,1,97,42,'Levis ( XO1yGuJBLf ) ',812407,4,3249628,'2023-01-09 10:15:19','2023-01-09 10:15:19',NULL),(213,1,69,43,'Levis ( o7neDa5i9L ) ',312132,8,2497056,'2023-01-09 10:15:19','2023-01-09 10:15:19',NULL),(214,1,43,43,'Pensil ( 4Zel5UTytZ ) ',258160,5,1290800,'2023-01-09 10:15:19','2023-01-09 10:15:19',NULL),(215,1,14,43,'Lays ( 846sMdeAST ) ',243161,9,2188449,'2023-01-09 10:15:19','2023-01-09 10:15:19',NULL),(216,1,57,43,'Jam Dinding ( vL4vT7mmKc ) ',746562,10,7465620,'2023-01-09 10:15:19','2023-01-09 10:15:19',NULL),(217,1,51,43,'Wings ( tTgvcQWwbf ) ',803789,5,4018945,'2023-01-09 10:15:19','2023-01-09 10:15:19',NULL),(218,1,57,43,'Jam Dinding ( vL4vT7mmKc ) ',746562,9,6719058,'2023-01-09 10:15:19','2023-01-09 10:15:19',NULL),(219,1,33,43,'Mixue ( JrhtS6I09y ) ',328154,9,2953386,'2023-01-09 10:15:19','2023-01-09 10:15:19',NULL),(220,1,44,43,'Pensil ( xj9Qtmf2Rx ) ',922174,1,922174,'2023-01-09 10:15:19','2023-01-09 10:15:19',NULL),(221,1,32,44,'UniQlo ( xWlMK9DD3d ) ',229824,6,1378944,'2023-01-09 10:15:19','2023-01-09 10:15:19',NULL),(222,1,57,44,'Jam Dinding ( vL4vT7mmKc ) ',746562,9,6719058,'2023-01-09 10:15:19','2023-01-09 10:15:19',NULL),(223,1,89,44,'Pensil ( 1LzXppreeh ) ',883908,6,5303448,'2023-01-09 10:15:19','2023-01-09 10:15:19',NULL),(224,1,87,44,'Pensil ( OQUhLIdIe8 ) ',908153,9,8173377,'2023-01-09 10:15:19','2023-01-09 10:15:19',NULL),(225,1,48,44,'Casing Hp ( 1JG6LhtAVz ) ',85620,1,85620,'2023-01-09 10:15:19','2023-01-09 10:15:19',NULL),(226,1,91,44,'UniQlo ( cLyjJ3UjHa ) ',158108,6,948648,'2023-01-09 10:15:19','2023-01-09 10:15:19',NULL),(227,1,72,44,'Sampoerna ( ouj33xUbbi ) ',944264,6,5665584,'2023-01-09 10:15:19','2023-01-09 10:15:19',NULL),(228,1,24,44,'Sampoerna ( oGUYtU9fa3 ) ',443713,10,4437130,'2023-01-09 10:15:19','2023-01-09 10:15:19',NULL),(229,1,76,46,'UniQlo ( XfQ7VSmZws ) ',787246,7,5510722,'2023-01-09 10:15:19','2023-01-09 10:15:19',NULL),(230,1,60,46,'Lays ( FQJwYY7bxe ) ',995258,10,9952580,'2023-01-09 10:15:19','2023-01-09 10:15:19',NULL),(231,1,37,46,'Wings ( y68BpnEzI4 ) ',417728,10,4177280,'2023-01-09 10:15:19','2023-01-09 10:15:19',NULL),(232,1,81,46,'Levis ( 60P0EF9yt4 ) ',721921,4,2887684,'2023-01-09 10:15:19','2023-01-09 10:15:19',NULL),(233,1,95,46,'Casing Hp ( ZX6ixCgyj7 ) ',87698,6,526188,'2023-01-09 10:15:19','2023-01-09 10:15:19',NULL),(234,1,86,46,'Wings ( e0Ldu5PDrW ) ',519740,1,519740,'2023-01-09 10:15:19','2023-01-09 10:15:19',NULL),(235,1,77,47,'KFC ( K8A78nBSsc ) ',90927,5,454635,'2023-01-09 10:15:19','2023-01-09 10:15:19',NULL),(236,1,95,47,'Casing Hp ( ZX6ixCgyj7 ) ',87698,8,701584,'2023-01-09 10:15:19','2023-01-09 10:15:19',NULL),(237,1,42,47,'KFC ( 79xzB0nOn2 ) ',676911,10,6769110,'2023-01-09 10:15:19','2023-01-09 10:15:19',NULL),(238,1,57,47,'Jam Dinding ( vL4vT7mmKc ) ',746562,10,7465620,'2023-01-09 10:15:19','2023-01-09 10:15:19',NULL),(239,1,80,47,'Casing Hp ( zSVZs2GgXm ) ',671236,8,5369888,'2023-01-09 10:15:19','2023-01-09 10:15:19',NULL),(240,1,31,47,'Jam Dinding ( vOJBeE8mD6 ) ',808100,4,3232400,'2023-01-09 10:15:19','2023-01-09 10:15:19',NULL),(241,1,66,47,'Levis ( puZ513as4l ) ',810920,8,6487360,'2023-01-09 10:15:19','2023-01-09 10:15:19',NULL),(242,1,77,47,'KFC ( K8A78nBSsc ) ',90927,1,90927,'2023-01-09 10:15:19','2023-01-09 10:15:19',NULL),(243,1,54,48,'KFC ( pYD2CKxaL8 ) ',802346,9,7221114,'2023-01-09 10:15:19','2023-01-09 10:15:19',NULL),(244,1,59,48,'Lays ( QilEpJzKjd ) ',544250,9,4898250,'2023-01-09 10:15:19','2023-01-09 10:15:19',NULL),(245,1,26,48,'Lays ( btHtHLl5du ) ',763196,7,5342372,'2023-01-09 10:15:19','2023-01-09 10:15:19',NULL),(246,1,47,49,'Levis ( O4WMivuvBq ) ',64755,3,194265,'2023-01-09 10:15:19','2023-01-09 10:15:19',NULL),(247,1,1,49,'Lays ( nJDvE63I62 ) ',678160,1,678160,'2023-01-09 10:15:19','2023-01-09 10:15:19',NULL),(248,1,23,50,'Lays ( cSrLfJRapM ) ',899714,3,2699142,'2023-01-09 10:15:19','2023-01-09 10:15:19',NULL),(249,1,80,50,'Casing Hp ( zSVZs2GgXm ) ',671236,9,6041124,'2023-01-09 10:15:19','2023-01-09 10:15:19',NULL),(250,1,17,50,'Wings ( yyPmm9tBMF ) ',334151,6,2004906,'2023-01-09 10:15:19','2023-01-09 10:15:19',NULL),(251,1,60,50,'Lays ( FQJwYY7bxe ) ',995258,3,2985774,'2023-01-09 10:15:19','2023-01-09 10:15:19',NULL),(252,1,43,50,'Pensil ( 4Zel5UTytZ ) ',258160,4,1032640,'2023-01-09 10:15:19','2023-01-09 10:15:19',NULL),(253,1,6,51,'Jam Dinding ( Ljn7dX0q5D ) ',53716,9,483444,'2023-01-09 10:15:19','2023-01-09 10:15:19',NULL),(254,1,4,51,'Sampoerna ( tHoO5aGe3n ) ',807829,6,4846974,'2023-01-09 10:15:19','2023-01-09 10:15:19',NULL),(255,1,59,51,'Lays ( QilEpJzKjd ) ',544250,9,4898250,'2023-01-09 10:15:19','2023-01-09 10:15:19',NULL),(256,1,53,51,'Pensil ( 74Z81srB79 ) ',356718,4,1426872,'2023-01-09 10:15:19','2023-01-09 10:15:19',NULL),(257,1,78,51,'Pensil ( m6SVm0nlIq ) ',800537,9,7204833,'2023-01-09 10:15:19','2023-01-09 10:15:19',NULL),(258,1,32,51,'UniQlo ( xWlMK9DD3d ) ',229824,2,459648,'2023-01-09 10:15:19','2023-01-09 10:15:19',NULL),(259,1,53,52,'Pensil ( 74Z81srB79 ) ',356718,10,3567180,'2023-01-09 10:15:19','2023-01-09 10:15:19',NULL),(260,1,69,52,'Levis ( o7neDa5i9L ) ',312132,7,2184924,'2023-01-09 10:15:19','2023-01-09 10:15:19',NULL),(261,1,100,52,'Wings ( rAJyvA8NYi ) ',407831,2,815662,'2023-01-09 10:15:19','2023-01-09 10:15:19',NULL),(262,1,2,52,'Lays ( eCsOpCY2Ww ) ',594047,5,2970235,'2023-01-09 10:15:19','2023-01-09 10:15:19',NULL),(263,1,93,52,'Wings ( msZsJp4I42 ) ',34343,5,171715,'2023-01-09 10:15:19','2023-01-09 10:15:19',NULL),(264,1,44,52,'Pensil ( xj9Qtmf2Rx ) ',922174,3,2766522,'2023-01-09 10:15:19','2023-01-09 10:15:19',NULL),(265,1,62,53,'Casing Hp ( E6dO9GeIcT ) ',959568,10,9595680,'2023-01-09 10:15:19','2023-01-09 10:15:19',NULL),(266,1,35,53,'Wings ( 1azwnQZkSg ) ',842014,6,5052084,'2023-01-09 10:15:19','2023-01-09 10:15:19',NULL),(267,1,27,53,'Levis ( eL77GEUq1z ) ',608695,10,6086950,'2023-01-09 10:15:19','2023-01-09 10:15:19',NULL),(268,1,80,54,'Casing Hp ( zSVZs2GgXm ) ',671236,6,4027416,'2023-01-09 10:15:19','2023-01-09 10:15:19',NULL),(269,1,10,54,'Wings ( WsmUHVhrhT ) ',598084,3,1794252,'2023-01-09 10:15:19','2023-01-09 10:15:19',NULL),(270,1,80,54,'Casing Hp ( zSVZs2GgXm ) ',671236,6,4027416,'2023-01-09 10:15:19','2023-01-09 10:15:19',NULL),(271,1,31,54,'Jam Dinding ( vOJBeE8mD6 ) ',808100,2,1616200,'2023-01-09 10:15:19','2023-01-09 10:15:19',NULL),(272,1,78,55,'Pensil ( m6SVm0nlIq ) ',800537,7,5603759,'2023-01-09 10:15:19','2023-01-09 10:15:19',NULL),(273,1,35,55,'Wings ( 1azwnQZkSg ) ',842014,8,6736112,'2023-01-09 10:15:19','2023-01-09 10:15:19',NULL),(274,1,39,55,'Lays ( sVJR5ghiOe ) ',995978,7,6971846,'2023-01-09 10:15:19','2023-01-09 10:15:19',NULL),(275,1,66,55,'Levis ( puZ513as4l ) ',810920,7,5676440,'2023-01-09 10:15:19','2023-01-09 10:15:19',NULL),(276,1,7,56,'Casing Hp ( h2VdoIAvd9 ) ',26309,6,157854,'2023-01-09 10:15:19','2023-01-09 10:15:19',NULL),(277,1,51,56,'Wings ( tTgvcQWwbf ) ',803789,3,2411367,'2023-01-09 10:15:19','2023-01-09 10:15:19',NULL),(278,1,91,56,'UniQlo ( cLyjJ3UjHa ) ',158108,3,474324,'2023-01-09 10:15:19','2023-01-09 10:15:19',NULL),(279,1,88,56,'KFC ( Uo4rlxEqQz ) ',996842,9,8971578,'2023-01-09 10:15:19','2023-01-09 10:15:19',NULL),(280,1,70,56,'Sampoerna ( 35ncMzqXrn ) ',292742,6,1756452,'2023-01-09 10:15:19','2023-01-09 10:15:19',NULL),(281,1,66,56,'Levis ( puZ513as4l ) ',810920,1,810920,'2023-01-09 10:15:19','2023-01-09 10:15:19',NULL),(282,1,61,56,'Wings ( u3WKyoJHHy ) ',251951,7,1763657,'2023-01-09 10:15:19','2023-01-09 10:15:19',NULL),(283,1,42,57,'KFC ( 79xzB0nOn2 ) ',676911,5,3384555,'2023-01-09 10:15:19','2023-01-09 10:15:19',NULL),(284,1,79,57,'Levis ( MapEWyohAi ) ',499083,8,3992664,'2023-01-09 10:15:19','2023-01-09 10:15:19',NULL),(285,1,36,57,'Mixue ( 5HEYczfnzF ) ',935462,3,2806386,'2023-01-09 10:15:19','2023-01-09 10:15:19',NULL),(286,1,38,57,'Sampoerna ( dRinJG7rqy ) ',482017,8,3856136,'2023-01-09 10:15:19','2023-01-09 10:15:19',NULL),(287,1,47,57,'Levis ( O4WMivuvBq ) ',64755,6,388530,'2023-01-09 10:15:19','2023-01-09 10:15:19',NULL),(288,1,47,57,'Levis ( O4WMivuvBq ) ',64755,2,129510,'2023-01-09 10:15:19','2023-01-09 10:15:19',NULL),(289,1,32,57,'UniQlo ( xWlMK9DD3d ) ',229824,3,689472,'2023-01-09 10:15:19','2023-01-09 10:15:19',NULL),(290,1,51,57,'Wings ( tTgvcQWwbf ) ',803789,8,6430312,'2023-01-09 10:15:19','2023-01-09 10:15:19',NULL),(291,1,6,57,'Jam Dinding ( Ljn7dX0q5D ) ',53716,10,537160,'2023-01-09 10:15:19','2023-01-09 10:15:19',NULL),(292,1,46,58,'Casing Hp ( MHyUTyBvA1 ) ',196780,4,787120,'2023-01-09 10:15:19','2023-01-09 10:15:19',NULL),(293,1,32,59,'UniQlo ( xWlMK9DD3d ) ',229824,10,2298240,'2023-01-09 10:15:19','2023-01-09 10:15:19',NULL),(294,1,51,60,'Wings ( tTgvcQWwbf ) ',803789,9,7234101,'2023-01-09 10:15:19','2023-01-09 10:15:19',NULL),(295,1,80,60,'Casing Hp ( zSVZs2GgXm ) ',671236,4,2684944,'2023-01-09 10:15:19','2023-01-09 10:15:19',NULL),(296,1,28,60,'Casing Hp ( rjb2JIC4Lk ) ',514741,5,2573705,'2023-01-09 10:15:19','2023-01-09 10:15:19',NULL),(297,1,96,61,'Wings ( NWnrxHC8RO ) ',373790,1,373790,'2023-01-09 10:15:19','2023-01-09 10:15:19',NULL),(298,1,18,61,'UniQlo ( gNWDEQdwY5 ) ',349824,4,1399296,'2023-01-09 10:15:19','2023-01-09 10:15:19',NULL),(299,1,90,61,'Levis ( JCB4zafTBS ) ',560103,3,1680309,'2023-01-09 10:15:19','2023-01-09 10:15:19',NULL),(300,1,81,61,'Levis ( 60P0EF9yt4 ) ',721921,1,721921,'2023-01-09 10:15:19','2023-01-09 10:15:19',NULL),(301,1,80,61,'Casing Hp ( zSVZs2GgXm ) ',671236,9,6041124,'2023-01-09 10:15:19','2023-01-09 10:15:19',NULL),(302,1,52,61,'Mixue ( McynZFUCaB ) ',212901,1,212901,'2023-01-09 10:15:19','2023-01-09 10:15:19',NULL),(303,1,32,61,'UniQlo ( xWlMK9DD3d ) ',229824,10,2298240,'2023-01-09 10:15:19','2023-01-09 10:15:19',NULL),(304,1,9,62,'Pensil ( LleklG460l ) ',187276,8,1498208,'2023-01-09 10:15:19','2023-01-09 10:15:19',NULL),(305,1,77,62,'KFC ( K8A78nBSsc ) ',90927,9,818343,'2023-01-09 10:15:19','2023-01-09 10:15:19',NULL),(306,1,32,62,'UniQlo ( xWlMK9DD3d ) ',229824,2,459648,'2023-01-09 10:15:19','2023-01-09 10:15:19',NULL),(307,1,54,62,'KFC ( pYD2CKxaL8 ) ',802346,6,4814076,'2023-01-09 10:15:19','2023-01-09 10:15:19',NULL),(308,1,52,62,'Mixue ( McynZFUCaB ) ',212901,3,638703,'2023-01-09 10:15:19','2023-01-09 10:15:19',NULL),(309,1,84,62,'Jam Dinding ( r4jEQsj3UM ) ',458266,1,458266,'2023-01-09 10:15:19','2023-01-09 10:15:19',NULL),(310,1,45,63,'Levis ( rZ9DOc3JLd ) ',603840,1,603840,'2023-01-09 10:15:19','2023-01-09 10:15:19',NULL),(311,1,73,64,'Casing Hp ( cJ2UpgQGVx ) ',768515,3,2305545,'2023-01-09 10:15:19','2023-01-09 10:15:19',NULL),(312,1,77,64,'KFC ( K8A78nBSsc ) ',90927,7,636489,'2023-01-09 10:15:19','2023-01-09 10:15:19',NULL),(313,1,51,64,'Wings ( tTgvcQWwbf ) ',803789,10,8037890,'2023-01-09 10:15:19','2023-01-09 10:15:19',NULL),(314,1,79,64,'Levis ( MapEWyohAi ) ',499083,6,2994498,'2023-01-09 10:15:19','2023-01-09 10:15:19',NULL),(315,1,7,64,'Casing Hp ( h2VdoIAvd9 ) ',26309,8,210472,'2023-01-09 10:15:19','2023-01-09 10:15:19',NULL),(316,1,66,65,'Levis ( puZ513as4l ) ',810920,4,3243680,'2023-01-09 10:15:19','2023-01-09 10:15:19',NULL),(317,1,78,65,'Pensil ( m6SVm0nlIq ) ',800537,1,800537,'2023-01-09 10:15:19','2023-01-09 10:15:19',NULL),(318,1,55,65,'Lays ( pWpyYR4VAj ) ',403249,1,403249,'2023-01-09 10:15:19','2023-01-09 10:15:19',NULL),(319,1,86,65,'Wings ( e0Ldu5PDrW ) ',519740,5,2598700,'2023-01-09 10:15:19','2023-01-09 10:15:19',NULL),(320,1,84,65,'Jam Dinding ( r4jEQsj3UM ) ',458266,1,458266,'2023-01-09 10:15:19','2023-01-09 10:15:19',NULL),(321,1,23,66,'Lays ( cSrLfJRapM ) ',899714,5,4498570,'2023-01-09 10:15:19','2023-01-09 10:15:19',NULL),(322,1,8,66,'Jam Dinding ( W1R5uEWMM3 ) ',645070,5,3225350,'2023-01-09 10:15:19','2023-01-09 10:15:19',NULL),(323,1,28,66,'Casing Hp ( rjb2JIC4Lk ) ',514741,5,2573705,'2023-01-09 10:15:19','2023-01-09 10:15:19',NULL),(324,1,37,67,'Wings ( y68BpnEzI4 ) ',417728,5,2088640,'2023-01-09 10:15:19','2023-01-09 10:15:19',NULL),(325,1,40,67,'Levis ( kCWDFYYM6f ) ',994298,3,2982894,'2023-01-09 10:15:19','2023-01-09 10:15:19',NULL),(326,1,63,67,'Sampoerna ( yim1UgQxQP ) ',778769,8,6230152,'2023-01-09 10:15:19','2023-01-09 10:15:19',NULL),(327,1,9,67,'Pensil ( LleklG460l ) ',187276,3,561828,'2023-01-09 10:15:19','2023-01-09 10:15:19',NULL),(328,1,10,67,'Wings ( WsmUHVhrhT ) ',598084,7,4186588,'2023-01-09 10:15:19','2023-01-09 10:15:19',NULL),(329,1,54,67,'KFC ( pYD2CKxaL8 ) ',802346,2,1604692,'2023-01-09 10:15:19','2023-01-09 10:15:19',NULL),(330,1,70,67,'Sampoerna ( 35ncMzqXrn ) ',292742,4,1170968,'2023-01-09 10:15:19','2023-01-09 10:15:19',NULL),(331,1,18,68,'UniQlo ( gNWDEQdwY5 ) ',349824,9,3148416,'2023-01-09 10:15:19','2023-01-09 10:15:19',NULL),(332,1,52,68,'Mixue ( McynZFUCaB ) ',212901,7,1490307,'2023-01-09 10:15:19','2023-01-09 10:15:19',NULL),(333,1,96,68,'Wings ( NWnrxHC8RO ) ',373790,6,2242740,'2023-01-09 10:15:19','2023-01-09 10:15:19',NULL),(334,1,52,68,'Mixue ( McynZFUCaB ) ',212901,5,1064505,'2023-01-09 10:15:19','2023-01-09 10:15:19',NULL),(335,1,43,68,'Pensil ( 4Zel5UTytZ ) ',258160,6,1548960,'2023-01-09 10:15:19','2023-01-09 10:15:19',NULL),(336,1,39,68,'Lays ( sVJR5ghiOe ) ',995978,9,8963802,'2023-01-09 10:15:19','2023-01-09 10:15:19',NULL),(337,1,74,68,'Sampoerna ( 5fPtUWtRjE ) ',113716,1,113716,'2023-01-09 10:15:19','2023-01-09 10:15:19',NULL),(338,1,14,69,'Lays ( 846sMdeAST ) ',243161,2,486322,'2023-01-09 10:15:19','2023-01-09 10:15:19',NULL),(339,1,14,70,'Lays ( 846sMdeAST ) ',243161,6,1458966,'2023-01-09 10:15:19','2023-01-09 10:15:19',NULL),(340,1,51,70,'Wings ( tTgvcQWwbf ) ',803789,10,8037890,'2023-01-09 10:15:19','2023-01-09 10:15:19',NULL),(341,1,32,70,'UniQlo ( xWlMK9DD3d ) ',229824,10,2298240,'2023-01-09 10:15:19','2023-01-09 10:15:19',NULL),(342,1,61,71,'Wings ( u3WKyoJHHy ) ',251951,5,1259755,'2023-01-09 10:15:19','2023-01-09 10:15:19',NULL),(343,1,48,71,'Casing Hp ( 1JG6LhtAVz ) ',85620,5,428100,'2023-01-09 10:15:19','2023-01-09 10:15:19',NULL),(344,1,88,71,'KFC ( Uo4rlxEqQz ) ',996842,10,9968420,'2023-01-09 10:15:19','2023-01-09 10:15:19',NULL),(345,1,12,71,'Wings ( drw96Jkc3I ) ',868680,1,868680,'2023-01-09 10:15:19','2023-01-09 10:15:19',NULL),(346,1,4,72,'Sampoerna ( tHoO5aGe3n ) ',807829,6,4846974,'2023-01-09 10:15:19','2023-01-09 10:15:19',NULL),(347,1,69,72,'Levis ( o7neDa5i9L ) ',312132,2,624264,'2023-01-09 10:15:19','2023-01-09 10:15:19',NULL),(348,1,46,72,'Casing Hp ( MHyUTyBvA1 ) ',196780,6,1180680,'2023-01-09 10:15:19','2023-01-09 10:15:19',NULL),(349,1,32,73,'UniQlo ( xWlMK9DD3d ) ',229824,5,1149120,'2023-01-09 10:15:19','2023-01-09 10:15:19',NULL),(350,1,58,73,'Levis ( ISHS1N1wyv ) ',878348,1,878348,'2023-01-09 10:15:19','2023-01-09 10:15:19',NULL),(351,1,5,73,'Casing Hp ( WeiRO23eP3 ) ',621638,7,4351466,'2023-01-09 10:15:19','2023-01-09 10:15:19',NULL),(352,1,73,73,'Casing Hp ( cJ2UpgQGVx ) ',768515,7,5379605,'2023-01-09 10:15:19','2023-01-09 10:15:19',NULL),(353,1,32,73,'UniQlo ( xWlMK9DD3d ) ',229824,2,459648,'2023-01-09 10:15:19','2023-01-09 10:15:19',NULL),(354,1,77,73,'KFC ( K8A78nBSsc ) ',90927,6,545562,'2023-01-09 10:15:19','2023-01-09 10:15:19',NULL),(355,1,11,74,'Pensil ( 9eWZbfZLED ) ',232262,2,464524,'2023-01-09 10:15:19','2023-01-09 10:15:19',NULL),(356,1,27,74,'Levis ( eL77GEUq1z ) ',608695,9,5478255,'2023-01-09 10:15:19','2023-01-09 10:15:19',NULL),(357,1,36,74,'Mixue ( 5HEYczfnzF ) ',935462,1,935462,'2023-01-09 10:15:19','2023-01-09 10:15:19',NULL),(358,1,31,74,'Jam Dinding ( vOJBeE8mD6 ) ',808100,1,808100,'2023-01-09 10:15:19','2023-01-09 10:15:19',NULL),(359,1,34,74,'Mixue ( Iab5J1mtZp ) ',433008,4,1732032,'2023-01-09 10:15:19','2023-01-09 10:15:19',NULL),(360,1,96,75,'Wings ( NWnrxHC8RO ) ',373790,5,1868950,'2023-01-09 10:15:19','2023-01-09 10:15:19',NULL),(361,1,81,75,'Levis ( 60P0EF9yt4 ) ',721921,7,5053447,'2023-01-09 10:15:19','2023-01-09 10:15:19',NULL),(362,1,52,75,'Mixue ( McynZFUCaB ) ',212901,6,1277406,'2023-01-09 10:15:19','2023-01-09 10:15:19',NULL),(363,1,78,75,'Pensil ( m6SVm0nlIq ) ',800537,2,1601074,'2023-01-09 10:15:19','2023-01-09 10:15:19',NULL),(364,1,85,75,'Pensil ( T0kPBklq9q ) ',401927,6,2411562,'2023-01-09 10:15:19','2023-01-09 10:15:19',NULL),(365,1,41,75,'Sampoerna ( RuYOtmliSt ) ',505629,3,1516887,'2023-01-09 10:15:19','2023-01-09 10:15:19',NULL),(366,1,47,75,'Levis ( O4WMivuvBq ) ',64755,6,388530,'2023-01-09 10:15:19','2023-01-09 10:15:19',NULL),(367,1,60,76,'Lays ( FQJwYY7bxe ) ',995258,6,5971548,'2023-01-09 10:15:19','2023-01-09 10:15:19',NULL),(368,1,24,76,'Sampoerna ( oGUYtU9fa3 ) ',443713,8,3549704,'2023-01-09 10:15:19','2023-01-09 10:15:19',NULL),(369,1,82,76,'KFC ( iPQfNywOpZ ) ',229376,2,458752,'2023-01-09 10:15:19','2023-01-09 10:15:19',NULL),(370,1,88,76,'KFC ( Uo4rlxEqQz ) ',996842,10,9968420,'2023-01-09 10:15:19','2023-01-09 10:15:19',NULL),(371,1,40,77,'Levis ( kCWDFYYM6f ) ',994298,6,5965788,'2023-01-09 10:15:19','2023-01-09 10:15:19',NULL),(372,1,63,77,'Sampoerna ( yim1UgQxQP ) ',778769,5,3893845,'2023-01-09 10:15:19','2023-01-09 10:15:19',NULL),(373,1,49,78,'Pensil ( Wt1xGhfX48 ) ',926275,1,926275,'2023-01-09 10:15:19','2023-01-09 10:15:19',NULL),(374,1,14,78,'Lays ( 846sMdeAST ) ',243161,8,1945288,'2023-01-09 10:15:19','2023-01-09 10:15:19',NULL),(375,1,4,78,'Sampoerna ( tHoO5aGe3n ) ',807829,6,4846974,'2023-01-09 10:15:19','2023-01-09 10:15:19',NULL),(376,1,56,78,'Wings ( guoWmDXXSF ) ',520209,4,2080836,'2023-01-09 10:15:19','2023-01-09 10:15:19',NULL),(377,1,86,78,'Wings ( e0Ldu5PDrW ) ',519740,7,3638180,'2023-01-09 10:15:19','2023-01-09 10:15:19',NULL),(378,1,20,78,'Wings ( yaRpm1w3Tx ) ',667451,6,4004706,'2023-01-09 10:15:19','2023-01-09 10:15:19',NULL),(379,1,68,79,'Wings ( 7CZyiBZCNg ) ',132267,4,529068,'2023-01-09 10:15:19','2023-01-09 10:15:19',NULL),(380,1,11,79,'Pensil ( 9eWZbfZLED ) ',232262,1,232262,'2023-01-09 10:15:19','2023-01-09 10:15:19',NULL),(381,1,70,80,'Sampoerna ( 35ncMzqXrn ) ',292742,9,2634678,'2023-01-09 10:15:20','2023-01-09 10:15:20',NULL),(382,1,20,80,'Wings ( yaRpm1w3Tx ) ',667451,7,4672157,'2023-01-09 10:15:20','2023-01-09 10:15:20',NULL),(383,1,56,80,'Wings ( guoWmDXXSF ) ',520209,5,2601045,'2023-01-09 10:15:20','2023-01-09 10:15:20',NULL),(384,1,32,80,'UniQlo ( xWlMK9DD3d ) ',229824,5,1149120,'2023-01-09 10:15:20','2023-01-09 10:15:20',NULL),(385,1,73,80,'Casing Hp ( cJ2UpgQGVx ) ',768515,6,4611090,'2023-01-09 10:15:20','2023-01-09 10:15:20',NULL),(386,1,60,80,'Lays ( FQJwYY7bxe ) ',995258,1,995258,'2023-01-09 10:15:20','2023-01-09 10:15:20',NULL),(387,1,49,81,'Pensil ( Wt1xGhfX48 ) ',926275,9,8336475,'2023-01-09 10:15:20','2023-01-09 10:15:20',NULL),(388,1,24,81,'Sampoerna ( oGUYtU9fa3 ) ',443713,3,1331139,'2023-01-09 10:15:20','2023-01-09 10:15:20',NULL),(389,1,65,81,'Lays ( eOPa2pjwlL ) ',284112,8,2272896,'2023-01-09 10:15:20','2023-01-09 10:15:20',NULL),(390,1,23,81,'Lays ( cSrLfJRapM ) ',899714,2,1799428,'2023-01-09 10:15:20','2023-01-09 10:15:20',NULL),(391,1,80,82,'Casing Hp ( zSVZs2GgXm ) ',671236,3,2013708,'2023-01-09 10:15:20','2023-01-09 10:15:20',NULL),(392,1,87,82,'Pensil ( OQUhLIdIe8 ) ',908153,6,5448918,'2023-01-09 10:15:20','2023-01-09 10:15:20',NULL),(393,1,68,82,'Wings ( 7CZyiBZCNg ) ',132267,8,1058136,'2023-01-09 10:15:20','2023-01-09 10:15:20',NULL),(394,1,95,82,'Casing Hp ( ZX6ixCgyj7 ) ',87698,7,613886,'2023-01-09 10:15:20','2023-01-09 10:15:20',NULL),(395,1,57,82,'Jam Dinding ( vL4vT7mmKc ) ',746562,1,746562,'2023-01-09 10:15:20','2023-01-09 10:15:20',NULL),(396,1,8,82,'Jam Dinding ( W1R5uEWMM3 ) ',645070,1,645070,'2023-01-09 10:15:20','2023-01-09 10:15:20',NULL),(397,1,49,82,'Pensil ( Wt1xGhfX48 ) ',926275,3,2778825,'2023-01-09 10:15:20','2023-01-09 10:15:20',NULL),(398,1,79,83,'Levis ( MapEWyohAi ) ',499083,3,1497249,'2023-01-09 10:15:20','2023-01-09 10:15:20',NULL),(399,1,47,83,'Levis ( O4WMivuvBq ) ',64755,9,582795,'2023-01-09 10:15:20','2023-01-09 10:15:20',NULL),(400,1,42,83,'KFC ( 79xzB0nOn2 ) ',676911,7,4738377,'2023-01-09 10:15:20','2023-01-09 10:15:20',NULL),(401,1,97,83,'Levis ( XO1yGuJBLf ) ',812407,7,5686849,'2023-01-09 10:15:20','2023-01-09 10:15:20',NULL),(402,1,56,83,'Wings ( guoWmDXXSF ) ',520209,5,2601045,'2023-01-09 10:15:20','2023-01-09 10:15:20',NULL),(403,1,38,84,'Sampoerna ( dRinJG7rqy ) ',482017,4,1928068,'2023-01-09 10:15:20','2023-01-09 10:15:20',NULL),(404,1,66,84,'Levis ( puZ513as4l ) ',810920,7,5676440,'2023-01-09 10:15:20','2023-01-09 10:15:20',NULL),(405,1,6,84,'Jam Dinding ( Ljn7dX0q5D ) ',53716,1,53716,'2023-01-09 10:15:20','2023-01-09 10:15:20',NULL),(406,1,85,84,'Pensil ( T0kPBklq9q ) ',401927,7,2813489,'2023-01-09 10:15:20','2023-01-09 10:15:20',NULL),(407,1,16,84,'Casing Hp ( eifgkdFKhY ) ',12358,5,61790,'2023-01-09 10:15:20','2023-01-09 10:15:20',NULL),(408,1,64,84,'Mixue ( 2cubVqbNoI ) ',911481,1,911481,'2023-01-09 10:15:20','2023-01-09 10:15:20',NULL),(409,1,59,84,'Lays ( QilEpJzKjd ) ',544250,6,3265500,'2023-01-09 10:15:20','2023-01-09 10:15:20',NULL),(410,1,37,84,'Wings ( y68BpnEzI4 ) ',417728,10,4177280,'2023-01-09 10:15:20','2023-01-09 10:15:20',NULL),(411,1,81,85,'Levis ( 60P0EF9yt4 ) ',721921,4,2887684,'2023-01-09 10:15:20','2023-01-09 10:15:20',NULL),(412,1,77,85,'KFC ( K8A78nBSsc ) ',90927,1,90927,'2023-01-09 10:15:20','2023-01-09 10:15:20',NULL),(413,1,75,85,'UniQlo ( 6xYCPbDWC4 ) ',239552,4,958208,'2023-01-09 10:15:20','2023-01-09 10:15:20',NULL),(414,1,73,85,'Casing Hp ( cJ2UpgQGVx ) ',768515,8,6148120,'2023-01-09 10:15:20','2023-01-09 10:15:20',NULL),(415,1,29,85,'KFC ( gK8GePWryC ) ',393533,5,1967665,'2023-01-09 10:15:20','2023-01-09 10:15:20',NULL),(416,1,7,85,'Casing Hp ( h2VdoIAvd9 ) ',26309,3,78927,'2023-01-09 10:15:20','2023-01-09 10:15:20',NULL),(417,1,27,86,'Levis ( eL77GEUq1z ) ',608695,8,4869560,'2023-01-09 10:15:20','2023-01-09 10:15:20',NULL),(418,1,81,87,'Levis ( 60P0EF9yt4 ) ',721921,4,2887684,'2023-01-09 10:15:20','2023-01-09 10:15:20',NULL),(419,1,28,87,'Casing Hp ( rjb2JIC4Lk ) ',514741,3,1544223,'2023-01-09 10:15:20','2023-01-09 10:15:20',NULL),(420,1,65,87,'Lays ( eOPa2pjwlL ) ',284112,10,2841120,'2023-01-09 10:15:20','2023-01-09 10:15:20',NULL),(421,1,22,87,'Sampoerna ( hvbp34vhhv ) ',140862,3,422586,'2023-01-09 10:15:20','2023-01-09 10:15:20',NULL),(422,1,83,87,'Casing Hp ( u5tPpXCLSR ) ',804083,9,7236747,'2023-01-09 10:15:20','2023-01-09 10:15:20',NULL),(423,1,63,88,'Sampoerna ( yim1UgQxQP ) ',778769,7,5451383,'2023-01-09 10:15:20','2023-01-09 10:15:20',NULL),(424,1,29,88,'KFC ( gK8GePWryC ) ',393533,5,1967665,'2023-01-09 10:15:20','2023-01-09 10:15:20',NULL),(425,1,39,88,'Lays ( sVJR5ghiOe ) ',995978,7,6971846,'2023-01-09 10:15:20','2023-01-09 10:15:20',NULL),(426,1,28,88,'Casing Hp ( rjb2JIC4Lk ) ',514741,8,4117928,'2023-01-09 10:15:20','2023-01-09 10:15:20',NULL),(427,1,77,88,'KFC ( K8A78nBSsc ) ',90927,8,727416,'2023-01-09 10:15:20','2023-01-09 10:15:20',NULL),(428,1,93,88,'Wings ( msZsJp4I42 ) ',34343,4,137372,'2023-01-09 10:15:20','2023-01-09 10:15:20',NULL),(429,1,14,88,'Lays ( 846sMdeAST ) ',243161,9,2188449,'2023-01-09 10:15:20','2023-01-09 10:15:20',NULL),(430,1,13,89,'KFC ( wuWIQRn70x ) ',355538,6,2133228,'2023-01-09 10:15:20','2023-01-09 10:15:20',NULL),(431,1,9,89,'Pensil ( LleklG460l ) ',187276,7,1310932,'2023-01-09 10:15:20','2023-01-09 10:15:20',NULL),(432,1,90,89,'Levis ( JCB4zafTBS ) ',560103,8,4480824,'2023-01-09 10:15:20','2023-01-09 10:15:20',NULL),(433,1,17,89,'Wings ( yyPmm9tBMF ) ',334151,4,1336604,'2023-01-09 10:15:20','2023-01-09 10:15:20',NULL),(434,1,78,90,'Pensil ( m6SVm0nlIq ) ',800537,1,800537,'2023-01-09 10:15:20','2023-01-09 10:15:20',NULL),(435,1,13,90,'KFC ( wuWIQRn70x ) ',355538,9,3199842,'2023-01-09 10:15:20','2023-01-09 10:15:20',NULL),(436,1,26,90,'Lays ( btHtHLl5du ) ',763196,1,763196,'2023-01-09 10:15:20','2023-01-09 10:15:20',NULL),(437,1,60,90,'Lays ( FQJwYY7bxe ) ',995258,1,995258,'2023-01-09 10:15:20','2023-01-09 10:15:20',NULL),(438,1,59,90,'Lays ( QilEpJzKjd ) ',544250,2,1088500,'2023-01-09 10:15:20','2023-01-09 10:15:20',NULL),(439,1,41,91,'Sampoerna ( RuYOtmliSt ) ',505629,2,1011258,'2023-01-09 10:15:20','2023-01-09 10:15:20',NULL),(440,1,91,91,'UniQlo ( cLyjJ3UjHa ) ',158108,4,632432,'2023-01-09 10:15:20','2023-01-09 10:15:20',NULL),(441,1,59,91,'Lays ( QilEpJzKjd ) ',544250,9,4898250,'2023-01-09 10:15:20','2023-01-09 10:15:20',NULL),(442,1,5,92,'Casing Hp ( WeiRO23eP3 ) ',621638,2,1243276,'2023-01-09 10:15:20','2023-01-09 10:15:20',NULL),(443,1,81,92,'Levis ( 60P0EF9yt4 ) ',721921,10,7219210,'2023-01-09 10:15:20','2023-01-09 10:15:20',NULL),(444,1,84,92,'Jam Dinding ( r4jEQsj3UM ) ',458266,8,3666128,'2023-01-09 10:15:20','2023-01-09 10:15:20',NULL),(445,1,43,92,'Pensil ( 4Zel5UTytZ ) ',258160,5,1290800,'2023-01-09 10:15:20','2023-01-09 10:15:20',NULL),(446,1,24,93,'Sampoerna ( oGUYtU9fa3 ) ',443713,10,4437130,'2023-01-09 10:15:20','2023-01-09 10:15:20',NULL),(447,1,9,93,'Pensil ( LleklG460l ) ',187276,1,187276,'2023-01-09 10:15:20','2023-01-09 10:15:20',NULL),(448,1,65,93,'Lays ( eOPa2pjwlL ) ',284112,2,568224,'2023-01-09 10:15:20','2023-01-09 10:15:20',NULL),(449,1,68,93,'Wings ( 7CZyiBZCNg ) ',132267,5,661335,'2023-01-09 10:15:20','2023-01-09 10:15:20',NULL),(450,1,88,93,'KFC ( Uo4rlxEqQz ) ',996842,1,996842,'2023-01-09 10:15:20','2023-01-09 10:15:20',NULL),(451,1,41,93,'Sampoerna ( RuYOtmliSt ) ',505629,7,3539403,'2023-01-09 10:15:20','2023-01-09 10:15:20',NULL),(452,1,92,94,'Pensil ( Zwex66xOq6 ) ',118118,1,118118,'2023-01-09 10:15:20','2023-01-09 10:15:20',NULL),(453,1,91,94,'UniQlo ( cLyjJ3UjHa ) ',158108,8,1264864,'2023-01-09 10:15:20','2023-01-09 10:15:20',NULL),(454,1,49,94,'Pensil ( Wt1xGhfX48 ) ',926275,9,8336475,'2023-01-09 10:15:20','2023-01-09 10:15:20',NULL),(455,1,32,94,'UniQlo ( xWlMK9DD3d ) ',229824,3,689472,'2023-01-09 10:15:20','2023-01-09 10:15:20',NULL),(456,1,60,95,'Lays ( FQJwYY7bxe ) ',995258,10,9952580,'2023-01-09 10:15:20','2023-01-09 10:15:20',NULL),(457,1,57,95,'Jam Dinding ( vL4vT7mmKc ) ',746562,8,5972496,'2023-01-09 10:15:20','2023-01-09 10:15:20',NULL),(458,1,57,96,'Jam Dinding ( vL4vT7mmKc ) ',746562,7,5225934,'2023-01-09 10:15:20','2023-01-09 10:15:20',NULL),(459,1,76,97,'UniQlo ( XfQ7VSmZws ) ',787246,3,2361738,'2023-01-09 10:15:20','2023-01-09 10:15:20',NULL),(460,1,95,97,'Casing Hp ( ZX6ixCgyj7 ) ',87698,9,789282,'2023-01-09 10:15:20','2023-01-09 10:15:20',NULL),(461,1,23,98,'Lays ( cSrLfJRapM ) ',899714,10,8997140,'2023-01-09 10:15:20','2023-01-09 10:15:20',NULL),(462,1,2,98,'Lays ( eCsOpCY2Ww ) ',594047,5,2970235,'2023-01-09 10:15:20','2023-01-09 10:15:20',NULL),(463,1,49,98,'Pensil ( Wt1xGhfX48 ) ',926275,10,9262750,'2023-01-09 10:15:20','2023-01-09 10:15:20',NULL),(464,1,54,99,'KFC ( pYD2CKxaL8 ) ',802346,1,802346,'2023-01-09 10:15:20','2023-01-09 10:15:20',NULL),(465,1,13,99,'KFC ( wuWIQRn70x ) ',355538,6,2133228,'2023-01-09 10:15:20','2023-01-09 10:15:20',NULL),(466,1,39,99,'Lays ( sVJR5ghiOe ) ',995978,10,9959780,'2023-01-09 10:15:20','2023-01-09 10:15:20',NULL),(467,1,33,100,'Mixue ( JrhtS6I09y ) ',328154,9,2953386,'2023-01-09 10:15:20','2023-01-09 10:15:20',NULL),(468,1,91,100,'UniQlo ( cLyjJ3UjHa ) ',158108,3,474324,'2023-01-09 10:15:20','2023-01-09 10:15:20',NULL),(469,1,20,100,'Wings ( yaRpm1w3Tx ) ',667451,8,5339608,'2023-01-09 10:15:20','2023-01-09 10:15:20',NULL),(470,1,90,100,'Levis ( JCB4zafTBS ) ',560103,4,2240412,'2023-01-09 10:15:20','2023-01-09 10:15:20',NULL),(471,1,37,100,'Wings ( y68BpnEzI4 ) ',417728,8,3341824,'2023-01-09 10:15:20','2023-01-09 10:15:20',NULL),(472,1,3,100,'Wings ( XuqvL7xsAx ) ',649227,2,1298454,'2023-01-09 10:15:20','2023-01-09 10:15:20',NULL),(473,1,92,100,'Pensil ( Zwex66xOq6 ) ',118118,2,236236,'2023-01-09 10:15:20','2023-01-09 10:15:20',NULL),(474,1,138,101,'Pensil ( XMt46lg4xQ ) ',233817,5,1169085,'2023-01-09 10:16:58','2023-01-09 10:16:58',NULL),(475,1,120,101,'Jam Dinding ( NrkrwsoysW ) ',116583,4,466332,'2023-01-09 10:16:58','2023-01-09 10:16:58',NULL),(476,1,112,101,'Pensil ( Wqsf6Q6itR ) ',531527,6,3189162,'2023-01-09 10:16:58','2023-01-09 10:16:58',NULL),(477,1,135,102,'Sampoerna ( 440MLIr3Ap ) ',843122,6,5058732,'2023-01-09 10:16:58','2023-01-09 10:16:58',NULL),(478,1,186,102,'Mixue ( omCvNE2cMk ) ',242628,1,242628,'2023-01-09 10:16:58','2023-01-09 10:16:58',NULL),(479,1,200,103,'UniQlo ( atv3mDTLbe ) ',879652,9,7916868,'2023-01-09 10:16:58','2023-01-09 10:16:58',NULL),(480,1,134,103,'UniQlo ( PkMtMYYkN3 ) ',433654,3,1300962,'2023-01-09 10:16:58','2023-01-09 10:16:58',NULL),(481,1,2,103,'Lays ( eCsOpCY2Ww ) ',594047,1,594047,'2023-01-09 10:16:58','2023-01-09 10:16:58',NULL),(482,1,138,103,'Pensil ( XMt46lg4xQ ) ',233817,2,467634,'2023-01-09 10:16:58','2023-01-09 10:16:58',NULL),(483,1,147,103,'Lays ( A7Wh6n0PA7 ) ',281749,8,2253992,'2023-01-09 10:16:58','2023-01-09 10:16:58',NULL),(484,1,100,104,'Wings ( rAJyvA8NYi ) ',407831,6,2446986,'2023-01-09 10:16:58','2023-01-09 10:16:58',NULL),(485,1,40,104,'Levis ( kCWDFYYM6f ) ',994298,6,5965788,'2023-01-09 10:16:58','2023-01-09 10:16:58',NULL),(486,1,161,104,'Lays ( MRpLDD0cbh ) ',870739,1,870739,'2023-01-09 10:16:58','2023-01-09 10:16:58',NULL),(487,1,161,104,'Lays ( MRpLDD0cbh ) ',870739,4,3482956,'2023-01-09 10:16:58','2023-01-09 10:16:58',NULL),(488,1,38,104,'Sampoerna ( dRinJG7rqy ) ',482017,3,1446051,'2023-01-09 10:16:58','2023-01-09 10:16:58',NULL),(489,1,171,105,'Sampoerna ( E34z7grj1X ) ',455881,4,1823524,'2023-01-09 10:16:58','2023-01-09 10:16:58',NULL),(490,1,83,105,'Casing Hp ( u5tPpXCLSR ) ',804083,8,6432664,'2023-01-09 10:16:58','2023-01-09 10:16:58',NULL),(491,1,46,105,'Casing Hp ( MHyUTyBvA1 ) ',196780,6,1180680,'2023-01-09 10:16:58','2023-01-09 10:16:58',NULL),(492,1,179,105,'Lays ( thnBlmR5No ) ',514587,8,4116696,'2023-01-09 10:16:58','2023-01-09 10:16:58',NULL),(493,1,41,105,'Sampoerna ( RuYOtmliSt ) ',505629,5,2528145,'2023-01-09 10:16:58','2023-01-09 10:16:58',NULL),(494,1,51,105,'Wings ( tTgvcQWwbf ) ',803789,4,3215156,'2023-01-09 10:16:58','2023-01-09 10:16:58',NULL),(495,1,92,106,'Pensil ( Zwex66xOq6 ) ',118118,2,236236,'2023-01-09 10:16:58','2023-01-09 10:16:58',NULL),(496,1,34,106,'Mixue ( Iab5J1mtZp ) ',433008,8,3464064,'2023-01-09 10:16:58','2023-01-09 10:16:58',NULL),(497,1,108,106,'Lays ( r7J7VvXxGY ) ',285860,6,1715160,'2023-01-09 10:16:58','2023-01-09 10:16:58',NULL),(498,1,130,107,'UniQlo ( hi73z7ZUnk ) ',869020,7,6083140,'2023-01-09 10:16:58','2023-01-09 10:16:58',NULL),(499,1,189,107,'Casing Hp ( mKyhte5fR6 ) ',386571,5,1932855,'2023-01-09 10:16:58','2023-01-09 10:16:58',NULL),(500,1,152,107,'KFC ( XbXb3dauK6 ) ',448836,1,448836,'2023-01-09 10:16:58','2023-01-09 10:16:58',NULL),(501,1,174,108,'KFC ( 1cIOoJ0yNv ) ',479862,2,959724,'2023-01-09 10:16:58','2023-01-09 10:16:58',NULL),(502,1,197,108,'Lays ( agSsEDvpSk ) ',709381,3,2128143,'2023-01-09 10:16:58','2023-01-09 10:16:58',NULL),(503,1,137,108,'Jam Dinding ( KwvDhav8Bb ) ',246738,3,740214,'2023-01-09 10:16:58','2023-01-09 10:16:58',NULL),(504,1,48,108,'Casing Hp ( 1JG6LhtAVz ) ',85620,5,428100,'2023-01-09 10:16:58','2023-01-09 10:16:58',NULL),(505,1,42,109,'KFC ( 79xzB0nOn2 ) ',676911,9,6092199,'2023-01-09 10:16:58','2023-01-09 10:16:58',NULL),(506,1,123,109,'UniQlo ( 4Tt1tuDqrz ) ',608275,5,3041375,'2023-01-09 10:16:58','2023-01-09 10:16:58',NULL),(507,1,126,109,'Jam Dinding ( 29RgUtmx00 ) ',821453,7,5750171,'2023-01-09 10:16:58','2023-01-09 10:16:58',NULL),(508,1,146,109,'KFC ( uqRbuQfXrn ) ',657238,2,1314476,'2023-01-09 10:16:58','2023-01-09 10:16:58',NULL),(509,1,56,110,'Wings ( guoWmDXXSF ) ',520209,8,4161672,'2023-01-09 10:16:58','2023-01-09 10:16:58',NULL),(510,1,24,110,'Sampoerna ( oGUYtU9fa3 ) ',443713,9,3993417,'2023-01-09 10:16:58','2023-01-09 10:16:58',NULL),(511,1,4,110,'Sampoerna ( tHoO5aGe3n ) ',807829,3,2423487,'2023-01-09 10:16:58','2023-01-09 10:16:58',NULL),(512,1,41,110,'Sampoerna ( RuYOtmliSt ) ',505629,2,1011258,'2023-01-09 10:16:58','2023-01-09 10:16:58',NULL),(513,1,124,110,'Sampoerna ( fN7HHjP5pV ) ',479845,2,959690,'2023-01-09 10:16:59','2023-01-09 10:16:59',NULL),(514,1,71,110,'UniQlo ( Aziwtjq8ee ) ',264626,1,264626,'2023-01-09 10:16:59','2023-01-09 10:16:59',NULL),(515,1,148,111,'Levis ( QeedLh7Fqr ) ',209920,2,419840,'2023-01-09 10:16:59','2023-01-09 10:16:59',NULL),(516,1,105,113,'Jam Dinding ( orsDocqfMW ) ',964547,7,6751829,'2023-01-09 10:16:59','2023-01-09 10:16:59',NULL),(517,1,38,113,'Sampoerna ( dRinJG7rqy ) ',482017,2,964034,'2023-01-09 10:16:59','2023-01-09 10:16:59',NULL),(518,1,126,113,'Jam Dinding ( 29RgUtmx00 ) ',821453,1,821453,'2023-01-09 10:16:59','2023-01-09 10:16:59',NULL),(519,1,79,113,'Levis ( MapEWyohAi ) ',499083,5,2495415,'2023-01-09 10:16:59','2023-01-09 10:16:59',NULL),(520,1,33,113,'Mixue ( JrhtS6I09y ) ',328154,10,3281540,'2023-01-09 10:16:59','2023-01-09 10:16:59',NULL),(521,1,187,113,'Levis ( LhcN0gzXAI ) ',847799,6,5086794,'2023-01-09 10:16:59','2023-01-09 10:16:59',NULL),(522,1,123,113,'UniQlo ( 4Tt1tuDqrz ) ',608275,5,3041375,'2023-01-09 10:16:59','2023-01-09 10:16:59',NULL),(523,1,157,113,'Lays ( 1dYUV0zLjj ) ',194663,5,973315,'2023-01-09 10:16:59','2023-01-09 10:16:59',NULL),(524,1,78,113,'Pensil ( m6SVm0nlIq ) ',800537,9,7204833,'2023-01-09 10:16:59','2023-01-09 10:16:59',NULL),(525,1,85,114,'Pensil ( T0kPBklq9q ) ',401927,5,2009635,'2023-01-09 10:16:59','2023-01-09 10:16:59',NULL),(526,1,176,114,'Jam Dinding ( SbUy6NIyMU ) ',968394,5,4841970,'2023-01-09 10:16:59','2023-01-09 10:16:59',NULL),(527,1,118,114,'Jam Dinding ( PtzzMqVX8f ) ',517708,10,5177080,'2023-01-09 10:16:59','2023-01-09 10:16:59',NULL),(528,1,34,114,'Mixue ( Iab5J1mtZp ) ',433008,8,3464064,'2023-01-09 10:16:59','2023-01-09 10:16:59',NULL),(529,1,170,114,'KFC ( 6gHt9cHT4D ) ',615053,2,1230106,'2023-01-09 10:16:59','2023-01-09 10:16:59',NULL),(530,1,150,115,'Casing Hp ( IfhzCMBn5D ) ',986854,4,3947416,'2023-01-09 10:16:59','2023-01-09 10:16:59',NULL),(531,1,54,115,'KFC ( pYD2CKxaL8 ) ',802346,10,8023460,'2023-01-09 10:16:59','2023-01-09 10:16:59',NULL),(532,1,105,115,'Jam Dinding ( orsDocqfMW ) ',964547,9,8680923,'2023-01-09 10:16:59','2023-01-09 10:16:59',NULL),(533,1,110,115,'KFC ( 5fusiPZkdN ) ',689865,8,5518920,'2023-01-09 10:16:59','2023-01-09 10:16:59',NULL),(534,1,170,115,'KFC ( 6gHt9cHT4D ) ',615053,6,3690318,'2023-01-09 10:16:59','2023-01-09 10:16:59',NULL),(535,1,49,115,'Pensil ( Wt1xGhfX48 ) ',926275,6,5557650,'2023-01-09 10:16:59','2023-01-09 10:16:59',NULL),(536,1,86,115,'Wings ( e0Ldu5PDrW ) ',519740,10,5197400,'2023-01-09 10:16:59','2023-01-09 10:16:59',NULL),(537,1,7,115,'Casing Hp ( h2VdoIAvd9 ) ',26309,7,184163,'2023-01-09 10:16:59','2023-01-09 10:16:59',NULL),(538,1,186,116,'Mixue ( omCvNE2cMk ) ',242628,4,970512,'2023-01-09 10:16:59','2023-01-09 10:16:59',NULL),(539,1,126,116,'Jam Dinding ( 29RgUtmx00 ) ',821453,4,3285812,'2023-01-09 10:16:59','2023-01-09 10:16:59',NULL),(540,1,73,116,'Casing Hp ( cJ2UpgQGVx ) ',768515,7,5379605,'2023-01-09 10:16:59','2023-01-09 10:16:59',NULL),(541,1,196,116,'Wings ( JEHbFYY6Lq ) ',474843,2,949686,'2023-01-09 10:16:59','2023-01-09 10:16:59',NULL),(542,1,82,116,'KFC ( iPQfNywOpZ ) ',229376,8,1835008,'2023-01-09 10:16:59','2023-01-09 10:16:59',NULL),(543,1,174,116,'KFC ( 1cIOoJ0yNv ) ',479862,7,3359034,'2023-01-09 10:16:59','2023-01-09 10:16:59',NULL),(544,1,117,116,'Casing Hp ( q9MQS9mGuv ) ',109537,3,328611,'2023-01-09 10:16:59','2023-01-09 10:16:59',NULL),(545,1,135,116,'Sampoerna ( 440MLIr3Ap ) ',843122,5,4215610,'2023-01-09 10:16:59','2023-01-09 10:16:59',NULL),(546,1,98,117,'Pensil ( BL2lmslwMP ) ',127698,1,127698,'2023-01-09 10:16:59','2023-01-09 10:16:59',NULL),(547,1,41,117,'Sampoerna ( RuYOtmliSt ) ',505629,1,505629,'2023-01-09 10:16:59','2023-01-09 10:16:59',NULL),(548,1,153,117,'Wings ( clqm7RCe7b ) ',63292,9,569628,'2023-01-09 10:16:59','2023-01-09 10:16:59',NULL),(549,1,180,117,'Casing Hp ( fNJ8RRDTc5 ) ',135042,10,1350420,'2023-01-09 10:16:59','2023-01-09 10:16:59',NULL),(550,1,109,117,'Lays ( DwXRQQryDq ) ',409585,4,1638340,'2023-01-09 10:16:59','2023-01-09 10:16:59',NULL),(551,1,155,117,'UniQlo ( G5yXwFPe25 ) ',668203,4,2672812,'2023-01-09 10:16:59','2023-01-09 10:16:59',NULL),(552,1,131,117,'UniQlo ( Py6iuNaJiN ) ',686898,9,6182082,'2023-01-09 10:16:59','2023-01-09 10:16:59',NULL),(553,1,14,117,'Lays ( 846sMdeAST ) ',243161,6,1458966,'2023-01-09 10:16:59','2023-01-09 10:16:59',NULL),(554,1,148,118,'Levis ( QeedLh7Fqr ) ',209920,3,629760,'2023-01-09 10:16:59','2023-01-09 10:16:59',NULL),(555,1,60,118,'Lays ( FQJwYY7bxe ) ',995258,7,6966806,'2023-01-09 10:16:59','2023-01-09 10:16:59',NULL),(556,1,167,118,'Levis ( slf50idx5r ) ',656545,3,1969635,'2023-01-09 10:16:59','2023-01-09 10:16:59',NULL),(557,1,81,118,'Levis ( 60P0EF9yt4 ) ',721921,2,1443842,'2023-01-09 10:16:59','2023-01-09 10:16:59',NULL),(558,1,200,119,'UniQlo ( atv3mDTLbe ) ',879652,1,879652,'2023-01-09 10:16:59','2023-01-09 10:16:59',NULL),(559,1,14,119,'Lays ( 846sMdeAST ) ',243161,9,2188449,'2023-01-09 10:16:59','2023-01-09 10:16:59',NULL),(560,1,164,119,'Lays ( c0xIDyzSWI ) ',456897,5,2284485,'2023-01-09 10:16:59','2023-01-09 10:16:59',NULL),(561,1,70,119,'Sampoerna ( 35ncMzqXrn ) ',292742,8,2341936,'2023-01-09 10:16:59','2023-01-09 10:16:59',NULL),(562,1,109,119,'Lays ( DwXRQQryDq ) ',409585,5,2047925,'2023-01-09 10:16:59','2023-01-09 10:16:59',NULL),(563,1,63,119,'Sampoerna ( yim1UgQxQP ) ',778769,5,3893845,'2023-01-09 10:16:59','2023-01-09 10:16:59',NULL),(564,1,161,120,'Lays ( MRpLDD0cbh ) ',870739,6,5224434,'2023-01-09 10:16:59','2023-01-09 10:16:59',NULL),(565,1,146,121,'KFC ( uqRbuQfXrn ) ',657238,9,5915142,'2023-01-09 10:16:59','2023-01-09 10:16:59',NULL),(566,1,196,121,'Wings ( JEHbFYY6Lq ) ',474843,6,2849058,'2023-01-09 10:16:59','2023-01-09 10:16:59',NULL),(567,1,29,122,'KFC ( gK8GePWryC ) ',393533,9,3541797,'2023-01-09 10:16:59','2023-01-09 10:16:59',NULL),(568,1,157,122,'Lays ( 1dYUV0zLjj ) ',194663,6,1167978,'2023-01-09 10:16:59','2023-01-09 10:16:59',NULL),(569,1,5,122,'Casing Hp ( WeiRO23eP3 ) ',621638,8,4973104,'2023-01-09 10:16:59','2023-01-09 10:16:59',NULL),(570,1,129,122,'UniQlo ( XbYz9VmZWr ) ',830898,8,6647184,'2023-01-09 10:16:59','2023-01-09 10:16:59',NULL),(571,1,10,122,'Wings ( WsmUHVhrhT ) ',598084,10,5980840,'2023-01-09 10:16:59','2023-01-09 10:16:59',NULL),(572,1,192,122,'Wings ( muINPU10Wj ) ',538824,5,2694120,'2023-01-09 10:16:59','2023-01-09 10:16:59',NULL),(573,1,122,122,'Mixue ( 0FiOwm3BqI ) ',173199,5,865995,'2023-01-09 10:16:59','2023-01-09 10:16:59',NULL),(574,1,96,123,'Wings ( NWnrxHC8RO ) ',373790,3,1121370,'2023-01-09 10:16:59','2023-01-09 10:16:59',NULL),(575,1,159,123,'KFC ( DVVqbIokDY ) ',858039,7,6006273,'2023-01-09 10:16:59','2023-01-09 10:16:59',NULL),(576,1,97,123,'Levis ( XO1yGuJBLf ) ',812407,5,4062035,'2023-01-09 10:16:59','2023-01-09 10:16:59',NULL),(577,1,125,123,'Wings ( 1uxK4IvxgD ) ',132428,1,132428,'2023-01-09 10:16:59','2023-01-09 10:16:59',NULL),(578,1,173,124,'UniQlo ( ismwItF1Um ) ',471025,6,2826150,'2023-01-09 10:16:59','2023-01-09 10:16:59',NULL),(579,1,174,124,'KFC ( 1cIOoJ0yNv ) ',479862,2,959724,'2023-01-09 10:16:59','2023-01-09 10:16:59',NULL),(580,1,11,125,'Pensil ( 9eWZbfZLED ) ',232262,2,464524,'2023-01-09 10:16:59','2023-01-09 10:16:59',NULL),(581,1,41,125,'Sampoerna ( RuYOtmliSt ) ',505629,7,3539403,'2023-01-09 10:16:59','2023-01-09 10:16:59',NULL),(582,1,174,125,'KFC ( 1cIOoJ0yNv ) ',479862,5,2399310,'2023-01-09 10:16:59','2023-01-09 10:16:59',NULL),(583,1,143,125,'Sampoerna ( XXZoc1wgpj ) ',737153,7,5160071,'2023-01-09 10:16:59','2023-01-09 10:16:59',NULL),(584,1,20,125,'Wings ( yaRpm1w3Tx ) ',667451,2,1334902,'2023-01-09 10:16:59','2023-01-09 10:16:59',NULL),(585,1,180,125,'Casing Hp ( fNJ8RRDTc5 ) ',135042,6,810252,'2023-01-09 10:16:59','2023-01-09 10:16:59',NULL),(586,1,135,125,'Sampoerna ( 440MLIr3Ap ) ',843122,9,7588098,'2023-01-09 10:16:59','2023-01-09 10:16:59',NULL),(587,1,166,126,'Wings ( yeaqVKMSCf ) ',406443,2,812886,'2023-01-09 10:16:59','2023-01-09 10:16:59',NULL),(588,1,122,126,'Mixue ( 0FiOwm3BqI ) ',173199,5,865995,'2023-01-09 10:16:59','2023-01-09 10:16:59',NULL),(589,1,168,126,'KFC ( PiiYlvTWr9 ) ',990291,2,1980582,'2023-01-09 10:16:59','2023-01-09 10:16:59',NULL),(590,1,4,126,'Sampoerna ( tHoO5aGe3n ) ',807829,6,4846974,'2023-01-09 10:16:59','2023-01-09 10:16:59',NULL),(591,1,198,126,'Wings ( 4ZAi85zJ0E ) ',546711,3,1640133,'2023-01-09 10:16:59','2023-01-09 10:16:59',NULL),(592,1,46,126,'Casing Hp ( MHyUTyBvA1 ) ',196780,8,1574240,'2023-01-09 10:16:59','2023-01-09 10:16:59',NULL),(593,1,120,126,'Jam Dinding ( NrkrwsoysW ) ',116583,10,1165830,'2023-01-09 10:16:59','2023-01-09 10:16:59',NULL),(594,1,111,126,'Casing Hp ( ZfVlYwZv3G ) ',814173,3,2442519,'2023-01-09 10:16:59','2023-01-09 10:16:59',NULL),(595,1,111,126,'Casing Hp ( ZfVlYwZv3G ) ',814173,3,2442519,'2023-01-09 10:16:59','2023-01-09 10:16:59',NULL),(596,1,148,126,'Levis ( QeedLh7Fqr ) ',209920,8,1679360,'2023-01-09 10:16:59','2023-01-09 10:16:59',NULL),(597,1,111,127,'Casing Hp ( ZfVlYwZv3G ) ',814173,8,6513384,'2023-01-09 10:16:59','2023-01-09 10:16:59',NULL),(598,1,41,127,'Sampoerna ( RuYOtmliSt ) ',505629,7,3539403,'2023-01-09 10:16:59','2023-01-09 10:16:59',NULL),(599,1,82,127,'KFC ( iPQfNywOpZ ) ',229376,10,2293760,'2023-01-09 10:16:59','2023-01-09 10:16:59',NULL),(600,1,110,127,'KFC ( 5fusiPZkdN ) ',689865,2,1379730,'2023-01-09 10:16:59','2023-01-09 10:16:59',NULL),(601,1,183,128,'UniQlo ( tLgihXqdiS ) ',648183,3,1944549,'2023-01-09 10:16:59','2023-01-09 10:16:59',NULL),(602,1,86,128,'Wings ( e0Ldu5PDrW ) ',519740,8,4157920,'2023-01-09 10:16:59','2023-01-09 10:16:59',NULL),(603,1,68,128,'Wings ( 7CZyiBZCNg ) ',132267,3,396801,'2023-01-09 10:16:59','2023-01-09 10:16:59',NULL),(604,1,106,129,'Lays ( 8RcDaXZvPm ) ',872079,4,3488316,'2023-01-09 10:16:59','2023-01-09 10:16:59',NULL),(605,1,193,129,'UniQlo ( x4zi0GD06m ) ',584900,8,4679200,'2023-01-09 10:16:59','2023-01-09 10:16:59',NULL),(606,1,151,129,'Levis ( KGnFkCsOPX ) ',122853,3,368559,'2023-01-09 10:16:59','2023-01-09 10:16:59',NULL),(607,1,180,129,'Casing Hp ( fNJ8RRDTc5 ) ',135042,1,135042,'2023-01-09 10:16:59','2023-01-09 10:16:59',NULL),(608,1,32,129,'UniQlo ( xWlMK9DD3d ) ',229824,7,1608768,'2023-01-09 10:16:59','2023-01-09 10:16:59',NULL),(609,1,103,130,'Levis ( upSZ4Qy5BM ) ',327902,2,655804,'2023-01-09 10:16:59','2023-01-09 10:16:59',NULL),(610,1,157,130,'Lays ( 1dYUV0zLjj ) ',194663,1,194663,'2023-01-09 10:16:59','2023-01-09 10:16:59',NULL),(611,1,175,131,'Wings ( rwWHKROceP ) ',902159,5,4510795,'2023-01-09 10:16:59','2023-01-09 10:16:59',NULL),(612,1,176,131,'Jam Dinding ( SbUy6NIyMU ) ',968394,7,6778758,'2023-01-09 10:16:59','2023-01-09 10:16:59',NULL),(613,1,20,131,'Wings ( yaRpm1w3Tx ) ',667451,1,667451,'2023-01-09 10:16:59','2023-01-09 10:16:59',NULL),(614,1,29,132,'KFC ( gK8GePWryC ) ',393533,2,787066,'2023-01-09 10:16:59','2023-01-09 10:16:59',NULL),(615,1,159,132,'KFC ( DVVqbIokDY ) ',858039,2,1716078,'2023-01-09 10:16:59','2023-01-09 10:16:59',NULL),(616,1,80,132,'Casing Hp ( zSVZs2GgXm ) ',671236,3,2013708,'2023-01-09 10:16:59','2023-01-09 10:16:59',NULL),(617,1,153,132,'Wings ( clqm7RCe7b ) ',63292,2,126584,'2023-01-09 10:16:59','2023-01-09 10:16:59',NULL),(618,1,171,132,'Sampoerna ( E34z7grj1X ) ',455881,7,3191167,'2023-01-09 10:16:59','2023-01-09 10:16:59',NULL),(619,1,127,133,'Levis ( zp2qpvJ3I9 ) ',351256,7,2458792,'2023-01-09 10:16:59','2023-01-09 10:16:59',NULL),(620,1,92,134,'Pensil ( Zwex66xOq6 ) ',118118,1,118118,'2023-01-09 10:16:59','2023-01-09 10:16:59',NULL),(621,1,112,134,'Pensil ( Wqsf6Q6itR ) ',531527,9,4783743,'2023-01-09 10:16:59','2023-01-09 10:16:59',NULL),(622,1,102,134,'Levis ( PxgAEEctH2 ) ',580180,7,4061260,'2023-01-09 10:16:59','2023-01-09 10:16:59',NULL),(623,1,34,134,'Mixue ( Iab5J1mtZp ) ',433008,6,2598048,'2023-01-09 10:16:59','2023-01-09 10:16:59',NULL),(624,1,101,135,'Pensil ( rdo5GhaWDh ) ',175050,8,1400400,'2023-01-09 10:16:59','2023-01-09 10:16:59',NULL),(625,1,62,135,'Casing Hp ( E6dO9GeIcT ) ',959568,2,1919136,'2023-01-09 10:16:59','2023-01-09 10:16:59',NULL),(626,1,192,135,'Wings ( muINPU10Wj ) ',538824,7,3771768,'2023-01-09 10:16:59','2023-01-09 10:16:59',NULL),(627,1,172,135,'Pensil ( Jj8dYKg1Xk ) ',665126,8,5321008,'2023-01-09 10:16:59','2023-01-09 10:16:59',NULL),(628,1,65,135,'Lays ( eOPa2pjwlL ) ',284112,2,568224,'2023-01-09 10:16:59','2023-01-09 10:16:59',NULL),(629,1,34,135,'Mixue ( Iab5J1mtZp ) ',433008,10,4330080,'2023-01-09 10:16:59','2023-01-09 10:16:59',NULL),(630,1,147,136,'Lays ( A7Wh6n0PA7 ) ',281749,5,1408745,'2023-01-09 10:16:59','2023-01-09 10:16:59',NULL),(631,1,192,136,'Wings ( muINPU10Wj ) ',538824,8,4310592,'2023-01-09 10:16:59','2023-01-09 10:16:59',NULL),(632,1,109,136,'Lays ( DwXRQQryDq ) ',409585,1,409585,'2023-01-09 10:16:59','2023-01-09 10:16:59',NULL),(633,1,184,136,'Pensil ( 6qlPlixNnv ) ',480453,3,1441359,'2023-01-09 10:16:59','2023-01-09 10:16:59',NULL),(634,1,116,136,'Mixue ( LpFggOiMlA ) ',192590,10,1925900,'2023-01-09 10:16:59','2023-01-09 10:16:59',NULL),(635,1,132,137,'Mixue ( zCpgLsh4cR ) ',467194,7,3270358,'2023-01-09 10:16:59','2023-01-09 10:16:59',NULL),(636,1,164,137,'Lays ( c0xIDyzSWI ) ',456897,2,913794,'2023-01-09 10:16:59','2023-01-09 10:16:59',NULL),(637,1,79,138,'Levis ( MapEWyohAi ) ',499083,6,2994498,'2023-01-09 10:16:59','2023-01-09 10:16:59',NULL),(638,1,189,138,'Casing Hp ( mKyhte5fR6 ) ',386571,1,386571,'2023-01-09 10:16:59','2023-01-09 10:16:59',NULL),(639,1,191,138,'Sampoerna ( JU923AoA9m ) ',432503,6,2595018,'2023-01-09 10:16:59','2023-01-09 10:16:59',NULL),(640,1,4,138,'Sampoerna ( tHoO5aGe3n ) ',807829,10,8078290,'2023-01-09 10:16:59','2023-01-09 10:16:59',NULL),(641,1,49,138,'Pensil ( Wt1xGhfX48 ) ',926275,4,3705100,'2023-01-09 10:16:59','2023-01-09 10:16:59',NULL),(642,1,146,138,'KFC ( uqRbuQfXrn ) ',657238,7,4600666,'2023-01-09 10:16:59','2023-01-09 10:16:59',NULL),(643,1,59,138,'Lays ( QilEpJzKjd ) ',544250,2,1088500,'2023-01-09 10:16:59','2023-01-09 10:16:59',NULL),(644,1,68,138,'Wings ( 7CZyiBZCNg ) ',132267,8,1058136,'2023-01-09 10:16:59','2023-01-09 10:16:59',NULL),(645,1,120,138,'Jam Dinding ( NrkrwsoysW ) ',116583,10,1165830,'2023-01-09 10:16:59','2023-01-09 10:16:59',NULL),(646,1,43,139,'Pensil ( 4Zel5UTytZ ) ',258160,6,1548960,'2023-01-09 10:16:59','2023-01-09 10:16:59',NULL),(647,1,108,139,'Lays ( r7J7VvXxGY ) ',285860,8,2286880,'2023-01-09 10:16:59','2023-01-09 10:16:59',NULL),(648,1,154,139,'Casing Hp ( pawzSp8y4n ) ',530743,6,3184458,'2023-01-09 10:16:59','2023-01-09 10:16:59',NULL),(649,1,130,139,'UniQlo ( hi73z7ZUnk ) ',869020,7,6083140,'2023-01-09 10:16:59','2023-01-09 10:16:59',NULL),(650,1,105,139,'Jam Dinding ( orsDocqfMW ) ',964547,3,2893641,'2023-01-09 10:16:59','2023-01-09 10:16:59',NULL),(651,1,97,139,'Levis ( XO1yGuJBLf ) ',812407,3,2437221,'2023-01-09 10:16:59','2023-01-09 10:16:59',NULL),(652,1,90,139,'Levis ( JCB4zafTBS ) ',560103,10,5601030,'2023-01-09 10:16:59','2023-01-09 10:16:59',NULL),(653,1,147,140,'Lays ( A7Wh6n0PA7 ) ',281749,6,1690494,'2023-01-09 10:16:59','2023-01-09 10:16:59',NULL),(654,1,196,140,'Wings ( JEHbFYY6Lq ) ',474843,4,1899372,'2023-01-09 10:16:59','2023-01-09 10:16:59',NULL),(655,1,191,140,'Sampoerna ( JU923AoA9m ) ',432503,6,2595018,'2023-01-09 10:16:59','2023-01-09 10:16:59',NULL),(656,1,115,140,'Lays ( x9vFfB70XR ) ',303967,4,1215868,'2023-01-09 10:16:59','2023-01-09 10:16:59',NULL),(657,1,196,141,'Wings ( JEHbFYY6Lq ) ',474843,2,949686,'2023-01-09 10:16:59','2023-01-09 10:16:59',NULL),(658,1,86,141,'Wings ( e0Ldu5PDrW ) ',519740,4,2078960,'2023-01-09 10:16:59','2023-01-09 10:16:59',NULL),(659,1,144,141,'Casing Hp ( e2ooLpBtTx ) ',222502,1,222502,'2023-01-09 10:16:59','2023-01-09 10:16:59',NULL),(660,1,189,141,'Casing Hp ( mKyhte5fR6 ) ',386571,6,2319426,'2023-01-09 10:16:59','2023-01-09 10:16:59',NULL),(661,1,186,141,'Mixue ( omCvNE2cMk ) ',242628,2,485256,'2023-01-09 10:16:59','2023-01-09 10:16:59',NULL),(662,1,47,141,'Levis ( O4WMivuvBq ) ',64755,1,64755,'2023-01-09 10:16:59','2023-01-09 10:16:59',NULL),(663,1,159,142,'KFC ( DVVqbIokDY ) ',858039,4,3432156,'2023-01-09 10:16:59','2023-01-09 10:16:59',NULL),(664,1,116,142,'Mixue ( LpFggOiMlA ) ',192590,1,192590,'2023-01-09 10:16:59','2023-01-09 10:16:59',NULL),(665,1,74,142,'Sampoerna ( 5fPtUWtRjE ) ',113716,9,1023444,'2023-01-09 10:16:59','2023-01-09 10:16:59',NULL),(666,1,159,143,'KFC ( DVVqbIokDY ) ',858039,5,4290195,'2023-01-09 10:16:59','2023-01-09 10:16:59',NULL),(667,1,86,143,'Wings ( e0Ldu5PDrW ) ',519740,3,1559220,'2023-01-09 10:16:59','2023-01-09 10:16:59',NULL),(668,1,156,143,'Jam Dinding ( S9unxyKoRT ) ',74071,9,666639,'2023-01-09 10:16:59','2023-01-09 10:16:59',NULL),(669,1,137,143,'Jam Dinding ( KwvDhav8Bb ) ',246738,1,246738,'2023-01-09 10:16:59','2023-01-09 10:16:59',NULL),(670,1,37,143,'Wings ( y68BpnEzI4 ) ',417728,1,417728,'2023-01-09 10:16:59','2023-01-09 10:16:59',NULL),(671,1,145,143,'Casing Hp ( qNvuiJKCBH ) ',616987,1,616987,'2023-01-09 10:16:59','2023-01-09 10:16:59',NULL),(672,1,143,144,'Sampoerna ( XXZoc1wgpj ) ',737153,5,3685765,'2023-01-09 10:16:59','2023-01-09 10:16:59',NULL),(673,1,111,144,'Casing Hp ( ZfVlYwZv3G ) ',814173,8,6513384,'2023-01-09 10:16:59','2023-01-09 10:16:59',NULL),(674,1,93,144,'Wings ( msZsJp4I42 ) ',34343,9,309087,'2023-01-09 10:16:59','2023-01-09 10:16:59',NULL),(675,1,151,144,'Levis ( KGnFkCsOPX ) ',122853,7,859971,'2023-01-09 10:16:59','2023-01-09 10:16:59',NULL),(676,1,158,145,'Casing Hp ( hknMxeO5vR ) ',361376,10,3613760,'2023-01-09 10:16:59','2023-01-09 10:16:59',NULL),(677,1,143,145,'Sampoerna ( XXZoc1wgpj ) ',737153,1,737153,'2023-01-09 10:16:59','2023-01-09 10:16:59',NULL),(678,1,5,145,'Casing Hp ( WeiRO23eP3 ) ',621638,10,6216380,'2023-01-09 10:16:59','2023-01-09 10:16:59',NULL),(679,1,121,145,'Casing Hp ( Bd7BGF3OdF ) ',540468,8,4323744,'2023-01-09 10:16:59','2023-01-09 10:16:59',NULL),(680,1,146,145,'KFC ( uqRbuQfXrn ) ',657238,9,5915142,'2023-01-09 10:16:59','2023-01-09 10:16:59',NULL),(681,1,37,146,'Wings ( y68BpnEzI4 ) ',417728,5,2088640,'2023-01-09 10:16:59','2023-01-09 10:16:59',NULL),(682,1,73,146,'Casing Hp ( cJ2UpgQGVx ) ',768515,10,7685150,'2023-01-09 10:16:59','2023-01-09 10:16:59',NULL),(683,1,145,147,'Casing Hp ( qNvuiJKCBH ) ',616987,2,1233974,'2023-01-09 10:16:59','2023-01-09 10:16:59',NULL),(684,1,48,147,'Casing Hp ( 1JG6LhtAVz ) ',85620,4,342480,'2023-01-09 10:16:59','2023-01-09 10:16:59',NULL),(685,1,189,148,'Casing Hp ( mKyhte5fR6 ) ',386571,2,773142,'2023-01-09 10:16:59','2023-01-09 10:16:59',NULL),(686,1,108,149,'Lays ( r7J7VvXxGY ) ',285860,9,2572740,'2023-01-09 10:16:59','2023-01-09 10:16:59',NULL),(687,1,128,149,'Lays ( u3zXSmmqt7 ) ',78857,7,551999,'2023-01-09 10:16:59','2023-01-09 10:16:59',NULL),(688,1,115,149,'Lays ( x9vFfB70XR ) ',303967,3,911901,'2023-01-09 10:16:59','2023-01-09 10:16:59',NULL),(689,1,100,149,'Wings ( rAJyvA8NYi ) ',407831,5,2039155,'2023-01-09 10:16:59','2023-01-09 10:16:59',NULL),(690,1,91,149,'UniQlo ( cLyjJ3UjHa ) ',158108,1,158108,'2023-01-09 10:16:59','2023-01-09 10:16:59',NULL),(691,1,199,149,'Sampoerna ( Kkjh12LvaU ) ',177548,8,1420384,'2023-01-09 10:16:59','2023-01-09 10:16:59',NULL),(692,1,172,149,'Pensil ( Jj8dYKg1Xk ) ',665126,3,1995378,'2023-01-09 10:16:59','2023-01-09 10:16:59',NULL),(693,1,143,149,'Sampoerna ( XXZoc1wgpj ) ',737153,1,737153,'2023-01-09 10:16:59','2023-01-09 10:16:59',NULL),(694,1,16,149,'Casing Hp ( eifgkdFKhY ) ',12358,8,98864,'2023-01-09 10:16:59','2023-01-09 10:16:59',NULL),(695,1,7,150,'Casing Hp ( h2VdoIAvd9 ) ',26309,7,184163,'2023-01-09 10:16:59','2023-01-09 10:16:59',NULL),(696,1,104,151,'Sampoerna ( GS8HL4L2l7 ) ',31509,7,220563,'2023-01-09 10:16:59','2023-01-09 10:16:59',NULL),(697,1,37,151,'Wings ( y68BpnEzI4 ) ',417728,7,2924096,'2023-01-09 10:16:59','2023-01-09 10:16:59',NULL),(698,1,4,151,'Sampoerna ( tHoO5aGe3n ) ',807829,1,807829,'2023-01-09 10:16:59','2023-01-09 10:16:59',NULL),(699,1,28,151,'Casing Hp ( rjb2JIC4Lk ) ',514741,10,5147410,'2023-01-09 10:16:59','2023-01-09 10:16:59',NULL),(700,1,80,152,'Casing Hp ( zSVZs2GgXm ) ',671236,7,4698652,'2023-01-09 10:16:59','2023-01-09 10:16:59',NULL),(701,1,43,153,'Pensil ( 4Zel5UTytZ ) ',258160,10,2581600,'2023-01-09 10:16:59','2023-01-09 10:16:59',NULL),(702,1,167,153,'Levis ( slf50idx5r ) ',656545,3,1969635,'2023-01-09 10:16:59','2023-01-09 10:16:59',NULL),(703,1,158,153,'Casing Hp ( hknMxeO5vR ) ',361376,4,1445504,'2023-01-09 10:16:59','2023-01-09 10:16:59',NULL),(704,1,57,154,'Jam Dinding ( vL4vT7mmKc ) ',746562,9,6719058,'2023-01-09 10:16:59','2023-01-09 10:16:59',NULL),(705,1,106,154,'Lays ( 8RcDaXZvPm ) ',872079,3,2616237,'2023-01-09 10:16:59','2023-01-09 10:16:59',NULL),(706,1,60,155,'Lays ( FQJwYY7bxe ) ',995258,1,995258,'2023-01-09 10:16:59','2023-01-09 10:16:59',NULL),(707,1,5,155,'Casing Hp ( WeiRO23eP3 ) ',621638,7,4351466,'2023-01-09 10:16:59','2023-01-09 10:16:59',NULL),(708,1,18,155,'UniQlo ( gNWDEQdwY5 ) ',349824,8,2798592,'2023-01-09 10:16:59','2023-01-09 10:16:59',NULL),(709,1,187,155,'Levis ( LhcN0gzXAI ) ',847799,1,847799,'2023-01-09 10:16:59','2023-01-09 10:16:59',NULL),(710,1,172,156,'Pensil ( Jj8dYKg1Xk ) ',665126,2,1330252,'2023-01-09 10:16:59','2023-01-09 10:16:59',NULL),(711,1,165,156,'Jam Dinding ( hpdrkkHkw8 ) ',767125,6,4602750,'2023-01-09 10:16:59','2023-01-09 10:16:59',NULL),(712,1,125,156,'Wings ( 1uxK4IvxgD ) ',132428,10,1324280,'2023-01-09 10:16:59','2023-01-09 10:16:59',NULL),(713,1,18,156,'UniQlo ( gNWDEQdwY5 ) ',349824,4,1399296,'2023-01-09 10:16:59','2023-01-09 10:16:59',NULL),(714,1,2,157,'Lays ( eCsOpCY2Ww ) ',594047,4,2376188,'2023-01-09 10:16:59','2023-01-09 10:16:59',NULL),(715,1,127,157,'Levis ( zp2qpvJ3I9 ) ',351256,1,351256,'2023-01-09 10:16:59','2023-01-09 10:16:59',NULL),(716,1,170,157,'KFC ( 6gHt9cHT4D ) ',615053,5,3075265,'2023-01-09 10:16:59','2023-01-09 10:16:59',NULL),(717,1,28,158,'Casing Hp ( rjb2JIC4Lk ) ',514741,2,1029482,'2023-01-09 10:16:59','2023-01-09 10:16:59',NULL),(718,1,41,158,'Sampoerna ( RuYOtmliSt ) ',505629,1,505629,'2023-01-09 10:16:59','2023-01-09 10:16:59',NULL),(719,1,35,158,'Wings ( 1azwnQZkSg ) ',842014,3,2526042,'2023-01-09 10:16:59','2023-01-09 10:16:59',NULL),(720,1,194,158,'Pensil ( ZgARZJJZtE ) ',592410,1,592410,'2023-01-09 10:16:59','2023-01-09 10:16:59',NULL),(721,1,199,158,'Sampoerna ( Kkjh12LvaU ) ',177548,6,1065288,'2023-01-09 10:16:59','2023-01-09 10:16:59',NULL),(722,1,128,158,'Lays ( u3zXSmmqt7 ) ',78857,8,630856,'2023-01-09 10:16:59','2023-01-09 10:16:59',NULL),(723,1,59,158,'Lays ( QilEpJzKjd ) ',544250,5,2721250,'2023-01-09 10:16:59','2023-01-09 10:16:59',NULL),(724,1,63,158,'Sampoerna ( yim1UgQxQP ) ',778769,1,778769,'2023-01-09 10:16:59','2023-01-09 10:16:59',NULL),(725,1,83,159,'Casing Hp ( u5tPpXCLSR ) ',804083,1,804083,'2023-01-09 10:16:59','2023-01-09 10:16:59',NULL),(726,1,191,159,'Sampoerna ( JU923AoA9m ) ',432503,5,2162515,'2023-01-09 10:16:59','2023-01-09 10:16:59',NULL),(727,1,129,159,'UniQlo ( XbYz9VmZWr ) ',830898,1,830898,'2023-01-09 10:16:59','2023-01-09 10:16:59',NULL),(728,1,46,159,'Casing Hp ( MHyUTyBvA1 ) ',196780,8,1574240,'2023-01-09 10:16:59','2023-01-09 10:16:59',NULL),(729,1,128,159,'Lays ( u3zXSmmqt7 ) ',78857,2,157714,'2023-01-09 10:16:59','2023-01-09 10:16:59',NULL),(730,1,106,159,'Lays ( 8RcDaXZvPm ) ',872079,8,6976632,'2023-01-09 10:16:59','2023-01-09 10:16:59',NULL),(731,1,117,159,'Casing Hp ( q9MQS9mGuv ) ',109537,8,876296,'2023-01-09 10:16:59','2023-01-09 10:16:59',NULL),(732,1,181,159,'Mixue ( 9DXDFSK1te ) ',796861,5,3984305,'2023-01-09 10:16:59','2023-01-09 10:16:59',NULL),(733,1,198,161,'Wings ( 4ZAi85zJ0E ) ',546711,8,4373688,'2023-01-09 10:16:59','2023-01-09 10:16:59',NULL),(734,1,138,161,'Pensil ( XMt46lg4xQ ) ',233817,3,701451,'2023-01-09 10:16:59','2023-01-09 10:16:59',NULL),(735,1,33,162,'Mixue ( JrhtS6I09y ) ',328154,10,3281540,'2023-01-09 10:16:59','2023-01-09 10:16:59',NULL),(736,1,27,162,'Levis ( eL77GEUq1z ) ',608695,5,3043475,'2023-01-09 10:16:59','2023-01-09 10:16:59',NULL),(737,1,173,163,'UniQlo ( ismwItF1Um ) ',471025,9,4239225,'2023-01-09 10:16:59','2023-01-09 10:16:59',NULL),(738,1,77,163,'KFC ( K8A78nBSsc ) ',90927,5,454635,'2023-01-09 10:16:59','2023-01-09 10:16:59',NULL),(739,1,58,163,'Levis ( ISHS1N1wyv ) ',878348,1,878348,'2023-01-09 10:16:59','2023-01-09 10:16:59',NULL),(740,1,46,163,'Casing Hp ( MHyUTyBvA1 ) ',196780,7,1377460,'2023-01-09 10:16:59','2023-01-09 10:16:59',NULL),(741,1,174,163,'KFC ( 1cIOoJ0yNv ) ',479862,7,3359034,'2023-01-09 10:16:59','2023-01-09 10:16:59',NULL),(742,1,18,163,'UniQlo ( gNWDEQdwY5 ) ',349824,6,2098944,'2023-01-09 10:16:59','2023-01-09 10:16:59',NULL),(743,1,92,164,'Pensil ( Zwex66xOq6 ) ',118118,4,472472,'2023-01-09 10:16:59','2023-01-09 10:16:59',NULL),(744,1,182,165,'Wings ( CjETwnToQD ) ',526023,9,4734207,'2023-01-09 10:16:59','2023-01-09 10:16:59',NULL),(745,1,192,165,'Wings ( muINPU10Wj ) ',538824,8,4310592,'2023-01-09 10:16:59','2023-01-09 10:16:59',NULL),(746,1,59,165,'Lays ( QilEpJzKjd ) ',544250,9,4898250,'2023-01-09 10:16:59','2023-01-09 10:16:59',NULL),(747,1,74,166,'Sampoerna ( 5fPtUWtRjE ) ',113716,7,796012,'2023-01-09 10:16:59','2023-01-09 10:16:59',NULL),(748,1,103,166,'Levis ( upSZ4Qy5BM ) ',327902,7,2295314,'2023-01-09 10:16:59','2023-01-09 10:16:59',NULL),(749,1,65,166,'Lays ( eOPa2pjwlL ) ',284112,3,852336,'2023-01-09 10:16:59','2023-01-09 10:16:59',NULL),(750,1,8,166,'Jam Dinding ( W1R5uEWMM3 ) ',645070,10,6450700,'2023-01-09 10:16:59','2023-01-09 10:16:59',NULL),(751,1,106,166,'Lays ( 8RcDaXZvPm ) ',872079,7,6104553,'2023-01-09 10:16:59','2023-01-09 10:16:59',NULL),(752,1,112,166,'Pensil ( Wqsf6Q6itR ) ',531527,7,3720689,'2023-01-09 10:16:59','2023-01-09 10:16:59',NULL),(753,1,130,167,'UniQlo ( hi73z7ZUnk ) ',869020,1,869020,'2023-01-09 10:16:59','2023-01-09 10:16:59',NULL),(754,1,47,167,'Levis ( O4WMivuvBq ) ',64755,3,194265,'2023-01-09 10:16:59','2023-01-09 10:16:59',NULL),(755,1,65,167,'Lays ( eOPa2pjwlL ) ',284112,8,2272896,'2023-01-09 10:16:59','2023-01-09 10:16:59',NULL),(756,1,113,167,'Lays ( JQJRTK4EDM ) ',139141,8,1113128,'2023-01-09 10:16:59','2023-01-09 10:16:59',NULL),(757,1,100,167,'Wings ( rAJyvA8NYi ) ',407831,9,3670479,'2023-01-09 10:16:59','2023-01-09 10:16:59',NULL),(758,1,168,167,'KFC ( PiiYlvTWr9 ) ',990291,9,8912619,'2023-01-09 10:16:59','2023-01-09 10:16:59',NULL),(759,1,66,167,'Levis ( puZ513as4l ) ',810920,2,1621840,'2023-01-09 10:16:59','2023-01-09 10:16:59',NULL),(760,1,74,168,'Sampoerna ( 5fPtUWtRjE ) ',113716,8,909728,'2023-01-09 10:16:59','2023-01-09 10:16:59',NULL),(761,1,116,168,'Mixue ( LpFggOiMlA ) ',192590,9,1733310,'2023-01-09 10:16:59','2023-01-09 10:16:59',NULL),(762,1,174,168,'KFC ( 1cIOoJ0yNv ) ',479862,3,1439586,'2023-01-09 10:16:59','2023-01-09 10:16:59',NULL),(763,1,18,168,'UniQlo ( gNWDEQdwY5 ) ',349824,10,3498240,'2023-01-09 10:16:59','2023-01-09 10:16:59',NULL),(764,1,108,168,'Lays ( r7J7VvXxGY ) ',285860,6,1715160,'2023-01-09 10:16:59','2023-01-09 10:16:59',NULL),(765,1,32,169,'UniQlo ( xWlMK9DD3d ) ',229824,2,459648,'2023-01-09 10:16:59','2023-01-09 10:16:59',NULL),(766,1,41,169,'Sampoerna ( RuYOtmliSt ) ',505629,1,505629,'2023-01-09 10:16:59','2023-01-09 10:16:59',NULL),(767,1,198,169,'Wings ( 4ZAi85zJ0E ) ',546711,7,3826977,'2023-01-09 10:16:59','2023-01-09 10:16:59',NULL),(768,1,197,170,'Lays ( agSsEDvpSk ) ',709381,10,7093810,'2023-01-09 10:16:59','2023-01-09 10:16:59',NULL),(769,1,173,170,'UniQlo ( ismwItF1Um ) ',471025,8,3768200,'2023-01-09 10:16:59','2023-01-09 10:16:59',NULL),(770,1,95,170,'Casing Hp ( ZX6ixCgyj7 ) ',87698,8,701584,'2023-01-09 10:16:59','2023-01-09 10:16:59',NULL),(771,1,116,170,'Mixue ( LpFggOiMlA ) ',192590,5,962950,'2023-01-09 10:16:59','2023-01-09 10:16:59',NULL),(772,1,178,170,'KFC ( Xbd8u2hKjz ) ',250969,5,1254845,'2023-01-09 10:16:59','2023-01-09 10:16:59',NULL),(773,1,5,171,'Casing Hp ( WeiRO23eP3 ) ',621638,2,1243276,'2023-01-09 10:16:59','2023-01-09 10:16:59',NULL),(774,1,183,171,'UniQlo ( tLgihXqdiS ) ',648183,8,5185464,'2023-01-09 10:16:59','2023-01-09 10:16:59',NULL),(775,1,149,172,'Wings ( Yn69EaVVtH ) ',232096,9,2088864,'2023-01-09 10:16:59','2023-01-09 10:16:59',NULL),(776,1,106,172,'Lays ( 8RcDaXZvPm ) ',872079,2,1744158,'2023-01-09 10:16:59','2023-01-09 10:16:59',NULL),(777,1,169,172,'Jam Dinding ( xZcfWfT7WQ ) ',838464,10,8384640,'2023-01-09 10:16:59','2023-01-09 10:16:59',NULL),(778,1,161,172,'Lays ( MRpLDD0cbh ) ',870739,1,870739,'2023-01-09 10:16:59','2023-01-09 10:16:59',NULL),(779,1,73,172,'Casing Hp ( cJ2UpgQGVx ) ',768515,2,1537030,'2023-01-09 10:16:59','2023-01-09 10:16:59',NULL),(780,1,161,172,'Lays ( MRpLDD0cbh ) ',870739,5,4353695,'2023-01-09 10:16:59','2023-01-09 10:16:59',NULL),(781,1,171,172,'Sampoerna ( E34z7grj1X ) ',455881,8,3647048,'2023-01-09 10:16:59','2023-01-09 10:16:59',NULL),(782,1,48,172,'Casing Hp ( 1JG6LhtAVz ) ',85620,3,256860,'2023-01-09 10:16:59','2023-01-09 10:16:59',NULL),(783,1,184,173,'Pensil ( 6qlPlixNnv ) ',480453,8,3843624,'2023-01-09 10:16:59','2023-01-09 10:16:59',NULL),(784,1,148,173,'Levis ( QeedLh7Fqr ) ',209920,8,1679360,'2023-01-09 10:16:59','2023-01-09 10:16:59',NULL),(785,1,71,173,'UniQlo ( Aziwtjq8ee ) ',264626,5,1323130,'2023-01-09 10:16:59','2023-01-09 10:16:59',NULL),(786,1,94,173,'Jam Dinding ( q5MRdhlAZf ) ',997148,7,6980036,'2023-01-09 10:16:59','2023-01-09 10:16:59',NULL),(787,1,167,173,'Levis ( slf50idx5r ) ',656545,7,4595815,'2023-01-09 10:16:59','2023-01-09 10:16:59',NULL),(788,1,189,174,'Casing Hp ( mKyhte5fR6 ) ',386571,8,3092568,'2023-01-09 10:16:59','2023-01-09 10:16:59',NULL),(789,1,2,175,'Lays ( eCsOpCY2Ww ) ',594047,9,5346423,'2023-01-09 10:16:59','2023-01-09 10:16:59',NULL),(790,1,157,175,'Lays ( 1dYUV0zLjj ) ',194663,5,973315,'2023-01-09 10:16:59','2023-01-09 10:16:59',NULL),(791,1,159,175,'KFC ( DVVqbIokDY ) ',858039,1,858039,'2023-01-09 10:16:59','2023-01-09 10:16:59',NULL),(792,1,18,176,'UniQlo ( gNWDEQdwY5 ) ',349824,2,699648,'2023-01-09 10:16:59','2023-01-09 10:16:59',NULL),(793,1,200,177,'UniQlo ( atv3mDTLbe ) ',879652,7,6157564,'2023-01-09 10:16:59','2023-01-09 10:16:59',NULL),(794,1,187,177,'Levis ( LhcN0gzXAI ) ',847799,5,4238995,'2023-01-09 10:16:59','2023-01-09 10:16:59',NULL),(795,1,196,177,'Wings ( JEHbFYY6Lq ) ',474843,5,2374215,'2023-01-09 10:16:59','2023-01-09 10:16:59',NULL),(796,1,81,178,'Levis ( 60P0EF9yt4 ) ',721921,5,3609605,'2023-01-09 10:16:59','2023-01-09 10:16:59',NULL),(797,1,137,178,'Jam Dinding ( KwvDhav8Bb ) ',246738,9,2220642,'2023-01-09 10:16:59','2023-01-09 10:16:59',NULL),(798,1,200,178,'UniQlo ( atv3mDTLbe ) ',879652,4,3518608,'2023-01-09 10:16:59','2023-01-09 10:16:59',NULL),(799,1,195,178,'Levis ( 3FdB4P9JQq ) ',18626,6,111756,'2023-01-09 10:16:59','2023-01-09 10:16:59',NULL),(800,1,27,178,'Levis ( eL77GEUq1z ) ',608695,5,3043475,'2023-01-09 10:16:59','2023-01-09 10:16:59',NULL),(801,1,27,178,'Levis ( eL77GEUq1z ) ',608695,3,1826085,'2023-01-09 10:16:59','2023-01-09 10:16:59',NULL),(802,1,199,178,'Sampoerna ( Kkjh12LvaU ) ',177548,6,1065288,'2023-01-09 10:16:59','2023-01-09 10:16:59',NULL),(803,1,174,178,'KFC ( 1cIOoJ0yNv ) ',479862,8,3838896,'2023-01-09 10:16:59','2023-01-09 10:16:59',NULL),(804,1,191,179,'Sampoerna ( JU923AoA9m ) ',432503,9,3892527,'2023-01-09 10:16:59','2023-01-09 10:16:59',NULL),(805,1,92,179,'Pensil ( Zwex66xOq6 ) ',118118,9,1063062,'2023-01-09 10:16:59','2023-01-09 10:16:59',NULL),(806,1,170,179,'KFC ( 6gHt9cHT4D ) ',615053,5,3075265,'2023-01-09 10:16:59','2023-01-09 10:16:59',NULL),(807,1,180,179,'Casing Hp ( fNJ8RRDTc5 ) ',135042,3,405126,'2023-01-09 10:16:59','2023-01-09 10:16:59',NULL),(808,1,112,179,'Pensil ( Wqsf6Q6itR ) ',531527,6,3189162,'2023-01-09 10:16:59','2023-01-09 10:16:59',NULL),(809,1,163,179,'Wings ( B0wAJQ7x31 ) ',726795,3,2180385,'2023-01-09 10:16:59','2023-01-09 10:16:59',NULL),(810,1,49,180,'Pensil ( Wt1xGhfX48 ) ',926275,7,6483925,'2023-01-09 10:16:59','2023-01-09 10:16:59',NULL),(811,1,159,180,'KFC ( DVVqbIokDY ) ',858039,4,3432156,'2023-01-09 10:16:59','2023-01-09 10:16:59',NULL),(812,1,158,180,'Casing Hp ( hknMxeO5vR ) ',361376,2,722752,'2023-01-09 10:16:59','2023-01-09 10:16:59',NULL),(813,1,84,180,'Jam Dinding ( r4jEQsj3UM ) ',458266,2,916532,'2023-01-09 10:16:59','2023-01-09 10:16:59',NULL),(814,1,122,180,'Mixue ( 0FiOwm3BqI ) ',173199,5,865995,'2023-01-09 10:16:59','2023-01-09 10:16:59',NULL),(815,1,162,180,'UniQlo ( tMN8hciH4Q ) ',430970,9,3878730,'2023-01-09 10:16:59','2023-01-09 10:16:59',NULL),(816,1,200,180,'UniQlo ( atv3mDTLbe ) ',879652,7,6157564,'2023-01-09 10:16:59','2023-01-09 10:16:59',NULL),(817,1,20,182,'Wings ( yaRpm1w3Tx ) ',667451,4,2669804,'2023-01-09 10:16:59','2023-01-09 10:16:59',NULL),(818,1,126,183,'Jam Dinding ( 29RgUtmx00 ) ',821453,1,821453,'2023-01-09 10:16:59','2023-01-09 10:16:59',NULL),(819,1,200,183,'UniQlo ( atv3mDTLbe ) ',879652,6,5277912,'2023-01-09 10:16:59','2023-01-09 10:16:59',NULL),(820,1,113,184,'Lays ( JQJRTK4EDM ) ',139141,1,139141,'2023-01-09 10:16:59','2023-01-09 10:16:59',NULL),(821,1,65,184,'Lays ( eOPa2pjwlL ) ',284112,5,1420560,'2023-01-09 10:16:59','2023-01-09 10:16:59',NULL),(822,1,115,184,'Lays ( x9vFfB70XR ) ',303967,4,1215868,'2023-01-09 10:16:59','2023-01-09 10:16:59',NULL),(823,1,94,185,'Jam Dinding ( q5MRdhlAZf ) ',997148,7,6980036,'2023-01-09 10:16:59','2023-01-09 10:16:59',NULL),(824,1,124,185,'Sampoerna ( fN7HHjP5pV ) ',479845,3,1439535,'2023-01-09 10:16:59','2023-01-09 10:16:59',NULL),(825,1,182,185,'Wings ( CjETwnToQD ) ',526023,9,4734207,'2023-01-09 10:16:59','2023-01-09 10:16:59',NULL),(826,1,57,185,'Jam Dinding ( vL4vT7mmKc ) ',746562,1,746562,'2023-01-09 10:16:59','2023-01-09 10:16:59',NULL),(827,1,74,185,'Sampoerna ( 5fPtUWtRjE ) ',113716,2,227432,'2023-01-09 10:16:59','2023-01-09 10:16:59',NULL),(828,1,112,185,'Pensil ( Wqsf6Q6itR ) ',531527,2,1063054,'2023-01-09 10:16:59','2023-01-09 10:16:59',NULL),(829,1,187,186,'Levis ( LhcN0gzXAI ) ',847799,1,847799,'2023-01-09 10:16:59','2023-01-09 10:16:59',NULL),(830,1,176,186,'Jam Dinding ( SbUy6NIyMU ) ',968394,7,6778758,'2023-01-09 10:16:59','2023-01-09 10:16:59',NULL),(831,1,128,186,'Lays ( u3zXSmmqt7 ) ',78857,7,551999,'2023-01-09 10:16:59','2023-01-09 10:16:59',NULL),(832,1,70,187,'Sampoerna ( 35ncMzqXrn ) ',292742,4,1170968,'2023-01-09 10:16:59','2023-01-09 10:16:59',NULL),(833,1,147,187,'Lays ( A7Wh6n0PA7 ) ',281749,6,1690494,'2023-01-09 10:16:59','2023-01-09 10:16:59',NULL),(834,1,97,187,'Levis ( XO1yGuJBLf ) ',812407,6,4874442,'2023-01-09 10:16:59','2023-01-09 10:16:59',NULL),(835,1,195,188,'Levis ( 3FdB4P9JQq ) ',18626,6,111756,'2023-01-09 10:16:59','2023-01-09 10:16:59',NULL),(836,1,198,188,'Wings ( 4ZAi85zJ0E ) ',546711,9,4920399,'2023-01-09 10:16:59','2023-01-09 10:16:59',NULL),(837,1,195,188,'Levis ( 3FdB4P9JQq ) ',18626,6,111756,'2023-01-09 10:16:59','2023-01-09 10:16:59',NULL),(838,1,187,188,'Levis ( LhcN0gzXAI ) ',847799,10,8477990,'2023-01-09 10:16:59','2023-01-09 10:16:59',NULL),(839,1,155,188,'UniQlo ( G5yXwFPe25 ) ',668203,3,2004609,'2023-01-09 10:16:59','2023-01-09 10:16:59',NULL),(840,1,136,189,'Wings ( LIEImDLJVz ) ',668493,1,668493,'2023-01-09 10:16:59','2023-01-09 10:16:59',NULL),(841,1,140,189,'Casing Hp ( 9z8gCYp3pI ) ',621146,1,621146,'2023-01-09 10:16:59','2023-01-09 10:16:59',NULL),(842,1,149,189,'Wings ( Yn69EaVVtH ) ',232096,10,2320960,'2023-01-09 10:16:59','2023-01-09 10:16:59',NULL),(843,1,42,189,'KFC ( 79xzB0nOn2 ) ',676911,6,4061466,'2023-01-09 10:16:59','2023-01-09 10:16:59',NULL),(844,1,164,189,'Lays ( c0xIDyzSWI ) ',456897,2,913794,'2023-01-09 10:16:59','2023-01-09 10:16:59',NULL),(845,1,28,189,'Casing Hp ( rjb2JIC4Lk ) ',514741,2,1029482,'2023-01-09 10:16:59','2023-01-09 10:16:59',NULL),(846,1,136,189,'Wings ( LIEImDLJVz ) ',668493,5,3342465,'2023-01-09 10:16:59','2023-01-09 10:16:59',NULL),(847,1,157,189,'Lays ( 1dYUV0zLjj ) ',194663,3,583989,'2023-01-09 10:16:59','2023-01-09 10:16:59',NULL),(848,1,155,190,'UniQlo ( G5yXwFPe25 ) ',668203,8,5345624,'2023-01-09 10:16:59','2023-01-09 10:16:59',NULL),(849,1,127,190,'Levis ( zp2qpvJ3I9 ) ',351256,10,3512560,'2023-01-09 10:16:59','2023-01-09 10:16:59',NULL),(850,1,53,190,'Pensil ( 74Z81srB79 ) ',356718,7,2497026,'2023-01-09 10:16:59','2023-01-09 10:16:59',NULL),(851,1,113,190,'Lays ( JQJRTK4EDM ) ',139141,4,556564,'2023-01-09 10:16:59','2023-01-09 10:16:59',NULL),(852,1,120,191,'Jam Dinding ( NrkrwsoysW ) ',116583,2,233166,'2023-01-09 10:16:59','2023-01-09 10:16:59',NULL),(853,1,9,193,'Pensil ( LleklG460l ) ',187276,3,561828,'2023-01-09 10:16:59','2023-01-09 10:16:59',NULL),(854,1,26,193,'Lays ( btHtHLl5du ) ',763196,1,763196,'2023-01-09 10:16:59','2023-01-09 10:16:59',NULL),(855,1,37,193,'Wings ( y68BpnEzI4 ) ',417728,9,3759552,'2023-01-09 10:16:59','2023-01-09 10:16:59',NULL),(856,1,84,193,'Jam Dinding ( r4jEQsj3UM ) ',458266,8,3666128,'2023-01-09 10:16:59','2023-01-09 10:16:59',NULL),(857,1,34,195,'Mixue ( Iab5J1mtZp ) ',433008,5,2165040,'2023-01-09 10:16:59','2023-01-09 10:16:59',NULL),(858,1,52,195,'Mixue ( McynZFUCaB ) ',212901,1,212901,'2023-01-09 10:16:59','2023-01-09 10:16:59',NULL),(859,1,118,195,'Jam Dinding ( PtzzMqVX8f ) ',517708,9,4659372,'2023-01-09 10:16:59','2023-01-09 10:16:59',NULL),(860,1,109,195,'Lays ( DwXRQQryDq ) ',409585,1,409585,'2023-01-09 10:16:59','2023-01-09 10:16:59',NULL),(861,1,53,195,'Pensil ( 74Z81srB79 ) ',356718,1,356718,'2023-01-09 10:16:59','2023-01-09 10:16:59',NULL),(862,1,42,196,'KFC ( 79xzB0nOn2 ) ',676911,5,3384555,'2023-01-09 10:16:59','2023-01-09 10:16:59',NULL),(863,1,14,196,'Lays ( 846sMdeAST ) ',243161,9,2188449,'2023-01-09 10:16:59','2023-01-09 10:16:59',NULL),(864,1,192,196,'Wings ( muINPU10Wj ) ',538824,2,1077648,'2023-01-09 10:16:59','2023-01-09 10:16:59',NULL),(865,1,90,196,'Levis ( JCB4zafTBS ) ',560103,5,2800515,'2023-01-09 10:16:59','2023-01-09 10:16:59',NULL),(866,1,17,196,'Wings ( yyPmm9tBMF ) ',334151,4,1336604,'2023-01-09 10:16:59','2023-01-09 10:16:59',NULL),(867,1,28,196,'Casing Hp ( rjb2JIC4Lk ) ',514741,1,514741,'2023-01-09 10:16:59','2023-01-09 10:16:59',NULL),(868,1,196,197,'Wings ( JEHbFYY6Lq ) ',474843,2,949686,'2023-01-09 10:16:59','2023-01-09 10:16:59',NULL),(869,1,142,197,'KFC ( 3m4YNtwoEB ) ',219188,10,2191880,'2023-01-09 10:16:59','2023-01-09 10:16:59',NULL),(870,1,24,197,'Sampoerna ( oGUYtU9fa3 ) ',443713,1,443713,'2023-01-09 10:16:59','2023-01-09 10:16:59',NULL),(871,1,149,197,'Wings ( Yn69EaVVtH ) ',232096,10,2320960,'2023-01-09 10:16:59','2023-01-09 10:16:59',NULL),(872,1,112,198,'Pensil ( Wqsf6Q6itR ) ',531527,10,5315270,'2023-01-09 10:16:59','2023-01-09 10:16:59',NULL),(873,1,90,198,'Levis ( JCB4zafTBS ) ',560103,4,2240412,'2023-01-09 10:16:59','2023-01-09 10:16:59',NULL),(874,1,33,198,'Mixue ( JrhtS6I09y ) ',328154,9,2953386,'2023-01-09 10:16:59','2023-01-09 10:16:59',NULL),(875,1,160,198,'UniQlo ( MOj0ZvjTkM ) ',106633,8,853064,'2023-01-09 10:16:59','2023-01-09 10:16:59',NULL),(876,1,67,198,'Jam Dinding ( GKsL58Wn0c ) ',596096,7,4172672,'2023-01-09 10:16:59','2023-01-09 10:16:59',NULL),(877,1,9,199,'Pensil ( LleklG460l ) ',187276,5,936380,'2023-01-09 10:16:59','2023-01-09 10:16:59',NULL),(878,1,128,199,'Lays ( u3zXSmmqt7 ) ',78857,6,473142,'2023-01-09 10:16:59','2023-01-09 10:16:59',NULL),(879,1,181,199,'Mixue ( 9DXDFSK1te ) ',796861,3,2390583,'2023-01-09 10:17:00','2023-01-09 10:17:00',NULL),(880,1,39,199,'Lays ( sVJR5ghiOe ) ',995978,2,1991956,'2023-01-09 10:17:00','2023-01-09 10:17:00',NULL),(881,1,197,199,'Lays ( agSsEDvpSk ) ',709381,3,2128143,'2023-01-09 10:17:00','2023-01-09 10:17:00',NULL),(882,1,198,199,'Wings ( 4ZAi85zJ0E ) ',546711,2,1093422,'2023-01-09 10:17:00','2023-01-09 10:17:00',NULL),(883,1,200,200,'UniQlo ( atv3mDTLbe ) ',879652,6,5277912,'2023-01-09 10:17:00','2023-01-09 10:17:00',NULL),(884,1,76,201,'UniQlo ( XfQ7VSmZws ) ',787246,1,787246,'2023-01-09 10:17:21','2023-01-09 10:17:21',NULL),(885,1,194,201,'Pensil ( ZgARZJJZtE ) ',592410,10,5924100,'2023-01-09 10:17:21','2023-01-09 10:17:21',NULL),(886,1,206,201,'Mixue ( dXu81Fr8M1 ) ',133492,7,934444,'2023-01-09 10:17:21','2023-01-09 10:17:21',NULL),(887,1,37,201,'Wings ( y68BpnEzI4 ) ',417728,2,835456,'2023-01-09 10:17:21','2023-01-09 10:17:21',NULL),(888,1,223,201,'Levis ( cUoKvl7hvX ) ',974112,5,4870560,'2023-01-09 10:17:21','2023-01-09 10:17:21',NULL),(889,1,269,201,'Casing Hp ( LiLM54Kc9p ) ',440856,2,881712,'2023-01-09 10:17:21','2023-01-09 10:17:21',NULL),(890,1,94,203,'Jam Dinding ( q5MRdhlAZf ) ',997148,2,1994296,'2023-01-09 10:17:21','2023-01-09 10:17:21',NULL),(891,1,78,203,'Pensil ( m6SVm0nlIq ) ',800537,7,5603759,'2023-01-09 10:17:21','2023-01-09 10:17:21',NULL),(892,1,117,203,'Casing Hp ( q9MQS9mGuv ) ',109537,6,657222,'2023-01-09 10:17:21','2023-01-09 10:17:21',NULL),(893,1,28,203,'Casing Hp ( rjb2JIC4Lk ) ',514741,10,5147410,'2023-01-09 10:17:21','2023-01-09 10:17:21',NULL),(894,1,120,203,'Jam Dinding ( NrkrwsoysW ) ',116583,4,466332,'2023-01-09 10:17:21','2023-01-09 10:17:21',NULL),(895,1,67,203,'Jam Dinding ( GKsL58Wn0c ) ',596096,7,4172672,'2023-01-09 10:17:21','2023-01-09 10:17:21',NULL),(896,1,291,203,'UniQlo ( eKYvit79RZ ) ',23017,1,23017,'2023-01-09 10:17:21','2023-01-09 10:17:21',NULL),(897,1,150,203,'Casing Hp ( IfhzCMBn5D ) ',986854,7,6907978,'2023-01-09 10:17:21','2023-01-09 10:17:21',NULL),(898,1,244,204,'Casing Hp ( qfIl4KCDdq ) ',195024,1,195024,'2023-01-09 10:17:21','2023-01-09 10:17:21',NULL),(899,1,236,204,'Pensil ( EQGz9veDUI ) ',113125,3,339375,'2023-01-09 10:17:21','2023-01-09 10:17:21',NULL),(900,1,191,204,'Sampoerna ( JU923AoA9m ) ',432503,6,2595018,'2023-01-09 10:17:21','2023-01-09 10:17:21',NULL),(901,1,150,204,'Casing Hp ( IfhzCMBn5D ) ',986854,3,2960562,'2023-01-09 10:17:21','2023-01-09 10:17:21',NULL),(902,1,90,205,'Levis ( JCB4zafTBS ) ',560103,5,2800515,'2023-01-09 10:17:21','2023-01-09 10:17:21',NULL),(903,1,205,206,'KFC ( twL4qK9jSU ) ',901126,7,6307882,'2023-01-09 10:17:21','2023-01-09 10:17:21',NULL),(904,1,14,206,'Lays ( 846sMdeAST ) ',243161,1,243161,'2023-01-09 10:17:21','2023-01-09 10:17:21',NULL),(905,1,100,206,'Wings ( rAJyvA8NYi ) ',407831,8,3262648,'2023-01-09 10:17:21','2023-01-09 10:17:21',NULL),(906,1,121,207,'Casing Hp ( Bd7BGF3OdF ) ',540468,6,3242808,'2023-01-09 10:17:21','2023-01-09 10:17:21',NULL),(907,1,160,207,'UniQlo ( MOj0ZvjTkM ) ',106633,9,959697,'2023-01-09 10:17:21','2023-01-09 10:17:21',NULL),(908,1,23,207,'Lays ( cSrLfJRapM ) ',899714,1,899714,'2023-01-09 10:17:21','2023-01-09 10:17:21',NULL),(909,1,236,207,'Pensil ( EQGz9veDUI ) ',113125,8,905000,'2023-01-09 10:17:21','2023-01-09 10:17:21',NULL),(910,1,211,207,'Casing Hp ( sUp5GHtq9I ) ',61246,10,612460,'2023-01-09 10:17:21','2023-01-09 10:17:21',NULL),(911,1,237,207,'Mixue ( c8EsF8G7Xm ) ',624695,3,1874085,'2023-01-09 10:17:21','2023-01-09 10:17:21',NULL),(912,1,254,207,'Wings ( YIIlCF8umx ) ',87495,9,787455,'2023-01-09 10:17:21','2023-01-09 10:17:21',NULL),(913,1,118,207,'Jam Dinding ( PtzzMqVX8f ) ',517708,10,5177080,'2023-01-09 10:17:21','2023-01-09 10:17:21',NULL),(914,1,176,207,'Jam Dinding ( SbUy6NIyMU ) ',968394,1,968394,'2023-01-09 10:17:21','2023-01-09 10:17:21',NULL),(915,1,260,208,'Sampoerna ( EbMzRKdRZY ) ',795245,7,5566715,'2023-01-09 10:17:21','2023-01-09 10:17:21',NULL),(916,1,296,208,'Wings ( e6YlkU2ruN ) ',20155,4,80620,'2023-01-09 10:17:21','2023-01-09 10:17:21',NULL),(917,1,264,208,'Casing Hp ( oV0nt4bSdE ) ',261442,4,1045768,'2023-01-09 10:17:21','2023-01-09 10:17:21',NULL),(918,1,132,208,'Mixue ( zCpgLsh4cR ) ',467194,8,3737552,'2023-01-09 10:17:21','2023-01-09 10:17:21',NULL),(919,1,260,208,'Sampoerna ( EbMzRKdRZY ) ',795245,10,7952450,'2023-01-09 10:17:21','2023-01-09 10:17:21',NULL),(920,1,20,208,'Wings ( yaRpm1w3Tx ) ',667451,7,4672157,'2023-01-09 10:17:21','2023-01-09 10:17:21',NULL),(921,1,16,208,'Casing Hp ( eifgkdFKhY ) ',12358,1,12358,'2023-01-09 10:17:21','2023-01-09 10:17:21',NULL),(922,1,231,209,'Mixue ( n4UEFJ67oj ) ',491801,8,3934408,'2023-01-09 10:17:21','2023-01-09 10:17:21',NULL),(923,1,157,209,'Lays ( 1dYUV0zLjj ) ',194663,8,1557304,'2023-01-09 10:17:21','2023-01-09 10:17:21',NULL),(924,1,116,209,'Mixue ( LpFggOiMlA ) ',192590,10,1925900,'2023-01-09 10:17:21','2023-01-09 10:17:21',NULL),(925,1,186,209,'Mixue ( omCvNE2cMk ) ',242628,1,242628,'2023-01-09 10:17:21','2023-01-09 10:17:21',NULL),(926,1,29,209,'KFC ( gK8GePWryC ) ',393533,5,1967665,'2023-01-09 10:17:21','2023-01-09 10:17:21',NULL),(927,1,86,209,'Wings ( e0Ldu5PDrW ) ',519740,1,519740,'2023-01-09 10:17:21','2023-01-09 10:17:21',NULL),(928,1,23,209,'Lays ( cSrLfJRapM ) ',899714,2,1799428,'2023-01-09 10:17:21','2023-01-09 10:17:21',NULL),(929,1,280,210,'Jam Dinding ( C1obtMal0F ) ',638113,1,638113,'2023-01-09 10:17:21','2023-01-09 10:17:21',NULL),(930,1,165,210,'Jam Dinding ( hpdrkkHkw8 ) ',767125,4,3068500,'2023-01-09 10:17:21','2023-01-09 10:17:21',NULL),(931,1,222,210,'Sampoerna ( AiwnQsptw8 ) ',957776,3,2873328,'2023-01-09 10:17:21','2023-01-09 10:17:21',NULL),(932,1,185,210,'Lays ( 0ni1OOfEIl ) ',152402,9,1371618,'2023-01-09 10:17:21','2023-01-09 10:17:21',NULL),(933,1,285,210,'KFC ( HfXQMC3VXS ) ',337415,4,1349660,'2023-01-09 10:17:21','2023-01-09 10:17:21',NULL),(934,1,17,210,'Wings ( yyPmm9tBMF ) ',334151,2,668302,'2023-01-09 10:17:21','2023-01-09 10:17:21',NULL),(935,1,40,211,'Levis ( kCWDFYYM6f ) ',994298,8,7954384,'2023-01-09 10:17:21','2023-01-09 10:17:21',NULL),(936,1,210,211,'Casing Hp ( lwljMZYRt4 ) ',317641,4,1270564,'2023-01-09 10:17:21','2023-01-09 10:17:21',NULL),(937,1,105,212,'Jam Dinding ( orsDocqfMW ) ',964547,7,6751829,'2023-01-09 10:17:21','2023-01-09 10:17:21',NULL),(938,1,34,212,'Mixue ( Iab5J1mtZp ) ',433008,1,433008,'2023-01-09 10:17:21','2023-01-09 10:17:21',NULL),(939,1,300,213,'KFC ( bSh2ERgurA ) ',88262,9,794358,'2023-01-09 10:17:21','2023-01-09 10:17:21',NULL),(940,1,260,213,'Sampoerna ( EbMzRKdRZY ) ',795245,6,4771470,'2023-01-09 10:17:21','2023-01-09 10:17:21',NULL),(941,1,35,214,'Wings ( 1azwnQZkSg ) ',842014,6,5052084,'2023-01-09 10:17:21','2023-01-09 10:17:21',NULL),(942,1,299,214,'Mixue ( HrA2r3k1JR ) ',319135,2,638270,'2023-01-09 10:17:21','2023-01-09 10:17:21',NULL),(943,1,181,215,'Mixue ( 9DXDFSK1te ) ',796861,7,5578027,'2023-01-09 10:17:21','2023-01-09 10:17:21',NULL),(944,1,196,215,'Wings ( JEHbFYY6Lq ) ',474843,9,4273587,'2023-01-09 10:17:21','2023-01-09 10:17:21',NULL),(945,1,238,216,'Pensil ( EF9cRq0hgc ) ',971706,1,971706,'2023-01-09 10:17:21','2023-01-09 10:17:21',NULL),(946,1,111,216,'Casing Hp ( ZfVlYwZv3G ) ',814173,3,2442519,'2023-01-09 10:17:21','2023-01-09 10:17:21',NULL),(947,1,172,216,'Pensil ( Jj8dYKg1Xk ) ',665126,8,5321008,'2023-01-09 10:17:21','2023-01-09 10:17:21',NULL),(948,1,213,216,'Levis ( jTZVOlZnLM ) ',878995,10,8789950,'2023-01-09 10:17:21','2023-01-09 10:17:21',NULL),(949,1,108,216,'Lays ( r7J7VvXxGY ) ',285860,10,2858600,'2023-01-09 10:17:21','2023-01-09 10:17:21',NULL),(950,1,42,216,'KFC ( 79xzB0nOn2 ) ',676911,4,2707644,'2023-01-09 10:17:21','2023-01-09 10:17:21',NULL),(951,1,108,216,'Lays ( r7J7VvXxGY ) ',285860,9,2572740,'2023-01-09 10:17:21','2023-01-09 10:17:21',NULL),(952,1,9,217,'Pensil ( LleklG460l ) ',187276,2,374552,'2023-01-09 10:17:21','2023-01-09 10:17:21',NULL),(953,1,209,217,'KFC ( gqn6W6zNKm ) ',348716,9,3138444,'2023-01-09 10:17:21','2023-01-09 10:17:21',NULL),(954,1,279,217,'Lays ( BL2XccsWhz ) ',841663,6,5049978,'2023-01-09 10:17:21','2023-01-09 10:17:21',NULL),(955,1,88,217,'KFC ( Uo4rlxEqQz ) ',996842,7,6977894,'2023-01-09 10:17:21','2023-01-09 10:17:21',NULL),(956,1,4,217,'Sampoerna ( tHoO5aGe3n ) ',807829,8,6462632,'2023-01-09 10:17:21','2023-01-09 10:17:21',NULL),(957,1,244,217,'Casing Hp ( qfIl4KCDdq ) ',195024,9,1755216,'2023-01-09 10:17:21','2023-01-09 10:17:21',NULL),(958,1,145,218,'Casing Hp ( qNvuiJKCBH ) ',616987,6,3701922,'2023-01-09 10:17:21','2023-01-09 10:17:21',NULL),(959,1,154,218,'Casing Hp ( pawzSp8y4n ) ',530743,5,2653715,'2023-01-09 10:17:21','2023-01-09 10:17:21',NULL),(960,1,294,218,'UniQlo ( gAyUD5ohIz ) ',377794,4,1511176,'2023-01-09 10:17:21','2023-01-09 10:17:21',NULL),(961,1,253,218,'Jam Dinding ( 0ANpBMJJy3 ) ',568118,7,3976826,'2023-01-09 10:17:21','2023-01-09 10:17:21',NULL),(962,1,234,218,'Mixue ( K26ZBruXtQ ) ',15600,3,46800,'2023-01-09 10:17:21','2023-01-09 10:17:21',NULL),(963,1,255,218,'Levis ( 5tjzQFoRcD ) ',744624,3,2233872,'2023-01-09 10:17:21','2023-01-09 10:17:21',NULL),(964,1,34,218,'Mixue ( Iab5J1mtZp ) ',433008,2,866016,'2023-01-09 10:17:21','2023-01-09 10:17:21',NULL),(965,1,281,218,'Wings ( yy71KNnhZU ) ',283058,5,1415290,'2023-01-09 10:17:21','2023-01-09 10:17:21',NULL),(966,1,151,219,'Levis ( KGnFkCsOPX ) ',122853,3,368559,'2023-01-09 10:17:21','2023-01-09 10:17:21',NULL),(967,1,48,219,'Casing Hp ( 1JG6LhtAVz ) ',85620,1,85620,'2023-01-09 10:17:21','2023-01-09 10:17:21',NULL),(968,1,287,219,'Mixue ( EdiDHVrfAR ) ',703240,7,4922680,'2023-01-09 10:17:21','2023-01-09 10:17:21',NULL),(969,1,222,219,'Sampoerna ( AiwnQsptw8 ) ',957776,6,5746656,'2023-01-09 10:17:21','2023-01-09 10:17:21',NULL),(970,1,292,219,'Sampoerna ( 13w7UhR9mm ) ',780009,8,6240072,'2023-01-09 10:17:21','2023-01-09 10:17:21',NULL),(971,1,287,220,'Mixue ( EdiDHVrfAR ) ',703240,7,4922680,'2023-01-09 10:17:21','2023-01-09 10:17:21',NULL),(972,1,204,220,'Levis ( w06s9PhwqY ) ',230605,5,1153025,'2023-01-09 10:17:21','2023-01-09 10:17:21',NULL),(973,1,24,220,'Sampoerna ( oGUYtU9fa3 ) ',443713,7,3105991,'2023-01-09 10:17:21','2023-01-09 10:17:21',NULL),(974,1,34,220,'Mixue ( Iab5J1mtZp ) ',433008,3,1299024,'2023-01-09 10:17:21','2023-01-09 10:17:21',NULL),(975,1,100,221,'Wings ( rAJyvA8NYi ) ',407831,6,2446986,'2023-01-09 10:17:21','2023-01-09 10:17:21',NULL),(976,1,156,221,'Jam Dinding ( S9unxyKoRT ) ',74071,7,518497,'2023-01-09 10:17:21','2023-01-09 10:17:21',NULL),(977,1,286,221,'Lays ( dGVx1ELkSh ) ',969452,3,2908356,'2023-01-09 10:17:21','2023-01-09 10:17:21',NULL),(978,1,167,221,'Levis ( slf50idx5r ) ',656545,1,656545,'2023-01-09 10:17:21','2023-01-09 10:17:21',NULL),(979,1,77,221,'KFC ( K8A78nBSsc ) ',90927,9,818343,'2023-01-09 10:17:21','2023-01-09 10:17:21',NULL),(980,1,162,221,'UniQlo ( tMN8hciH4Q ) ',430970,4,1723880,'2023-01-09 10:17:21','2023-01-09 10:17:21',NULL),(981,1,154,221,'Casing Hp ( pawzSp8y4n ) ',530743,1,530743,'2023-01-09 10:17:21','2023-01-09 10:17:21',NULL),(982,1,68,221,'Wings ( 7CZyiBZCNg ) ',132267,6,793602,'2023-01-09 10:17:21','2023-01-09 10:17:21',NULL),(983,1,24,222,'Sampoerna ( oGUYtU9fa3 ) ',443713,3,1331139,'2023-01-09 10:17:21','2023-01-09 10:17:21',NULL),(984,1,197,222,'Lays ( agSsEDvpSk ) ',709381,9,6384429,'2023-01-09 10:17:21','2023-01-09 10:17:21',NULL),(985,1,205,222,'KFC ( twL4qK9jSU ) ',901126,8,7209008,'2023-01-09 10:17:21','2023-01-09 10:17:21',NULL),(986,1,237,222,'Mixue ( c8EsF8G7Xm ) ',624695,3,1874085,'2023-01-09 10:17:21','2023-01-09 10:17:21',NULL),(987,1,285,222,'KFC ( HfXQMC3VXS ) ',337415,6,2024490,'2023-01-09 10:17:21','2023-01-09 10:17:21',NULL),(988,1,205,222,'KFC ( twL4qK9jSU ) ',901126,7,6307882,'2023-01-09 10:17:21','2023-01-09 10:17:21',NULL),(989,1,170,222,'KFC ( 6gHt9cHT4D ) ',615053,4,2460212,'2023-01-09 10:17:21','2023-01-09 10:17:21',NULL),(990,1,146,223,'KFC ( uqRbuQfXrn ) ',657238,3,1971714,'2023-01-09 10:17:21','2023-01-09 10:17:21',NULL),(991,1,281,223,'Wings ( yy71KNnhZU ) ',283058,8,2264464,'2023-01-09 10:17:21','2023-01-09 10:17:21',NULL),(992,1,281,223,'Wings ( yy71KNnhZU ) ',283058,6,1698348,'2023-01-09 10:17:21','2023-01-09 10:17:21',NULL),(993,1,134,224,'UniQlo ( PkMtMYYkN3 ) ',433654,9,3902886,'2023-01-09 10:17:21','2023-01-09 10:17:21',NULL),(994,1,35,224,'Wings ( 1azwnQZkSg ) ',842014,2,1684028,'2023-01-09 10:17:21','2023-01-09 10:17:21',NULL),(995,1,215,225,'Lays ( x29FiWB8fo ) ',74782,9,673038,'2023-01-09 10:17:21','2023-01-09 10:17:21',NULL),(996,1,250,225,'Levis ( ZErHGfgwax ) ',623349,1,623349,'2023-01-09 10:17:21','2023-01-09 10:17:21',NULL),(997,1,86,225,'Wings ( e0Ldu5PDrW ) ',519740,9,4677660,'2023-01-09 10:17:21','2023-01-09 10:17:21',NULL),(998,1,160,225,'UniQlo ( MOj0ZvjTkM ) ',106633,10,1066330,'2023-01-09 10:17:21','2023-01-09 10:17:21',NULL),(999,1,157,226,'Lays ( 1dYUV0zLjj ) ',194663,7,1362641,'2023-01-09 10:17:21','2023-01-09 10:17:21',NULL),(1000,1,235,226,'Casing Hp ( qlcMYU51jN ) ',358303,3,1074909,'2023-01-09 10:17:21','2023-01-09 10:17:21',NULL),(1001,1,120,226,'Jam Dinding ( NrkrwsoysW ) ',116583,10,1165830,'2023-01-09 10:17:21','2023-01-09 10:17:21',NULL),(1002,1,84,226,'Jam Dinding ( r4jEQsj3UM ) ',458266,4,1833064,'2023-01-09 10:17:21','2023-01-09 10:17:21',NULL),(1003,1,195,226,'Levis ( 3FdB4P9JQq ) ',18626,1,18626,'2023-01-09 10:17:21','2023-01-09 10:17:21',NULL),(1004,1,139,226,'Wings ( 1fLWGGzB2r ) ',137420,3,412260,'2023-01-09 10:17:21','2023-01-09 10:17:21',NULL),(1005,1,43,227,'Pensil ( 4Zel5UTytZ ) ',258160,5,1290800,'2023-01-09 10:17:21','2023-01-09 10:17:21',NULL),(1006,1,113,227,'Lays ( JQJRTK4EDM ) ',139141,10,1391410,'2023-01-09 10:17:21','2023-01-09 10:17:21',NULL),(1007,1,196,227,'Wings ( JEHbFYY6Lq ) ',474843,10,4748430,'2023-01-09 10:17:21','2023-01-09 10:17:21',NULL),(1008,1,244,227,'Casing Hp ( qfIl4KCDdq ) ',195024,7,1365168,'2023-01-09 10:17:21','2023-01-09 10:17:21',NULL),(1009,1,102,227,'Levis ( PxgAEEctH2 ) ',580180,6,3481080,'2023-01-09 10:17:21','2023-01-09 10:17:21',NULL),(1010,1,151,227,'Levis ( KGnFkCsOPX ) ',122853,2,245706,'2023-01-09 10:17:21','2023-01-09 10:17:21',NULL),(1011,1,173,228,'UniQlo ( ismwItF1Um ) ',471025,9,4239225,'2023-01-09 10:17:21','2023-01-09 10:17:21',NULL),(1012,1,225,228,'Jam Dinding ( kyL5tHEIBX ) ',184381,9,1659429,'2023-01-09 10:17:21','2023-01-09 10:17:21',NULL),(1013,1,65,229,'Lays ( eOPa2pjwlL ) ',284112,9,2557008,'2023-01-09 10:17:21','2023-01-09 10:17:21',NULL),(1014,1,186,229,'Mixue ( omCvNE2cMk ) ',242628,5,1213140,'2023-01-09 10:17:21','2023-01-09 10:17:21',NULL),(1015,1,172,230,'Pensil ( Jj8dYKg1Xk ) ',665126,7,4655882,'2023-01-09 10:17:21','2023-01-09 10:17:21',NULL),(1016,1,258,231,'UniQlo ( FB3uDFJJKi ) ',302949,4,1211796,'2023-01-09 10:17:21','2023-01-09 10:17:21',NULL),(1017,1,114,231,'UniQlo ( KypQs1CQih ) ',715778,1,715778,'2023-01-09 10:17:21','2023-01-09 10:17:21',NULL),(1018,1,127,231,'Levis ( zp2qpvJ3I9 ) ',351256,7,2458792,'2023-01-09 10:17:21','2023-01-09 10:17:21',NULL),(1019,1,29,231,'KFC ( gK8GePWryC ) ',393533,9,3541797,'2023-01-09 10:17:21','2023-01-09 10:17:21',NULL),(1020,1,133,231,'Mixue ( 5HI6f0khs7 ) ',172886,2,345772,'2023-01-09 10:17:21','2023-01-09 10:17:21',NULL),(1021,1,141,231,'Jam Dinding ( zxbRny2Yw4 ) ',429483,1,429483,'2023-01-09 10:17:21','2023-01-09 10:17:21',NULL),(1022,1,263,232,'UniQlo ( bZrJtb0Ko4 ) ',448398,9,4035582,'2023-01-09 10:17:21','2023-01-09 10:17:21',NULL),(1023,1,189,232,'Casing Hp ( mKyhte5fR6 ) ',386571,4,1546284,'2023-01-09 10:17:21','2023-01-09 10:17:21',NULL),(1024,1,207,233,'Jam Dinding ( W9p9saWQxs ) ',530668,6,3184008,'2023-01-09 10:17:21','2023-01-09 10:17:21',NULL),(1025,1,224,233,'Casing Hp ( tzYx7do18O ) ',954961,5,4774805,'2023-01-09 10:17:21','2023-01-09 10:17:21',NULL),(1026,1,86,233,'Wings ( e0Ldu5PDrW ) ',519740,1,519740,'2023-01-09 10:17:21','2023-01-09 10:17:21',NULL),(1027,1,283,233,'Wings ( wQLEN7mAZO ) ',66090,10,660900,'2023-01-09 10:17:21','2023-01-09 10:17:21',NULL),(1028,1,241,233,'Pensil ( tB0DI9N5RN ) ',803190,5,4015950,'2023-01-09 10:17:21','2023-01-09 10:17:21',NULL),(1029,1,115,234,'Lays ( x9vFfB70XR ) ',303967,8,2431736,'2023-01-09 10:17:21','2023-01-09 10:17:21',NULL),(1030,1,254,234,'Wings ( YIIlCF8umx ) ',87495,1,87495,'2023-01-09 10:17:21','2023-01-09 10:17:21',NULL),(1031,1,287,235,'Mixue ( EdiDHVrfAR ) ',703240,2,1406480,'2023-01-09 10:17:21','2023-01-09 10:17:21',NULL),(1032,1,132,235,'Mixue ( zCpgLsh4cR ) ',467194,5,2335970,'2023-01-09 10:17:21','2023-01-09 10:17:21',NULL),(1033,1,21,235,'UniQlo ( Xf5gFLykUf ) ',84287,6,505722,'2023-01-09 10:17:21','2023-01-09 10:17:21',NULL),(1034,1,207,236,'Jam Dinding ( W9p9saWQxs ) ',530668,5,2653340,'2023-01-09 10:17:21','2023-01-09 10:17:21',NULL),(1035,1,154,236,'Casing Hp ( pawzSp8y4n ) ',530743,2,1061486,'2023-01-09 10:17:21','2023-01-09 10:17:21',NULL),(1036,1,286,236,'Lays ( dGVx1ELkSh ) ',969452,8,7755616,'2023-01-09 10:17:21','2023-01-09 10:17:21',NULL),(1037,1,128,236,'Lays ( u3zXSmmqt7 ) ',78857,6,473142,'2023-01-09 10:17:21','2023-01-09 10:17:21',NULL),(1038,1,108,236,'Lays ( r7J7VvXxGY ) ',285860,1,285860,'2023-01-09 10:17:21','2023-01-09 10:17:21',NULL),(1039,1,124,236,'Sampoerna ( fN7HHjP5pV ) ',479845,3,1439535,'2023-01-09 10:17:21','2023-01-09 10:17:21',NULL),(1040,1,295,236,'Lays ( 1ATYl9G3Cq ) ',342755,10,3427550,'2023-01-09 10:17:21','2023-01-09 10:17:21',NULL),(1041,1,146,237,'KFC ( uqRbuQfXrn ) ',657238,3,1971714,'2023-01-09 10:17:21','2023-01-09 10:17:21',NULL),(1042,1,8,237,'Jam Dinding ( W1R5uEWMM3 ) ',645070,8,5160560,'2023-01-09 10:17:21','2023-01-09 10:17:21',NULL),(1043,1,254,237,'Wings ( YIIlCF8umx ) ',87495,4,349980,'2023-01-09 10:17:21','2023-01-09 10:17:21',NULL),(1044,1,267,237,'KFC ( 9AuZmB3lPt ) ',890419,3,2671257,'2023-01-09 10:17:21','2023-01-09 10:17:21',NULL),(1045,1,233,237,'Lays ( P2F7q663Ih ) ',981494,6,5888964,'2023-01-09 10:17:21','2023-01-09 10:17:21',NULL),(1046,1,175,238,'Wings ( rwWHKROceP ) ',902159,8,7217272,'2023-01-09 10:17:21','2023-01-09 10:17:21',NULL),(1047,1,272,238,'Sampoerna ( hWTJyLO5g1 ) ',460610,10,4606100,'2023-01-09 10:17:21','2023-01-09 10:17:21',NULL),(1048,1,83,238,'Casing Hp ( u5tPpXCLSR ) ',804083,3,2412249,'2023-01-09 10:17:21','2023-01-09 10:17:21',NULL),(1049,1,121,238,'Casing Hp ( Bd7BGF3OdF ) ',540468,2,1080936,'2023-01-09 10:17:21','2023-01-09 10:17:21',NULL),(1050,1,232,238,'UniQlo ( 9Nj3wOWJJn ) ',743919,2,1487838,'2023-01-09 10:17:21','2023-01-09 10:17:21',NULL),(1051,1,10,238,'Wings ( WsmUHVhrhT ) ',598084,2,1196168,'2023-01-09 10:17:21','2023-01-09 10:17:21',NULL),(1052,1,119,239,'Jam Dinding ( onjR23VsyS ) ',289892,6,1739352,'2023-01-09 10:17:21','2023-01-09 10:17:21',NULL),(1053,1,232,239,'UniQlo ( 9Nj3wOWJJn ) ',743919,6,4463514,'2023-01-09 10:17:21','2023-01-09 10:17:21',NULL),(1054,1,202,239,'Levis ( 4cDOnKV9mZ ) ',419161,10,4191610,'2023-01-09 10:17:21','2023-01-09 10:17:21',NULL),(1055,1,281,240,'Wings ( yy71KNnhZU ) ',283058,10,2830580,'2023-01-09 10:17:21','2023-01-09 10:17:21',NULL),(1056,1,121,241,'Casing Hp ( Bd7BGF3OdF ) ',540468,5,2702340,'2023-01-09 10:17:21','2023-01-09 10:17:21',NULL),(1057,1,228,241,'UniQlo ( niZK5Xcrpc ) ',163532,4,654128,'2023-01-09 10:17:21','2023-01-09 10:17:21',NULL),(1058,1,273,241,'Pensil ( qmVa9XrfNR ) ',428574,8,3428592,'2023-01-09 10:17:21','2023-01-09 10:17:21',NULL),(1059,1,222,242,'Sampoerna ( AiwnQsptw8 ) ',957776,6,5746656,'2023-01-09 10:17:21','2023-01-09 10:17:21',NULL),(1060,1,257,242,'UniQlo ( KNdT5vRoGq ) ',694987,8,5559896,'2023-01-09 10:17:21','2023-01-09 10:17:21',NULL),(1061,1,245,242,'Jam Dinding ( XwmaAFuxBV ) ',713986,5,3569930,'2023-01-09 10:17:21','2023-01-09 10:17:21',NULL),(1062,1,230,242,'KFC ( I4aZamgx47 ) ',808358,9,7275222,'2023-01-09 10:17:21','2023-01-09 10:17:21',NULL),(1063,1,229,242,'Mixue ( i5gv7oLyat ) ',123426,8,987408,'2023-01-09 10:17:21','2023-01-09 10:17:21',NULL),(1064,1,265,242,'Mixue ( izqa939TiK ) ',284457,7,1991199,'2023-01-09 10:17:21','2023-01-09 10:17:21',NULL),(1065,1,267,242,'KFC ( 9AuZmB3lPt ) ',890419,10,8904190,'2023-01-09 10:17:21','2023-01-09 10:17:21',NULL),(1066,1,67,242,'Jam Dinding ( GKsL58Wn0c ) ',596096,3,1788288,'2023-01-09 10:17:21','2023-01-09 10:17:21',NULL),(1067,1,17,243,'Wings ( yyPmm9tBMF ) ',334151,9,3007359,'2023-01-09 10:17:21','2023-01-09 10:17:21',NULL),(1068,1,201,243,'Mixue ( Vdt7JrZrll ) ',504135,1,504135,'2023-01-09 10:17:21','2023-01-09 10:17:21',NULL),(1069,1,236,243,'Pensil ( EQGz9veDUI ) ',113125,1,113125,'2023-01-09 10:17:21','2023-01-09 10:17:21',NULL),(1070,1,136,243,'Wings ( LIEImDLJVz ) ',668493,10,6684930,'2023-01-09 10:17:21','2023-01-09 10:17:21',NULL),(1071,1,110,244,'KFC ( 5fusiPZkdN ) ',689865,8,5518920,'2023-01-09 10:17:21','2023-01-09 10:17:21',NULL),(1072,1,196,245,'Wings ( JEHbFYY6Lq ) ',474843,8,3798744,'2023-01-09 10:17:21','2023-01-09 10:17:21',NULL),(1073,1,62,245,'Casing Hp ( E6dO9GeIcT ) ',959568,4,3838272,'2023-01-09 10:17:21','2023-01-09 10:17:21',NULL),(1074,1,125,245,'Wings ( 1uxK4IvxgD ) ',132428,7,926996,'2023-01-09 10:17:21','2023-01-09 10:17:21',NULL),(1075,1,293,246,'Jam Dinding ( Ddrg2Vh7iI ) ',921952,8,7375616,'2023-01-09 10:17:21','2023-01-09 10:17:21',NULL),(1076,1,103,247,'Levis ( upSZ4Qy5BM ) ',327902,10,3279020,'2023-01-09 10:17:21','2023-01-09 10:17:21',NULL),(1077,1,151,247,'Levis ( KGnFkCsOPX ) ',122853,2,245706,'2023-01-09 10:17:21','2023-01-09 10:17:21',NULL),(1078,1,219,248,'Sampoerna ( hevImAstA7 ) ',520327,7,3642289,'2023-01-09 10:17:21','2023-01-09 10:17:21',NULL),(1079,1,269,248,'Casing Hp ( LiLM54Kc9p ) ',440856,10,4408560,'2023-01-09 10:17:21','2023-01-09 10:17:21',NULL),(1080,1,186,248,'Mixue ( omCvNE2cMk ) ',242628,3,727884,'2023-01-09 10:17:21','2023-01-09 10:17:21',NULL),(1081,1,135,248,'Sampoerna ( 440MLIr3Ap ) ',843122,10,8431220,'2023-01-09 10:17:21','2023-01-09 10:17:21',NULL),(1082,1,279,248,'Lays ( BL2XccsWhz ) ',841663,9,7574967,'2023-01-09 10:17:22','2023-01-09 10:17:22',NULL),(1083,1,218,248,'UniQlo ( MWmx2KpRAF ) ',982867,2,1965734,'2023-01-09 10:17:22','2023-01-09 10:17:22',NULL),(1084,1,119,248,'Jam Dinding ( onjR23VsyS ) ',289892,9,2609028,'2023-01-09 10:17:22','2023-01-09 10:17:22',NULL),(1085,1,153,248,'Wings ( clqm7RCe7b ) ',63292,5,316460,'2023-01-09 10:17:22','2023-01-09 10:17:22',NULL),(1086,1,23,248,'Lays ( cSrLfJRapM ) ',899714,2,1799428,'2023-01-09 10:17:22','2023-01-09 10:17:22',NULL),(1087,1,245,249,'Jam Dinding ( XwmaAFuxBV ) ',713986,6,4283916,'2023-01-09 10:17:22','2023-01-09 10:17:22',NULL),(1088,1,124,250,'Sampoerna ( fN7HHjP5pV ) ',479845,7,3358915,'2023-01-09 10:17:22','2023-01-09 10:17:22',NULL),(1089,1,219,250,'Sampoerna ( hevImAstA7 ) ',520327,7,3642289,'2023-01-09 10:17:22','2023-01-09 10:17:22',NULL),(1090,1,165,250,'Jam Dinding ( hpdrkkHkw8 ) ',767125,6,4602750,'2023-01-09 10:17:22','2023-01-09 10:17:22',NULL),(1091,1,173,250,'UniQlo ( ismwItF1Um ) ',471025,9,4239225,'2023-01-09 10:17:22','2023-01-09 10:17:22',NULL),(1092,1,41,250,'Sampoerna ( RuYOtmliSt ) ',505629,1,505629,'2023-01-09 10:17:22','2023-01-09 10:17:22',NULL),(1093,1,139,250,'Wings ( 1fLWGGzB2r ) ',137420,4,549680,'2023-01-09 10:17:22','2023-01-09 10:17:22',NULL),(1094,1,230,250,'KFC ( I4aZamgx47 ) ',808358,6,4850148,'2023-01-09 10:17:22','2023-01-09 10:17:22',NULL),(1095,1,265,250,'Mixue ( izqa939TiK ) ',284457,3,853371,'2023-01-09 10:17:22','2023-01-09 10:17:22',NULL),(1096,1,54,250,'KFC ( pYD2CKxaL8 ) ',802346,10,8023460,'2023-01-09 10:17:22','2023-01-09 10:17:22',NULL),(1097,1,128,251,'Lays ( u3zXSmmqt7 ) ',78857,8,630856,'2023-01-09 10:17:22','2023-01-09 10:17:22',NULL),(1098,1,169,252,'Jam Dinding ( xZcfWfT7WQ ) ',838464,2,1676928,'2023-01-09 10:17:22','2023-01-09 10:17:22',NULL),(1099,1,237,252,'Mixue ( c8EsF8G7Xm ) ',624695,1,624695,'2023-01-09 10:17:22','2023-01-09 10:17:22',NULL),(1100,1,120,252,'Jam Dinding ( NrkrwsoysW ) ',116583,8,932664,'2023-01-09 10:17:22','2023-01-09 10:17:22',NULL),(1101,1,261,252,'Jam Dinding ( wt4usAAJSR ) ',50513,9,454617,'2023-01-09 10:17:22','2023-01-09 10:17:22',NULL),(1102,1,154,252,'Casing Hp ( pawzSp8y4n ) ',530743,9,4776687,'2023-01-09 10:17:22','2023-01-09 10:17:22',NULL),(1103,1,283,252,'Wings ( wQLEN7mAZO ) ',66090,5,330450,'2023-01-09 10:17:22','2023-01-09 10:17:22',NULL),(1104,1,181,252,'Mixue ( 9DXDFSK1te ) ',796861,7,5578027,'2023-01-09 10:17:22','2023-01-09 10:17:22',NULL),(1105,1,283,253,'Wings ( wQLEN7mAZO ) ',66090,3,198270,'2023-01-09 10:17:22','2023-01-09 10:17:22',NULL),(1106,1,212,253,'Levis ( SAD6NkpI6s ) ',319810,2,639620,'2023-01-09 10:17:22','2023-01-09 10:17:22',NULL),(1107,1,108,253,'Lays ( r7J7VvXxGY ) ',285860,4,1143440,'2023-01-09 10:17:22','2023-01-09 10:17:22',NULL),(1108,1,179,253,'Lays ( thnBlmR5No ) ',514587,2,1029174,'2023-01-09 10:17:22','2023-01-09 10:17:22',NULL),(1109,1,107,253,'Wings ( cqSpm540N6 ) ',242939,2,485878,'2023-01-09 10:17:22','2023-01-09 10:17:22',NULL),(1110,1,119,253,'Jam Dinding ( onjR23VsyS ) ',289892,7,2029244,'2023-01-09 10:17:22','2023-01-09 10:17:22',NULL),(1111,1,35,254,'Wings ( 1azwnQZkSg ) ',842014,3,2526042,'2023-01-09 10:17:22','2023-01-09 10:17:22',NULL),(1112,1,197,254,'Lays ( agSsEDvpSk ) ',709381,4,2837524,'2023-01-09 10:17:22','2023-01-09 10:17:22',NULL),(1113,1,125,254,'Wings ( 1uxK4IvxgD ) ',132428,1,132428,'2023-01-09 10:17:22','2023-01-09 10:17:22',NULL),(1114,1,59,255,'Lays ( QilEpJzKjd ) ',544250,4,2177000,'2023-01-09 10:17:22','2023-01-09 10:17:22',NULL),(1115,1,227,255,'Lays ( 0Vm5wcBpRH ) ',297994,6,1787964,'2023-01-09 10:17:22','2023-01-09 10:17:22',NULL),(1116,1,212,256,'Levis ( SAD6NkpI6s ) ',319810,4,1279240,'2023-01-09 10:17:22','2023-01-09 10:17:22',NULL),(1117,1,194,256,'Pensil ( ZgARZJJZtE ) ',592410,7,4146870,'2023-01-09 10:17:22','2023-01-09 10:17:22',NULL),(1118,1,277,256,'KFC ( TplrhVTgj7 ) ',722878,3,2168634,'2023-01-09 10:17:22','2023-01-09 10:17:22',NULL),(1119,1,20,256,'Wings ( yaRpm1w3Tx ) ',667451,10,6674510,'2023-01-09 10:17:22','2023-01-09 10:17:22',NULL),(1120,1,291,256,'UniQlo ( eKYvit79RZ ) ',23017,1,23017,'2023-01-09 10:17:22','2023-01-09 10:17:22',NULL),(1121,1,230,256,'KFC ( I4aZamgx47 ) ',808358,6,4850148,'2023-01-09 10:17:22','2023-01-09 10:17:22',NULL),(1122,1,128,256,'Lays ( u3zXSmmqt7 ) ',78857,3,236571,'2023-01-09 10:17:22','2023-01-09 10:17:22',NULL),(1123,1,110,257,'KFC ( 5fusiPZkdN ) ',689865,10,6898650,'2023-01-09 10:17:22','2023-01-09 10:17:22',NULL),(1124,1,33,257,'Mixue ( JrhtS6I09y ) ',328154,5,1640770,'2023-01-09 10:17:22','2023-01-09 10:17:22',NULL),(1125,1,289,257,'Sampoerna ( HcqoaJLZ4c ) ',600077,8,4800616,'2023-01-09 10:17:22','2023-01-09 10:17:22',NULL),(1126,1,181,257,'Mixue ( 9DXDFSK1te ) ',796861,3,2390583,'2023-01-09 10:17:22','2023-01-09 10:17:22',NULL),(1127,1,5,258,'Casing Hp ( WeiRO23eP3 ) ',621638,4,2486552,'2023-01-09 10:17:22','2023-01-09 10:17:22',NULL),(1128,1,100,258,'Wings ( rAJyvA8NYi ) ',407831,3,1223493,'2023-01-09 10:17:22','2023-01-09 10:17:22',NULL),(1129,1,200,258,'UniQlo ( atv3mDTLbe ) ',879652,6,5277912,'2023-01-09 10:17:22','2023-01-09 10:17:22',NULL),(1130,1,56,258,'Wings ( guoWmDXXSF ) ',520209,8,4161672,'2023-01-09 10:17:22','2023-01-09 10:17:22',NULL),(1131,1,201,258,'Mixue ( Vdt7JrZrll ) ',504135,2,1008270,'2023-01-09 10:17:22','2023-01-09 10:17:22',NULL),(1132,1,272,258,'Sampoerna ( hWTJyLO5g1 ) ',460610,10,4606100,'2023-01-09 10:17:22','2023-01-09 10:17:22',NULL),(1133,1,196,258,'Wings ( JEHbFYY6Lq ) ',474843,3,1424529,'2023-01-09 10:17:22','2023-01-09 10:17:22',NULL),(1134,1,203,258,'Levis ( 7Bnk5b9W8q ) ',547731,7,3834117,'2023-01-09 10:17:22','2023-01-09 10:17:22',NULL),(1135,1,43,259,'Pensil ( 4Zel5UTytZ ) ',258160,4,1032640,'2023-01-09 10:17:22','2023-01-09 10:17:22',NULL),(1136,1,293,259,'Jam Dinding ( Ddrg2Vh7iI ) ',921952,10,9219520,'2023-01-09 10:17:22','2023-01-09 10:17:22',NULL),(1137,1,183,259,'UniQlo ( tLgihXqdiS ) ',648183,8,5185464,'2023-01-09 10:17:22','2023-01-09 10:17:22',NULL),(1138,1,201,260,'Mixue ( Vdt7JrZrll ) ',504135,7,3528945,'2023-01-09 10:17:22','2023-01-09 10:17:22',NULL),(1139,1,72,260,'Sampoerna ( ouj33xUbbi ) ',944264,9,8498376,'2023-01-09 10:17:22','2023-01-09 10:17:22',NULL),(1140,1,153,261,'Wings ( clqm7RCe7b ) ',63292,6,379752,'2023-01-09 10:17:22','2023-01-09 10:17:22',NULL),(1141,1,268,262,'Wings ( 4I1gMXJ142 ) ',731420,9,6582780,'2023-01-09 10:17:22','2023-01-09 10:17:22',NULL),(1142,1,112,263,'Pensil ( Wqsf6Q6itR ) ',531527,6,3189162,'2023-01-09 10:17:22','2023-01-09 10:17:22',NULL),(1143,1,142,263,'KFC ( 3m4YNtwoEB ) ',219188,1,219188,'2023-01-09 10:17:22','2023-01-09 10:17:22',NULL),(1144,1,40,263,'Levis ( kCWDFYYM6f ) ',994298,9,8948682,'2023-01-09 10:17:22','2023-01-09 10:17:22',NULL),(1145,1,190,263,'UniQlo ( v00tBs1N5G ) ',16236,7,113652,'2023-01-09 10:17:22','2023-01-09 10:17:22',NULL),(1146,1,192,263,'Wings ( muINPU10Wj ) ',538824,8,4310592,'2023-01-09 10:17:22','2023-01-09 10:17:22',NULL),(1147,1,40,264,'Levis ( kCWDFYYM6f ) ',994298,9,8948682,'2023-01-09 10:17:22','2023-01-09 10:17:22',NULL),(1148,1,297,264,'KFC ( LUkYijLONR ) ',951597,6,5709582,'2023-01-09 10:17:22','2023-01-09 10:17:22',NULL),(1149,1,261,264,'Jam Dinding ( wt4usAAJSR ) ',50513,5,252565,'2023-01-09 10:17:22','2023-01-09 10:17:22',NULL),(1150,1,179,264,'Lays ( thnBlmR5No ) ',514587,2,1029174,'2023-01-09 10:17:22','2023-01-09 10:17:22',NULL),(1151,1,2,264,'Lays ( eCsOpCY2Ww ) ',594047,4,2376188,'2023-01-09 10:17:22','2023-01-09 10:17:22',NULL),(1152,1,158,264,'Casing Hp ( hknMxeO5vR ) ',361376,3,1084128,'2023-01-09 10:17:22','2023-01-09 10:17:22',NULL),(1153,1,228,264,'UniQlo ( niZK5Xcrpc ) ',163532,4,654128,'2023-01-09 10:17:22','2023-01-09 10:17:22',NULL),(1154,1,36,264,'Mixue ( 5HEYczfnzF ) ',935462,4,3741848,'2023-01-09 10:17:22','2023-01-09 10:17:22',NULL),(1155,1,294,264,'UniQlo ( gAyUD5ohIz ) ',377794,4,1511176,'2023-01-09 10:17:22','2023-01-09 10:17:22',NULL),(1156,1,181,265,'Mixue ( 9DXDFSK1te ) ',796861,1,796861,'2023-01-09 10:17:22','2023-01-09 10:17:22',NULL),(1157,1,37,265,'Wings ( y68BpnEzI4 ) ',417728,2,835456,'2023-01-09 10:17:22','2023-01-09 10:17:22',NULL),(1158,1,160,265,'UniQlo ( MOj0ZvjTkM ) ',106633,8,853064,'2023-01-09 10:17:22','2023-01-09 10:17:22',NULL),(1159,1,230,265,'KFC ( I4aZamgx47 ) ',808358,2,1616716,'2023-01-09 10:17:22','2023-01-09 10:17:22',NULL),(1160,1,151,265,'Levis ( KGnFkCsOPX ) ',122853,3,368559,'2023-01-09 10:17:22','2023-01-09 10:17:22',NULL),(1161,1,272,265,'Sampoerna ( hWTJyLO5g1 ) ',460610,1,460610,'2023-01-09 10:17:22','2023-01-09 10:17:22',NULL),(1162,1,107,266,'Wings ( cqSpm540N6 ) ',242939,10,2429390,'2023-01-09 10:17:22','2023-01-09 10:17:22',NULL),(1163,1,44,267,'Pensil ( xj9Qtmf2Rx ) ',922174,3,2766522,'2023-01-09 10:17:22','2023-01-09 10:17:22',NULL),(1164,1,48,267,'Casing Hp ( 1JG6LhtAVz ) ',85620,1,85620,'2023-01-09 10:17:22','2023-01-09 10:17:22',NULL),(1165,1,294,267,'UniQlo ( gAyUD5ohIz ) ',377794,4,1511176,'2023-01-09 10:17:22','2023-01-09 10:17:22',NULL),(1166,1,234,267,'Mixue ( K26ZBruXtQ ) ',15600,2,31200,'2023-01-09 10:17:22','2023-01-09 10:17:22',NULL),(1167,1,35,267,'Wings ( 1azwnQZkSg ) ',842014,6,5052084,'2023-01-09 10:17:22','2023-01-09 10:17:22',NULL),(1168,1,104,267,'Sampoerna ( GS8HL4L2l7 ) ',31509,4,126036,'2023-01-09 10:17:22','2023-01-09 10:17:22',NULL),(1169,1,244,267,'Casing Hp ( qfIl4KCDdq ) ',195024,5,975120,'2023-01-09 10:17:22','2023-01-09 10:17:22',NULL),(1170,1,234,268,'Mixue ( K26ZBruXtQ ) ',15600,8,124800,'2023-01-09 10:17:22','2023-01-09 10:17:22',NULL),(1171,1,178,268,'KFC ( Xbd8u2hKjz ) ',250969,6,1505814,'2023-01-09 10:17:22','2023-01-09 10:17:22',NULL),(1172,1,283,268,'Wings ( wQLEN7mAZO ) ',66090,6,396540,'2023-01-09 10:17:22','2023-01-09 10:17:22',NULL),(1173,1,106,268,'Lays ( 8RcDaXZvPm ) ',872079,9,7848711,'2023-01-09 10:17:22','2023-01-09 10:17:22',NULL),(1174,1,279,268,'Lays ( BL2XccsWhz ) ',841663,6,5049978,'2023-01-09 10:17:22','2023-01-09 10:17:22',NULL),(1175,1,250,268,'Levis ( ZErHGfgwax ) ',623349,4,2493396,'2023-01-09 10:17:22','2023-01-09 10:17:22',NULL),(1176,1,44,268,'Pensil ( xj9Qtmf2Rx ) ',922174,9,8299566,'2023-01-09 10:17:22','2023-01-09 10:17:22',NULL),(1177,1,174,268,'KFC ( 1cIOoJ0yNv ) ',479862,2,959724,'2023-01-09 10:17:22','2023-01-09 10:17:22',NULL),(1178,1,220,269,'Lays ( Axc9f3EWDN ) ',449824,2,899648,'2023-01-09 10:17:22','2023-01-09 10:17:22',NULL),(1179,1,136,269,'Wings ( LIEImDLJVz ) ',668493,9,6016437,'2023-01-09 10:17:22','2023-01-09 10:17:22',NULL),(1180,1,254,269,'Wings ( YIIlCF8umx ) ',87495,7,612465,'2023-01-09 10:17:22','2023-01-09 10:17:22',NULL),(1181,1,266,269,'Lays ( l3icjOmRmi ) ',770078,8,6160624,'2023-01-09 10:17:22','2023-01-09 10:17:22',NULL),(1182,1,74,270,'Sampoerna ( 5fPtUWtRjE ) ',113716,2,227432,'2023-01-09 10:17:22','2023-01-09 10:17:22',NULL),(1183,1,195,271,'Levis ( 3FdB4P9JQq ) ',18626,7,130382,'2023-01-09 10:17:22','2023-01-09 10:17:22',NULL),(1184,1,219,271,'Sampoerna ( hevImAstA7 ) ',520327,10,5203270,'2023-01-09 10:17:22','2023-01-09 10:17:22',NULL),(1185,1,132,271,'Mixue ( zCpgLsh4cR ) ',467194,5,2335970,'2023-01-09 10:17:22','2023-01-09 10:17:22',NULL),(1186,1,228,273,'UniQlo ( niZK5Xcrpc ) ',163532,2,327064,'2023-01-09 10:17:22','2023-01-09 10:17:22',NULL),(1187,1,127,273,'Levis ( zp2qpvJ3I9 ) ',351256,7,2458792,'2023-01-09 10:17:22','2023-01-09 10:17:22',NULL),(1188,1,147,274,'Lays ( A7Wh6n0PA7 ) ',281749,4,1126996,'2023-01-09 10:17:22','2023-01-09 10:17:22',NULL),(1189,1,161,274,'Lays ( MRpLDD0cbh ) ',870739,6,5224434,'2023-01-09 10:17:22','2023-01-09 10:17:22',NULL),(1190,1,143,274,'Sampoerna ( XXZoc1wgpj ) ',737153,5,3685765,'2023-01-09 10:17:22','2023-01-09 10:17:22',NULL),(1191,1,125,275,'Wings ( 1uxK4IvxgD ) ',132428,3,397284,'2023-01-09 10:17:22','2023-01-09 10:17:22',NULL),(1192,1,224,275,'Casing Hp ( tzYx7do18O ) ',954961,8,7639688,'2023-01-09 10:17:22','2023-01-09 10:17:22',NULL),(1193,1,221,276,'Wings ( UiouS2wFwD ) ',902770,3,2708310,'2023-01-09 10:17:22','2023-01-09 10:17:22',NULL),(1194,1,90,277,'Levis ( JCB4zafTBS ) ',560103,4,2240412,'2023-01-09 10:17:22','2023-01-09 10:17:22',NULL),(1195,1,60,277,'Lays ( FQJwYY7bxe ) ',995258,5,4976290,'2023-01-09 10:17:22','2023-01-09 10:17:22',NULL),(1196,1,235,277,'Casing Hp ( qlcMYU51jN ) ',358303,2,716606,'2023-01-09 10:17:22','2023-01-09 10:17:22',NULL),(1197,1,243,277,'Casing Hp ( VZTtuPEM6s ) ',249910,6,1499460,'2023-01-09 10:17:22','2023-01-09 10:17:22',NULL),(1198,1,175,277,'Wings ( rwWHKROceP ) ',902159,6,5412954,'2023-01-09 10:17:22','2023-01-09 10:17:22',NULL),(1199,1,127,278,'Levis ( zp2qpvJ3I9 ) ',351256,9,3161304,'2023-01-09 10:17:22','2023-01-09 10:17:22',NULL),(1200,1,279,278,'Lays ( BL2XccsWhz ) ',841663,5,4208315,'2023-01-09 10:17:22','2023-01-09 10:17:22',NULL),(1201,1,135,278,'Sampoerna ( 440MLIr3Ap ) ',843122,3,2529366,'2023-01-09 10:17:22','2023-01-09 10:17:22',NULL),(1202,1,276,278,'Wings ( YQUmvwO9xU ) ',547291,2,1094582,'2023-01-09 10:17:22','2023-01-09 10:17:22',NULL),(1203,1,49,279,'Pensil ( Wt1xGhfX48 ) ',926275,9,8336475,'2023-01-09 10:17:22','2023-01-09 10:17:22',NULL),(1204,1,272,280,'Sampoerna ( hWTJyLO5g1 ) ',460610,5,2303050,'2023-01-09 10:17:22','2023-01-09 10:17:22',NULL),(1205,1,142,280,'KFC ( 3m4YNtwoEB ) ',219188,6,1315128,'2023-01-09 10:17:22','2023-01-09 10:17:22',NULL),(1206,1,196,280,'Wings ( JEHbFYY6Lq ) ',474843,5,2374215,'2023-01-09 10:17:22','2023-01-09 10:17:22',NULL),(1207,1,284,280,'Casing Hp ( jDZv5tuTYN ) ',343738,3,1031214,'2023-01-09 10:17:22','2023-01-09 10:17:22',NULL),(1208,1,92,280,'Pensil ( Zwex66xOq6 ) ',118118,1,118118,'2023-01-09 10:17:22','2023-01-09 10:17:22',NULL),(1209,1,187,281,'Levis ( LhcN0gzXAI ) ',847799,6,5086794,'2023-01-09 10:17:22','2023-01-09 10:17:22',NULL),(1210,1,280,281,'Jam Dinding ( C1obtMal0F ) ',638113,6,3828678,'2023-01-09 10:17:22','2023-01-09 10:17:22',NULL),(1211,1,226,281,'Jam Dinding ( UQIMtX4ln4 ) ',853500,6,5121000,'2023-01-09 10:17:22','2023-01-09 10:17:22',NULL),(1212,1,124,281,'Sampoerna ( fN7HHjP5pV ) ',479845,5,2399225,'2023-01-09 10:17:22','2023-01-09 10:17:22',NULL),(1213,1,176,281,'Jam Dinding ( SbUy6NIyMU ) ',968394,4,3873576,'2023-01-09 10:17:22','2023-01-09 10:17:22',NULL),(1214,1,20,281,'Wings ( yaRpm1w3Tx ) ',667451,2,1334902,'2023-01-09 10:17:22','2023-01-09 10:17:22',NULL),(1215,1,125,281,'Wings ( 1uxK4IvxgD ) ',132428,5,662140,'2023-01-09 10:17:22','2023-01-09 10:17:22',NULL),(1216,1,243,281,'Casing Hp ( VZTtuPEM6s ) ',249910,2,499820,'2023-01-09 10:17:22','2023-01-09 10:17:22',NULL),(1217,1,245,282,'Jam Dinding ( XwmaAFuxBV ) ',713986,4,2855944,'2023-01-09 10:17:22','2023-01-09 10:17:22',NULL),(1218,1,121,283,'Casing Hp ( Bd7BGF3OdF ) ',540468,5,2702340,'2023-01-09 10:17:22','2023-01-09 10:17:22',NULL),(1219,1,200,283,'UniQlo ( atv3mDTLbe ) ',879652,6,5277912,'2023-01-09 10:17:22','2023-01-09 10:17:22',NULL),(1220,1,161,283,'Lays ( MRpLDD0cbh ) ',870739,7,6095173,'2023-01-09 10:17:22','2023-01-09 10:17:22',NULL),(1221,1,263,283,'UniQlo ( bZrJtb0Ko4 ) ',448398,9,4035582,'2023-01-09 10:17:22','2023-01-09 10:17:22',NULL),(1222,1,124,284,'Sampoerna ( fN7HHjP5pV ) ',479845,10,4798450,'2023-01-09 10:17:22','2023-01-09 10:17:22',NULL),(1223,1,109,284,'Lays ( DwXRQQryDq ) ',409585,2,819170,'2023-01-09 10:17:22','2023-01-09 10:17:22',NULL),(1224,1,109,284,'Lays ( DwXRQQryDq ) ',409585,6,2457510,'2023-01-09 10:17:22','2023-01-09 10:17:22',NULL),(1225,1,183,284,'UniQlo ( tLgihXqdiS ) ',648183,6,3889098,'2023-01-09 10:17:22','2023-01-09 10:17:22',NULL),(1226,1,151,284,'Levis ( KGnFkCsOPX ) ',122853,4,491412,'2023-01-09 10:17:22','2023-01-09 10:17:22',NULL),(1227,1,184,285,'Pensil ( 6qlPlixNnv ) ',480453,10,4804530,'2023-01-09 10:17:22','2023-01-09 10:17:22',NULL),(1228,1,79,286,'Levis ( MapEWyohAi ) ',499083,4,1996332,'2023-01-09 10:17:22','2023-01-09 10:17:22',NULL),(1229,1,286,286,'Lays ( dGVx1ELkSh ) ',969452,10,9694520,'2023-01-09 10:17:22','2023-01-09 10:17:22',NULL),(1230,1,281,286,'Wings ( yy71KNnhZU ) ',283058,9,2547522,'2023-01-09 10:17:22','2023-01-09 10:17:22',NULL),(1231,1,250,286,'Levis ( ZErHGfgwax ) ',623349,4,2493396,'2023-01-09 10:17:22','2023-01-09 10:17:22',NULL),(1232,1,83,288,'Casing Hp ( u5tPpXCLSR ) ',804083,1,804083,'2023-01-09 10:17:22','2023-01-09 10:17:22',NULL),(1233,1,260,288,'Sampoerna ( EbMzRKdRZY ) ',795245,4,3180980,'2023-01-09 10:17:22','2023-01-09 10:17:22',NULL),(1234,1,72,288,'Sampoerna ( ouj33xUbbi ) ',944264,5,4721320,'2023-01-09 10:17:22','2023-01-09 10:17:22',NULL),(1235,1,251,289,'Wings ( kkOHDhXtT7 ) ',832201,9,7489809,'2023-01-09 10:17:22','2023-01-09 10:17:22',NULL),(1236,1,81,289,'Levis ( 60P0EF9yt4 ) ',721921,3,2165763,'2023-01-09 10:17:22','2023-01-09 10:17:22',NULL),(1237,1,116,289,'Mixue ( LpFggOiMlA ) ',192590,2,385180,'2023-01-09 10:17:22','2023-01-09 10:17:22',NULL),(1238,1,208,290,'Sampoerna ( oVY7bhMiSd ) ',71750,5,358750,'2023-01-09 10:17:22','2023-01-09 10:17:22',NULL),(1239,1,27,291,'Levis ( eL77GEUq1z ) ',608695,1,608695,'2023-01-09 10:17:22','2023-01-09 10:17:22',NULL),(1240,1,209,292,'KFC ( gqn6W6zNKm ) ',348716,1,348716,'2023-01-09 10:17:22','2023-01-09 10:17:22',NULL),(1241,1,284,292,'Casing Hp ( jDZv5tuTYN ) ',343738,6,2062428,'2023-01-09 10:17:22','2023-01-09 10:17:22',NULL),(1242,1,165,292,'Jam Dinding ( hpdrkkHkw8 ) ',767125,2,1534250,'2023-01-09 10:17:22','2023-01-09 10:17:22',NULL),(1243,1,202,292,'Levis ( 4cDOnKV9mZ ) ',419161,3,1257483,'2023-01-09 10:17:22','2023-01-09 10:17:22',NULL),(1244,1,275,293,'Casing Hp ( Sn5ddxd4kX ) ',791615,1,791615,'2023-01-09 10:17:22','2023-01-09 10:17:22',NULL),(1245,1,152,293,'KFC ( XbXb3dauK6 ) ',448836,2,897672,'2023-01-09 10:17:22','2023-01-09 10:17:22',NULL),(1246,1,20,293,'Wings ( yaRpm1w3Tx ) ',667451,1,667451,'2023-01-09 10:17:22','2023-01-09 10:17:22',NULL),(1247,1,140,293,'Casing Hp ( 9z8gCYp3pI ) ',621146,6,3726876,'2023-01-09 10:17:22','2023-01-09 10:17:22',NULL),(1248,1,241,293,'Pensil ( tB0DI9N5RN ) ',803190,7,5622330,'2023-01-09 10:17:22','2023-01-09 10:17:22',NULL),(1249,1,119,294,'Jam Dinding ( onjR23VsyS ) ',289892,7,2029244,'2023-01-09 10:17:22','2023-01-09 10:17:22',NULL),(1250,1,90,294,'Levis ( JCB4zafTBS ) ',560103,8,4480824,'2023-01-09 10:17:22','2023-01-09 10:17:22',NULL),(1251,1,204,294,'Levis ( w06s9PhwqY ) ',230605,1,230605,'2023-01-09 10:17:22','2023-01-09 10:17:22',NULL),(1252,1,20,295,'Wings ( yaRpm1w3Tx ) ',667451,8,5339608,'2023-01-09 10:17:22','2023-01-09 10:17:22',NULL),(1253,1,195,295,'Levis ( 3FdB4P9JQq ) ',18626,10,186260,'2023-01-09 10:17:22','2023-01-09 10:17:22',NULL),(1254,1,152,295,'KFC ( XbXb3dauK6 ) ',448836,9,4039524,'2023-01-09 10:17:22','2023-01-09 10:17:22',NULL),(1255,1,243,295,'Casing Hp ( VZTtuPEM6s ) ',249910,9,2249190,'2023-01-09 10:17:22','2023-01-09 10:17:22',NULL),(1256,1,221,296,'Wings ( UiouS2wFwD ) ',902770,7,6319390,'2023-01-09 10:17:22','2023-01-09 10:17:22',NULL),(1257,1,261,296,'Jam Dinding ( wt4usAAJSR ) ',50513,3,151539,'2023-01-09 10:17:22','2023-01-09 10:17:22',NULL),(1258,1,216,296,'Casing Hp ( KRrKzMnMDw ) ',11114,2,22228,'2023-01-09 10:17:22','2023-01-09 10:17:22',NULL),(1259,1,162,296,'UniQlo ( tMN8hciH4Q ) ',430970,2,861940,'2023-01-09 10:17:22','2023-01-09 10:17:22',NULL),(1260,1,27,296,'Levis ( eL77GEUq1z ) ',608695,5,3043475,'2023-01-09 10:17:22','2023-01-09 10:17:22',NULL),(1261,1,178,297,'KFC ( Xbd8u2hKjz ) ',250969,8,2007752,'2023-01-09 10:17:22','2023-01-09 10:17:22',NULL),(1262,1,119,297,'Jam Dinding ( onjR23VsyS ) ',289892,5,1449460,'2023-01-09 10:17:22','2023-01-09 10:17:22',NULL),(1263,1,212,297,'Levis ( SAD6NkpI6s ) ',319810,1,319810,'2023-01-09 10:17:22','2023-01-09 10:17:22',NULL),(1264,1,134,298,'UniQlo ( PkMtMYYkN3 ) ',433654,4,1734616,'2023-01-09 10:17:22','2023-01-09 10:17:22',NULL),(1265,1,263,298,'UniQlo ( bZrJtb0Ko4 ) ',448398,8,3587184,'2023-01-09 10:17:22','2023-01-09 10:17:22',NULL),(1266,1,249,298,'Lays ( MwgU3PeALE ) ',281459,5,1407295,'2023-01-09 10:17:22','2023-01-09 10:17:22',NULL),(1267,1,5,299,'Casing Hp ( WeiRO23eP3 ) ',621638,5,3108190,'2023-01-09 10:17:22','2023-01-09 10:17:22',NULL),(1268,1,226,299,'Jam Dinding ( UQIMtX4ln4 ) ',853500,5,4267500,'2023-01-09 10:17:22','2023-01-09 10:17:22',NULL),(1269,1,292,299,'Sampoerna ( 13w7UhR9mm ) ',780009,2,1560018,'2023-01-09 10:17:22','2023-01-09 10:17:22',NULL),(1270,1,199,299,'Sampoerna ( Kkjh12LvaU ) ',177548,3,532644,'2023-01-09 10:17:22','2023-01-09 10:17:22',NULL),(1271,1,221,299,'Wings ( UiouS2wFwD ) ',902770,10,9027700,'2023-01-09 10:17:22','2023-01-09 10:17:22',NULL),(1272,1,207,299,'Jam Dinding ( W9p9saWQxs ) ',530668,1,530668,'2023-01-09 10:17:22','2023-01-09 10:17:22',NULL),(1273,1,290,299,'Jam Dinding ( 6oR30SqXDq ) ',352776,1,352776,'2023-01-09 10:17:22','2023-01-09 10:17:22',NULL),(1274,1,190,300,'UniQlo ( v00tBs1N5G ) ',16236,3,48708,'2023-01-09 10:17:22','2023-01-09 10:17:22',NULL),(1275,1,3,303,'Richeese 3 New Update',11000,1,11000,'2023-01-10 08:24:33','2023-01-10 08:24:33',NULL),(1276,1,5,303,'Casing Hp ( WeiRO23eP3 ) ',621638,3,1864914,'2023-01-10 08:24:33','2023-01-10 08:24:33',NULL);
/*!40000 ALTER TABLE `pembelian__details` ENABLE KEYS */;
UNLOCK TABLES;

--
-- Table structure for table `pembelians`
--

DROP TABLE IF EXISTS `pembelians`;
/*!40101 SET @saved_cs_client     = @@character_set_client */;
/*!50503 SET character_set_client = utf8mb4 */;
CREATE TABLE `pembelians` (
  `id` bigint unsigned NOT NULL AUTO_INCREMENT,
  `user_id` bigint unsigned NOT NULL,
  `id_supplier` bigint unsigned NOT NULL,
  `total_item` int NOT NULL,
  `diskon` int NOT NULL,
  `total_bayar` int NOT NULL,
  `created_at` timestamp NULL DEFAULT NULL,
  `updated_at` timestamp NULL DEFAULT NULL,
  `deleted_at` timestamp NULL DEFAULT NULL,
  PRIMARY KEY (`id`),
  KEY `pembelians_user_id_foreign` (`user_id`),
  KEY `pembelians_id_supplier_foreign` (`id_supplier`),
  CONSTRAINT `pembelians_id_supplier_foreign` FOREIGN KEY (`id_supplier`) REFERENCES `suppliers` (`id`) ON DELETE RESTRICT ON UPDATE CASCADE,
  CONSTRAINT `pembelians_user_id_foreign` FOREIGN KEY (`user_id`) REFERENCES `users` (`id`) ON DELETE RESTRICT ON UPDATE CASCADE
) ENGINE=InnoDB AUTO_INCREMENT=304 DEFAULT CHARSET=utf8mb4 COLLATE=utf8mb4_unicode_ci;
/*!40101 SET character_set_client = @saved_cs_client */;

--
-- Dumping data for table `pembelians`
--

LOCK TABLES `pembelians` WRITE;
/*!40000 ALTER TABLE `pembelians` DISABLE KEYS */;
INSERT INTO `pembelians` VALUES (1,1,1,4,0,5678230,'2023-01-09 10:15:19','2023-01-09 10:15:19',NULL),(2,1,1,1,0,3641463,'2023-01-09 10:15:19','2023-01-09 10:15:19',NULL),(3,1,1,9,0,10067866,'2023-01-09 10:15:19','2023-01-09 10:15:19',NULL),(4,1,1,6,0,15194272,'2023-01-09 10:15:19','2023-01-09 10:15:19',NULL),(5,1,1,1,0,0,'2023-01-09 10:15:19','2023-01-09 10:15:19',NULL),(6,1,1,2,0,8284276,'2023-01-09 10:15:19','2023-01-09 10:15:19',NULL),(7,1,1,2,0,3364110,'2023-01-09 10:15:19','2023-01-09 10:15:19',NULL),(8,1,1,9,0,20013858,'2023-01-09 10:15:19','2023-01-09 10:15:19',NULL),(9,1,1,3,0,11244300,'2023-01-09 10:15:19','2023-01-09 10:15:19',NULL),(10,1,1,9,0,30042547,'2023-01-09 10:15:19','2023-01-09 10:15:19',NULL),(11,1,1,3,0,2431632,'2023-01-09 10:15:19','2023-01-09 10:15:19',NULL),(12,1,1,8,0,10479282,'2023-01-09 10:15:19','2023-01-09 10:15:19',NULL),(13,1,1,8,0,23635833,'2023-01-09 10:15:19','2023-01-09 10:15:19',NULL),(14,1,1,2,0,8744331,'2023-01-09 10:15:19','2023-01-09 10:15:19',NULL),(15,1,1,7,0,8724342,'2023-01-09 10:15:19','2023-01-09 10:15:19',NULL),(16,1,1,5,0,14907143,'2023-01-09 10:15:19','2023-01-09 10:15:19',NULL),(17,1,1,7,0,22835289,'2023-01-09 10:15:19','2023-01-09 10:15:19',NULL),(18,1,1,5,0,2777559,'2023-01-09 10:15:19','2023-01-09 10:15:19',NULL),(19,1,1,5,0,9830224,'2023-01-09 10:15:19','2023-01-09 10:15:19',NULL),(20,1,1,5,0,8275653,'2023-01-09 10:15:19','2023-01-09 10:15:19',NULL),(21,1,1,9,0,15424705,'2023-01-09 10:15:19','2023-01-09 10:15:19',NULL),(22,1,1,10,0,19814481,'2023-01-09 10:15:19','2023-01-09 10:15:19',NULL),(23,1,1,2,0,4819238,'2023-01-09 10:15:19','2023-01-09 10:15:19',NULL),(24,1,1,5,0,9638548,'2023-01-09 10:15:19','2023-01-09 10:15:19',NULL),(25,1,1,2,0,2584904,'2023-01-09 10:15:19','2023-01-09 10:15:19',NULL),(26,1,1,2,0,2799314,'2023-01-09 10:15:19','2023-01-09 10:15:19',NULL),(27,1,1,8,0,14939867,'2023-01-09 10:15:19','2023-01-09 10:15:19',NULL),(28,1,1,6,0,26945092,'2023-01-09 10:15:19','2023-01-09 10:15:19',NULL),(29,1,1,2,0,10075247,'2023-01-09 10:15:19','2023-01-09 10:15:19',NULL),(30,1,1,10,0,30178351,'2023-01-09 10:15:19','2023-01-09 10:15:19',NULL),(31,1,1,3,0,10056276,'2023-01-09 10:15:19','2023-01-09 10:15:19',NULL),(32,1,1,8,0,13682501,'2023-01-09 10:15:19','2023-01-09 10:15:19',NULL),(33,1,1,8,0,17076683,'2023-01-09 10:15:19','2023-01-09 10:15:19',NULL),(34,1,1,8,0,16405443,'2023-01-09 10:15:19','2023-01-09 10:15:19',NULL),(35,1,1,9,0,22673198,'2023-01-09 10:15:19','2023-01-09 10:15:19',NULL),(36,1,1,5,0,18014803,'2023-01-09 10:15:19','2023-01-09 10:15:19',NULL),(37,1,1,8,0,25600254,'2023-01-09 10:15:19','2023-01-09 10:15:19',NULL),(38,1,1,5,0,8974803,'2023-01-09 10:15:19','2023-01-09 10:15:19',NULL),(39,1,1,3,0,13186902,'2023-01-09 10:15:19','2023-01-09 10:15:19',NULL),(40,1,1,9,0,24119597,'2023-01-09 10:15:19','2023-01-09 10:15:19',NULL),(41,1,1,5,0,9268547,'2023-01-09 10:15:19','2023-01-09 10:15:19',NULL),(42,1,1,4,0,8521596,'2023-01-09 10:15:19','2023-01-09 10:15:19',NULL),(43,1,1,8,0,28055488,'2023-01-09 10:15:19','2023-01-09 10:15:19',NULL),(44,1,1,8,0,32711809,'2023-01-09 10:15:19','2023-01-09 10:15:19',NULL),(45,1,1,2,0,0,'2023-01-09 10:15:19','2023-01-09 10:15:19',NULL),(46,1,1,6,0,23574194,'2023-01-09 10:15:19','2023-01-09 10:15:19',NULL),(47,1,1,9,0,30571524,'2023-01-09 10:15:19','2023-01-09 10:15:19',NULL),(48,1,1,3,0,17461736,'2023-01-09 10:15:19','2023-01-09 10:15:19',NULL),(49,1,1,5,0,872425,'2023-01-09 10:15:19','2023-01-09 10:15:19',NULL),(50,1,1,6,0,14763586,'2023-01-09 10:15:19','2023-01-09 10:15:19',NULL),(51,1,1,6,0,19320021,'2023-01-09 10:15:19','2023-01-09 10:15:19',NULL),(52,1,1,8,0,12476238,'2023-01-09 10:15:19','2023-01-09 10:15:19',NULL),(53,1,1,3,0,20734714,'2023-01-09 10:15:19','2023-01-09 10:15:19',NULL),(54,1,1,5,0,11465284,'2023-01-09 10:15:19','2023-01-09 10:15:19',NULL),(55,1,1,5,0,24988157,'2023-01-09 10:15:19','2023-01-09 10:15:19',NULL),(56,1,1,9,0,16346152,'2023-01-09 10:15:19','2023-01-09 10:15:19',NULL),(57,1,1,10,0,22214725,'2023-01-09 10:15:19','2023-01-09 10:15:19',NULL),(58,1,1,2,0,787120,'2023-01-09 10:15:19','2023-01-09 10:15:19',NULL),(59,1,1,1,0,2298240,'2023-01-09 10:15:19','2023-01-09 10:15:19',NULL),(60,1,1,4,0,12492750,'2023-01-09 10:15:19','2023-01-09 10:15:19',NULL),(61,1,1,8,0,12727581,'2023-01-09 10:15:19','2023-01-09 10:15:19',NULL),(62,1,1,6,0,8687244,'2023-01-09 10:15:19','2023-01-09 10:15:19',NULL),(63,1,1,1,0,603840,'2023-01-09 10:15:19','2023-01-09 10:15:19',NULL),(64,1,1,6,0,14184894,'2023-01-09 10:15:19','2023-01-09 10:15:19',NULL),(65,1,1,6,0,7504432,'2023-01-09 10:15:19','2023-01-09 10:15:19',NULL),(66,1,1,4,0,10297625,'2023-01-09 10:15:19','2023-01-09 10:15:19',NULL),(67,1,1,10,0,18825762,'2023-01-09 10:15:19','2023-01-09 10:15:19',NULL),(68,1,1,7,0,18572446,'2023-01-09 10:15:19','2023-01-09 10:15:19',NULL),(69,1,1,2,0,486322,'2023-01-09 10:15:19','2023-01-09 10:15:19',NULL),(70,1,1,5,0,11795096,'2023-01-09 10:15:19','2023-01-09 10:15:19',NULL),(71,1,1,5,0,12524955,'2023-01-09 10:15:19','2023-01-09 10:15:19',NULL),(72,1,1,3,0,6651918,'2023-01-09 10:15:19','2023-01-09 10:15:19',NULL),(73,1,1,8,0,12763749,'2023-01-09 10:15:19','2023-01-09 10:15:19',NULL),(74,1,1,6,0,9418373,'2023-01-09 10:15:19','2023-01-09 10:15:19',NULL),(75,1,1,9,0,14117856,'2023-01-09 10:15:19','2023-01-09 10:15:19',NULL),(76,1,1,5,0,19948424,'2023-01-09 10:15:19','2023-01-09 10:15:19',NULL),(77,1,1,2,0,9859633,'2023-01-09 10:15:19','2023-01-09 10:15:19',NULL),(78,1,1,9,0,17442259,'2023-01-09 10:15:19','2023-01-09 10:15:19',NULL),(79,1,1,3,0,761330,'2023-01-09 10:15:19','2023-01-09 10:15:20',NULL),(80,1,1,6,0,16663348,'2023-01-09 10:15:20','2023-01-09 10:15:20',NULL),(81,1,1,5,0,13739938,'2023-01-09 10:15:20','2023-01-09 10:15:20',NULL),(82,1,1,10,0,13305105,'2023-01-09 10:15:20','2023-01-09 10:15:20',NULL),(83,1,1,6,0,15106315,'2023-01-09 10:15:20','2023-01-09 10:15:20',NULL),(84,1,1,10,0,18887764,'2023-01-09 10:15:20','2023-01-09 10:15:20',NULL),(85,1,1,8,0,12131531,'2023-01-09 10:15:20','2023-01-09 10:15:20',NULL),(86,1,1,1,0,4869560,'2023-01-09 10:15:20','2023-01-09 10:15:20',NULL),(87,1,1,8,0,14932360,'2023-01-09 10:15:20','2023-01-09 10:15:20',NULL),(88,1,1,9,0,21562059,'2023-01-09 10:15:20','2023-01-09 10:15:20',NULL),(89,1,1,5,0,9261588,'2023-01-09 10:15:20','2023-01-09 10:15:20',NULL),(90,1,1,9,0,6847333,'2023-01-09 10:15:20','2023-01-09 10:15:20',NULL),(91,1,1,9,0,6541940,'2023-01-09 10:15:20','2023-01-09 10:15:20',NULL),(92,1,1,5,0,13419414,'2023-01-09 10:15:20','2023-01-09 10:15:20',NULL),(93,1,1,10,0,10390210,'2023-01-09 10:15:20','2023-01-09 10:15:20',NULL),(94,1,1,6,0,10408929,'2023-01-09 10:15:20','2023-01-09 10:15:20',NULL),(95,1,1,4,0,15925076,'2023-01-09 10:15:20','2023-01-09 10:15:20',NULL),(96,1,1,2,0,5225934,'2023-01-09 10:15:20','2023-01-09 10:15:20',NULL),(97,1,1,3,0,3151020,'2023-01-09 10:15:20','2023-01-09 10:15:20',NULL),(98,1,1,3,0,21230125,'2023-01-09 10:15:20','2023-01-09 10:15:20',NULL),(99,1,1,6,0,12895354,'2023-01-09 10:15:20','2023-01-09 10:15:20',NULL),(100,1,1,9,0,15884244,'2023-01-09 10:15:20','2023-01-09 10:15:20',NULL),(101,1,1,4,0,4824579,'2023-01-09 10:16:58','2023-01-09 10:16:58',NULL),(102,1,1,3,0,5301360,'2023-01-09 10:16:58','2023-01-09 10:16:58',NULL),(103,1,1,6,0,12533503,'2023-01-09 10:16:58','2023-01-09 10:16:58',NULL),(104,1,1,5,0,14212520,'2023-01-09 10:16:58','2023-01-09 10:16:58',NULL),(105,1,1,7,0,19296865,'2023-01-09 10:16:58','2023-01-09 10:16:58',NULL),(106,1,1,8,0,5415460,'2023-01-09 10:16:58','2023-01-09 10:16:58',NULL),(107,1,1,5,0,8464831,'2023-01-09 10:16:58','2023-01-09 10:16:58',NULL),(108,1,1,4,0,4256181,'2023-01-09 10:16:58','2023-01-09 10:16:58',NULL),(109,1,1,5,0,16198221,'2023-01-09 10:16:58','2023-01-09 10:16:58',NULL),(110,1,1,7,0,12814150,'2023-01-09 10:16:58','2023-01-09 10:16:59',NULL),(111,1,1,2,0,419840,'2023-01-09 10:16:59','2023-01-09 10:16:59',NULL),(112,1,1,1,0,0,'2023-01-09 10:16:59','2023-01-09 10:16:59',NULL),(113,1,1,9,0,30620588,'2023-01-09 10:16:59','2023-01-09 10:16:59',NULL),(114,1,1,6,0,16722855,'2023-01-09 10:16:59','2023-01-09 10:16:59',NULL),(115,1,1,9,0,40800250,'2023-01-09 10:16:59','2023-01-09 10:16:59',NULL),(116,1,1,8,0,20323878,'2023-01-09 10:16:59','2023-01-09 10:16:59',NULL),(117,1,1,10,0,14505575,'2023-01-09 10:16:59','2023-01-09 10:16:59',NULL),(118,1,1,4,0,11010043,'2023-01-09 10:16:59','2023-01-09 10:16:59',NULL),(119,1,1,6,0,13636292,'2023-01-09 10:16:59','2023-01-09 10:16:59',NULL),(120,1,1,1,0,5224434,'2023-01-09 10:16:59','2023-01-09 10:16:59',NULL),(121,1,1,3,0,8764200,'2023-01-09 10:16:59','2023-01-09 10:16:59',NULL),(122,1,1,8,0,25871018,'2023-01-09 10:16:59','2023-01-09 10:16:59',NULL),(123,1,1,5,0,11322106,'2023-01-09 10:16:59','2023-01-09 10:16:59',NULL),(124,1,1,5,0,3785874,'2023-01-09 10:16:59','2023-01-09 10:16:59',NULL),(125,1,1,9,0,21296560,'2023-01-09 10:16:59','2023-01-09 10:16:59',NULL),(126,1,1,10,0,19451038,'2023-01-09 10:16:59','2023-01-09 10:16:59',NULL),(127,1,1,4,0,13726277,'2023-01-09 10:16:59','2023-01-09 10:16:59',NULL),(128,1,1,6,0,6499270,'2023-01-09 10:16:59','2023-01-09 10:16:59',NULL),(129,1,1,8,0,10279885,'2023-01-09 10:16:59','2023-01-09 10:16:59',NULL),(130,1,1,2,0,850467,'2023-01-09 10:16:59','2023-01-09 10:16:59',NULL),(131,1,1,9,0,11957004,'2023-01-09 10:16:59','2023-01-09 10:16:59',NULL),(132,1,1,7,0,7834603,'2023-01-09 10:16:59','2023-01-09 10:16:59',NULL),(133,1,1,3,0,2458792,'2023-01-09 10:16:59','2023-01-09 10:16:59',NULL),(134,1,1,5,0,11561169,'2023-01-09 10:16:59','2023-01-09 10:16:59',NULL),(135,1,1,8,0,17310616,'2023-01-09 10:16:59','2023-01-09 10:16:59',NULL),(136,1,1,5,0,9496181,'2023-01-09 10:16:59','2023-01-09 10:16:59',NULL),(137,1,1,2,0,4184152,'2023-01-09 10:16:59','2023-01-09 10:16:59',NULL),(138,1,1,10,0,25672609,'2023-01-09 10:16:59','2023-01-09 10:16:59',NULL),(139,1,1,7,0,24035330,'2023-01-09 10:16:59','2023-01-09 10:16:59',NULL),(140,1,1,6,0,7400752,'2023-01-09 10:16:59','2023-01-09 10:16:59',NULL),(141,1,1,6,0,6120585,'2023-01-09 10:16:59','2023-01-09 10:16:59',NULL),(142,1,1,4,0,4648190,'2023-01-09 10:16:59','2023-01-09 10:16:59',NULL),(143,1,1,8,0,7797507,'2023-01-09 10:16:59','2023-01-09 10:16:59',NULL),(144,1,1,6,0,11368207,'2023-01-09 10:16:59','2023-01-09 10:16:59',NULL),(145,1,1,5,0,20806179,'2023-01-09 10:16:59','2023-01-09 10:16:59',NULL),(146,1,1,2,0,9773790,'2023-01-09 10:16:59','2023-01-09 10:16:59',NULL),(147,1,1,5,0,1576454,'2023-01-09 10:16:59','2023-01-09 10:16:59',NULL),(148,1,1,1,0,773142,'2023-01-09 10:16:59','2023-01-09 10:16:59',NULL),(149,1,1,9,0,10485682,'2023-01-09 10:16:59','2023-01-09 10:16:59',NULL),(150,1,1,1,0,184163,'2023-01-09 10:16:59','2023-01-09 10:16:59',NULL),(151,1,1,4,0,9099898,'2023-01-09 10:16:59','2023-01-09 10:16:59',NULL),(152,1,1,1,0,4698652,'2023-01-09 10:16:59','2023-01-09 10:16:59',NULL),(153,1,1,4,0,5996739,'2023-01-09 10:16:59','2023-01-09 10:16:59',NULL),(154,1,1,2,0,9335295,'2023-01-09 10:16:59','2023-01-09 10:16:59',NULL),(155,1,1,7,0,8993115,'2023-01-09 10:16:59','2023-01-09 10:16:59',NULL),(156,1,1,4,0,8656578,'2023-01-09 10:16:59','2023-01-09 10:16:59',NULL),(157,1,1,5,0,5802709,'2023-01-09 10:16:59','2023-01-09 10:16:59',NULL),(158,1,1,9,0,9849726,'2023-01-09 10:16:59','2023-01-09 10:16:59',NULL),(159,1,1,9,0,17366683,'2023-01-09 10:16:59','2023-01-09 10:16:59',NULL),(160,1,1,1,0,0,'2023-01-09 10:16:59','2023-01-09 10:16:59',NULL),(161,1,1,4,0,5075139,'2023-01-09 10:16:59','2023-01-09 10:16:59',NULL),(162,1,1,2,0,6325015,'2023-01-09 10:16:59','2023-01-09 10:16:59',NULL),(163,1,1,7,0,12407646,'2023-01-09 10:16:59','2023-01-09 10:16:59',NULL),(164,1,1,2,0,472472,'2023-01-09 10:16:59','2023-01-09 10:16:59',NULL),(165,1,1,4,0,13943049,'2023-01-09 10:16:59','2023-01-09 10:16:59',NULL),(166,1,1,9,0,20219604,'2023-01-09 10:16:59','2023-01-09 10:16:59',NULL),(167,1,1,10,0,18654247,'2023-01-09 10:16:59','2023-01-09 10:16:59',NULL),(168,1,1,6,0,9296024,'2023-01-09 10:16:59','2023-01-09 10:16:59',NULL),(169,1,1,4,0,4792254,'2023-01-09 10:16:59','2023-01-09 10:16:59',NULL),(170,1,1,7,0,13781389,'2023-01-09 10:16:59','2023-01-09 10:16:59',NULL),(171,1,1,3,0,6428740,'2023-01-09 10:16:59','2023-01-09 10:16:59',NULL),(172,1,1,8,0,22883034,'2023-01-09 10:16:59','2023-01-09 10:16:59',NULL),(173,1,1,8,0,18421965,'2023-01-09 10:16:59','2023-01-09 10:16:59',NULL),(174,1,1,1,0,3092568,'2023-01-09 10:16:59','2023-01-09 10:16:59',NULL),(175,1,1,5,0,7177777,'2023-01-09 10:16:59','2023-01-09 10:16:59',NULL),(176,1,1,2,0,699648,'2023-01-09 10:16:59','2023-01-09 10:16:59',NULL),(177,1,1,4,0,12770774,'2023-01-09 10:16:59','2023-01-09 10:16:59',NULL),(178,1,1,10,0,19234355,'2023-01-09 10:16:59','2023-01-09 10:16:59',NULL),(179,1,1,8,0,13805527,'2023-01-09 10:16:59','2023-01-09 10:16:59',NULL),(180,1,1,8,0,22457654,'2023-01-09 10:16:59','2023-01-09 10:16:59',NULL),(181,1,1,3,0,0,'2023-01-09 10:16:59','2023-01-09 10:16:59',NULL),(182,1,1,2,0,2669804,'2023-01-09 10:16:59','2023-01-09 10:16:59',NULL),(183,1,1,4,0,6099365,'2023-01-09 10:16:59','2023-01-09 10:16:59',NULL),(184,1,1,3,0,2775569,'2023-01-09 10:16:59','2023-01-09 10:16:59',NULL),(185,1,1,7,0,15190826,'2023-01-09 10:16:59','2023-01-09 10:16:59',NULL),(186,1,1,4,0,8178556,'2023-01-09 10:16:59','2023-01-09 10:16:59',NULL),(187,1,1,5,0,7735904,'2023-01-09 10:16:59','2023-01-09 10:16:59',NULL),(188,1,1,5,0,15626510,'2023-01-09 10:16:59','2023-01-09 10:16:59',NULL),(189,1,1,9,0,13541795,'2023-01-09 10:16:59','2023-01-09 10:16:59',NULL),(190,1,1,8,0,11911774,'2023-01-09 10:16:59','2023-01-09 10:16:59',NULL),(191,1,1,2,0,233166,'2023-01-09 10:16:59','2023-01-09 10:16:59',NULL),(192,1,1,1,0,0,'2023-01-09 10:16:59','2023-01-09 10:16:59',NULL),(193,1,1,7,0,8750704,'2023-01-09 10:16:59','2023-01-09 10:16:59',NULL),(194,1,1,1,0,0,'2023-01-09 10:16:59','2023-01-09 10:16:59',NULL),(195,1,1,7,0,7803616,'2023-01-09 10:16:59','2023-01-09 10:16:59',NULL),(196,1,1,8,0,11302512,'2023-01-09 10:16:59','2023-01-09 10:16:59',NULL),(197,1,1,5,0,5906239,'2023-01-09 10:16:59','2023-01-09 10:16:59',NULL),(198,1,1,7,0,15534804,'2023-01-09 10:16:59','2023-01-09 10:16:59',NULL),(199,1,1,8,0,9013626,'2023-01-09 10:16:59','2023-01-09 10:17:00',NULL),(200,1,1,1,0,5277912,'2023-01-09 10:17:00','2023-01-09 10:17:00',NULL),(201,1,1,7,0,14233518,'2023-01-09 10:17:21','2023-01-09 10:17:21',NULL),(202,1,1,1,0,0,'2023-01-09 10:17:21','2023-01-09 10:17:21',NULL),(203,1,1,9,0,24972686,'2023-01-09 10:17:21','2023-01-09 10:17:21',NULL),(204,1,1,4,0,6089979,'2023-01-09 10:17:21','2023-01-09 10:17:21',NULL),(205,1,1,2,0,2800515,'2023-01-09 10:17:21','2023-01-09 10:17:21',NULL),(206,1,1,4,0,9813691,'2023-01-09 10:17:21','2023-01-09 10:17:21',NULL),(207,1,1,10,0,15426693,'2023-01-09 10:17:21','2023-01-09 10:17:21',NULL),(208,1,1,10,0,23067620,'2023-01-09 10:17:21','2023-01-09 10:17:21',NULL),(209,1,1,8,0,11947073,'2023-01-09 10:17:21','2023-01-09 10:17:21',NULL),(210,1,1,6,0,9969521,'2023-01-09 10:17:21','2023-01-09 10:17:21',NULL),(211,1,1,2,0,9224948,'2023-01-09 10:17:21','2023-01-09 10:17:21',NULL),(212,1,1,2,0,7184837,'2023-01-09 10:17:21','2023-01-09 10:17:21',NULL),(213,1,1,3,0,5565828,'2023-01-09 10:17:21','2023-01-09 10:17:21',NULL),(214,1,1,2,0,5690354,'2023-01-09 10:17:21','2023-01-09 10:17:21',NULL),(215,1,1,3,0,9851614,'2023-01-09 10:17:21','2023-01-09 10:17:21',NULL),(216,1,1,10,0,25664167,'2023-01-09 10:17:21','2023-01-09 10:17:21',NULL),(217,1,1,8,0,23758716,'2023-01-09 10:17:21','2023-01-09 10:17:21',NULL),(218,1,1,10,0,16405617,'2023-01-09 10:17:21','2023-01-09 10:17:21',NULL),(219,1,1,7,0,17363587,'2023-01-09 10:17:21','2023-01-09 10:17:21',NULL),(220,1,1,4,0,10480720,'2023-01-09 10:17:21','2023-01-09 10:17:21',NULL),(221,1,1,10,0,10396952,'2023-01-09 10:17:21','2023-01-09 10:17:21',NULL),(222,1,1,8,0,27591245,'2023-01-09 10:17:21','2023-01-09 10:17:21',NULL),(223,1,1,3,0,5934526,'2023-01-09 10:17:21','2023-01-09 10:17:21',NULL),(224,1,1,3,0,5586914,'2023-01-09 10:17:21','2023-01-09 10:17:21',NULL),(225,1,1,5,0,7040377,'2023-01-09 10:17:21','2023-01-09 10:17:21',NULL),(226,1,1,8,0,5867330,'2023-01-09 10:17:21','2023-01-09 10:17:21',NULL),(227,1,1,9,0,12522594,'2023-01-09 10:17:21','2023-01-09 10:17:21',NULL),(228,1,1,2,0,5898654,'2023-01-09 10:17:21','2023-01-09 10:17:21',NULL),(229,1,1,2,0,3770148,'2023-01-09 10:17:21','2023-01-09 10:17:21',NULL),(230,1,1,1,0,4655882,'2023-01-09 10:17:21','2023-01-09 10:17:21',NULL),(231,1,1,10,0,8703418,'2023-01-09 10:17:21','2023-01-09 10:17:21',NULL),(232,1,1,2,0,5581866,'2023-01-09 10:17:21','2023-01-09 10:17:21',NULL),(233,1,1,8,0,13155403,'2023-01-09 10:17:21','2023-01-09 10:17:21',NULL),(234,1,1,3,0,2519231,'2023-01-09 10:17:21','2023-01-09 10:17:21',NULL),(235,1,1,3,0,4248172,'2023-01-09 10:17:21','2023-01-09 10:17:21',NULL),(236,1,1,9,0,17096529,'2023-01-09 10:17:21','2023-01-09 10:17:21',NULL),(237,1,1,7,0,16042475,'2023-01-09 10:17:21','2023-01-09 10:17:21',NULL),(238,1,1,9,0,18000563,'2023-01-09 10:17:21','2023-01-09 10:17:21',NULL),(239,1,1,4,0,10394476,'2023-01-09 10:17:21','2023-01-09 10:17:21',NULL),(240,1,1,1,0,2830580,'2023-01-09 10:17:21','2023-01-09 10:17:21',NULL),(241,1,1,3,0,6785060,'2023-01-09 10:17:21','2023-01-09 10:17:21',NULL),(242,1,1,8,0,35822789,'2023-01-09 10:17:21','2023-01-09 10:17:21',NULL),(243,1,1,10,0,10309549,'2023-01-09 10:17:21','2023-01-09 10:17:21',NULL),(244,1,1,1,0,5518920,'2023-01-09 10:17:21','2023-01-09 10:17:21',NULL),(245,1,1,5,0,8564012,'2023-01-09 10:17:21','2023-01-09 10:17:21',NULL),(246,1,1,1,0,7375616,'2023-01-09 10:17:21','2023-01-09 10:17:21',NULL),(247,1,1,3,0,3524726,'2023-01-09 10:17:21','2023-01-09 10:17:21',NULL),(248,1,1,9,0,31475570,'2023-01-09 10:17:21','2023-01-09 10:17:22',NULL),(249,1,1,2,0,4283916,'2023-01-09 10:17:22','2023-01-09 10:17:22',NULL),(250,1,1,10,0,30625467,'2023-01-09 10:17:22','2023-01-09 10:17:22',NULL),(251,1,1,3,0,630856,'2023-01-09 10:17:22','2023-01-09 10:17:22',NULL),(252,1,1,8,0,14374068,'2023-01-09 10:17:22','2023-01-09 10:17:22',NULL),(253,1,1,8,0,5525626,'2023-01-09 10:17:22','2023-01-09 10:17:22',NULL),(254,1,1,5,0,5495994,'2023-01-09 10:17:22','2023-01-09 10:17:22',NULL),(255,1,1,4,0,3964964,'2023-01-09 10:17:22','2023-01-09 10:17:22',NULL),(256,1,1,10,0,19378990,'2023-01-09 10:17:22','2023-01-09 10:17:22',NULL),(257,1,1,5,0,15730619,'2023-01-09 10:17:22','2023-01-09 10:17:22',NULL),(258,1,1,10,0,24022645,'2023-01-09 10:17:22','2023-01-09 10:17:22',NULL),(259,1,1,5,0,15437624,'2023-01-09 10:17:22','2023-01-09 10:17:22',NULL),(260,1,1,4,0,12027321,'2023-01-09 10:17:22','2023-01-09 10:17:22',NULL),(261,1,1,1,0,379752,'2023-01-09 10:17:22','2023-01-09 10:17:22',NULL),(262,1,1,1,0,6582780,'2023-01-09 10:17:22','2023-01-09 10:17:22',NULL),(263,1,1,9,0,16781276,'2023-01-09 10:17:22','2023-01-09 10:17:22',NULL),(264,1,1,10,0,25307471,'2023-01-09 10:17:22','2023-01-09 10:17:22',NULL),(265,1,1,7,0,4931266,'2023-01-09 10:17:22','2023-01-09 10:17:22',NULL),(266,1,1,1,0,2429390,'2023-01-09 10:17:22','2023-01-09 10:17:22',NULL),(267,1,1,7,0,10547758,'2023-01-09 10:17:22','2023-01-09 10:17:22',NULL),(268,1,1,9,0,26678529,'2023-01-09 10:17:22','2023-01-09 10:17:22',NULL),(269,1,1,6,0,13689174,'2023-01-09 10:17:22','2023-01-09 10:17:22',NULL),(270,1,1,1,0,227432,'2023-01-09 10:17:22','2023-01-09 10:17:22',NULL),(271,1,1,8,0,7669622,'2023-01-09 10:17:22','2023-01-09 10:17:22',NULL),(272,1,1,2,0,0,'2023-01-09 10:17:22','2023-01-09 10:17:22',NULL),(273,1,1,3,0,2785856,'2023-01-09 10:17:22','2023-01-09 10:17:22',NULL),(274,1,1,6,0,10037195,'2023-01-09 10:17:22','2023-01-09 10:17:22',NULL),(275,1,1,5,0,8036972,'2023-01-09 10:17:22','2023-01-09 10:17:22',NULL),(276,1,1,4,0,2708310,'2023-01-09 10:17:22','2023-01-09 10:17:22',NULL),(277,1,1,9,0,14845722,'2023-01-09 10:17:22','2023-01-09 10:17:22',NULL),(278,1,1,4,0,10993567,'2023-01-09 10:17:22','2023-01-09 10:17:22',NULL),(279,1,1,1,0,8336475,'2023-01-09 10:17:22','2023-01-09 10:17:22',NULL),(280,1,1,8,0,7141725,'2023-01-09 10:17:22','2023-01-09 10:17:22',NULL),(281,1,1,8,0,22806135,'2023-01-09 10:17:22','2023-01-09 10:17:22',NULL),(282,1,1,2,0,2855944,'2023-01-09 10:17:22','2023-01-09 10:17:22',NULL),(283,1,1,5,0,18111007,'2023-01-09 10:17:22','2023-01-09 10:17:22',NULL),(284,1,1,5,0,12455640,'2023-01-09 10:17:22','2023-01-09 10:17:22',NULL),(285,1,1,1,0,4804530,'2023-01-09 10:17:22','2023-01-09 10:17:22',NULL),(286,1,1,10,0,16731770,'2023-01-09 10:17:22','2023-01-09 10:17:22',NULL),(287,1,1,1,0,0,'2023-01-09 10:17:22','2023-01-09 10:17:22',NULL),(288,1,1,4,0,8706383,'2023-01-09 10:17:22','2023-01-09 10:17:22',NULL),(289,1,1,4,0,10040752,'2023-01-09 10:17:22','2023-01-09 10:17:22',NULL),(290,1,1,3,0,358750,'2023-01-09 10:17:22','2023-01-09 10:17:22',NULL),(291,1,1,1,0,608695,'2023-01-09 10:17:22','2023-01-09 10:17:22',NULL),(292,1,1,8,0,5202877,'2023-01-09 10:17:22','2023-01-09 10:17:22',NULL),(293,1,1,7,0,11705944,'2023-01-09 10:17:22','2023-01-09 10:17:22',NULL),(294,1,1,3,0,6740673,'2023-01-09 10:17:22','2023-01-09 10:17:22',NULL),(295,1,1,5,0,11814582,'2023-01-09 10:17:22','2023-01-09 10:17:22',NULL),(296,1,1,7,0,10398572,'2023-01-09 10:17:22','2023-01-09 10:17:22',NULL),(297,1,1,4,0,3777022,'2023-01-09 10:17:22','2023-01-09 10:17:22',NULL),(298,1,1,4,0,6729095,'2023-01-09 10:17:22','2023-01-09 10:17:22',NULL),(299,1,1,8,0,19379496,'2023-01-09 10:17:22','2023-01-09 10:17:22',NULL),(300,1,1,1,0,48708,'2023-01-09 10:17:22','2023-01-09 10:17:22',NULL),(303,1,5,3,0,1875914,'2023-01-10 08:24:33','2023-01-10 08:24:33',NULL);
/*!40000 ALTER TABLE `pembelians` ENABLE KEYS */;
UNLOCK TABLES;

--
-- Table structure for table `penjualan__details`
--

DROP TABLE IF EXISTS `penjualan__details`;
/*!40101 SET @saved_cs_client     = @@character_set_client */;
/*!50503 SET character_set_client = utf8mb4 */;
CREATE TABLE `penjualan__details` (
  `id` bigint unsigned NOT NULL AUTO_INCREMENT,
  `user_id` bigint unsigned NOT NULL,
  `id_barang` bigint unsigned NOT NULL,
  `id_penjualan` bigint unsigned NOT NULL,
  `nama_produk` varchar(255) COLLATE utf8mb4_unicode_ci NOT NULL,
  `harga_jual` int NOT NULL,
  `qty` int NOT NULL,
  `sub_total` int NOT NULL,
  `created_at` timestamp NULL DEFAULT NULL,
  `updated_at` timestamp NULL DEFAULT NULL,
  `deleted_at` timestamp NULL DEFAULT NULL,
  PRIMARY KEY (`id`),
  KEY `penjualan__details_user_id_foreign` (`user_id`),
  KEY `penjualan__details_id_barang_foreign` (`id_barang`),
  KEY `penjualan__details_id_penjualan_foreign` (`id_penjualan`),
  CONSTRAINT `penjualan__details_id_barang_foreign` FOREIGN KEY (`id_barang`) REFERENCES `barangs` (`id`) ON DELETE RESTRICT ON UPDATE CASCADE,
  CONSTRAINT `penjualan__details_id_penjualan_foreign` FOREIGN KEY (`id_penjualan`) REFERENCES `penjualans` (`id`) ON DELETE RESTRICT ON UPDATE CASCADE,
  CONSTRAINT `penjualan__details_user_id_foreign` FOREIGN KEY (`user_id`) REFERENCES `users` (`id`) ON DELETE RESTRICT ON UPDATE CASCADE
) ENGINE=InnoDB AUTO_INCREMENT=365 DEFAULT CHARSET=utf8mb4 COLLATE=utf8mb4_unicode_ci;
/*!40101 SET character_set_client = @saved_cs_client */;

--
-- Dumping data for table `penjualan__details`
--

LOCK TABLES `penjualan__details` WRITE;
/*!40000 ALTER TABLE `penjualan__details` DISABLE KEYS */;
INSERT INTO `penjualan__details` VALUES (1,1,143,1,'Sampoerna ( XXZoc1wgpj ) ',804592,9,7241328,'2023-01-09 10:17:22','2023-01-09 10:17:22',NULL),(2,1,148,1,'Levis ( QeedLh7Fqr ) ',237374,1,237374,'2023-01-09 10:17:22','2023-01-09 10:17:22',NULL),(3,1,65,2,'Lays ( eOPa2pjwlL ) ',344528,3,1033584,'2023-01-09 10:17:22','2023-01-09 10:17:22',NULL),(4,1,246,3,'Pensil ( llX5FXYYWx ) ',985404,1,985404,'2023-01-09 10:17:22','2023-01-09 10:17:22',NULL),(5,1,186,3,'Mixue ( omCvNE2cMk ) ',297089,7,2079623,'2023-01-09 10:17:22','2023-01-09 10:17:22',NULL),(6,1,233,3,'Lays ( P2F7q663Ih ) ',1078839,7,7551873,'2023-01-09 10:17:22','2023-01-09 10:17:22',NULL),(7,1,246,4,'Pensil ( llX5FXYYWx ) ',985404,2,1970808,'2023-01-09 10:17:22','2023-01-09 10:17:22',NULL),(8,1,179,4,'Lays ( thnBlmR5No ) ',549094,9,4941846,'2023-01-09 10:17:22','2023-01-09 10:17:22',NULL),(9,1,108,4,'Lays ( r7J7VvXxGY ) ',367845,6,2207070,'2023-01-09 10:17:22','2023-01-09 10:17:22',NULL),(10,1,94,4,'Jam Dinding ( q5MRdhlAZf ) ',1033472,1,1033472,'2023-01-09 10:17:22','2023-01-09 10:17:22',NULL),(11,1,88,4,'KFC ( Uo4rlxEqQz ) ',1029830,6,6178980,'2023-01-09 10:17:22','2023-01-09 10:17:22',NULL),(12,1,219,4,'Sampoerna ( hevImAstA7 ) ',606319,9,5456871,'2023-01-09 10:17:22','2023-01-09 10:17:22',NULL),(13,1,188,5,'UniQlo ( mcTATfIbYk ) ',686741,6,4120446,'2023-01-09 10:17:22','2023-01-09 10:17:22',NULL),(14,1,4,6,'Sampoerna ( tHoO5aGe3n ) ',833608,3,2500824,'2023-01-09 10:17:22','2023-01-09 10:17:22',NULL),(15,1,297,6,'KFC ( LUkYijLONR ) ',996862,7,6978034,'2023-01-09 10:17:22','2023-01-09 10:17:22',NULL),(16,1,81,6,'Levis ( 60P0EF9yt4 ) ',742965,2,1485930,'2023-01-09 10:17:22','2023-01-09 10:17:22',NULL),(17,1,59,7,'Lays ( QilEpJzKjd ) ',556028,3,1668084,'2023-01-09 10:17:22','2023-01-09 10:17:22',NULL),(18,1,226,7,'Jam Dinding ( UQIMtX4ln4 ) ',929976,7,6509832,'2023-01-09 10:17:22','2023-01-09 10:17:22',NULL),(19,1,251,7,'Wings ( kkOHDhXtT7 ) ',850461,7,5953227,'2023-01-09 10:17:22','2023-01-09 10:17:22',NULL),(20,1,179,7,'Lays ( thnBlmR5No ) ',549094,4,2196376,'2023-01-09 10:17:22','2023-01-09 10:17:22',NULL),(21,1,235,8,'Casing Hp ( qlcMYU51jN ) ',389551,7,2726857,'2023-01-09 10:17:22','2023-01-09 10:17:22',NULL),(22,1,155,8,'UniQlo ( G5yXwFPe25 ) ',751145,10,7511450,'2023-01-09 10:17:22','2023-01-09 10:17:22',NULL),(23,1,124,8,'Sampoerna ( fN7HHjP5pV ) ',482818,10,4828180,'2023-01-09 10:17:22','2023-01-09 10:17:22',NULL),(24,1,282,8,'Lays ( cVriRbnb8S ) ',729456,3,2188368,'2023-01-09 10:17:22','2023-01-09 10:17:22',NULL),(25,1,195,8,'Levis ( 3FdB4P9JQq ) ',98450,6,590700,'2023-01-09 10:17:22','2023-01-09 10:17:22',NULL),(26,1,120,9,'Jam Dinding ( NrkrwsoysW ) ',167146,3,501438,'2023-01-09 10:17:22','2023-01-09 10:17:22',NULL),(27,1,169,9,'Jam Dinding ( xZcfWfT7WQ ) ',904290,8,7234320,'2023-01-09 10:17:22','2023-01-09 10:17:22',NULL),(28,1,258,9,'UniQlo ( FB3uDFJJKi ) ',322145,7,2255015,'2023-01-09 10:17:22','2023-01-09 10:17:22',NULL),(29,1,8,9,'Jam Dinding ( W1R5uEWMM3 ) ',679797,9,6118173,'2023-01-09 10:17:22','2023-01-09 10:17:22',NULL),(30,1,231,9,'Mixue ( n4UEFJ67oj ) ',565605,2,1131210,'2023-01-09 10:17:22','2023-01-09 10:17:22',NULL),(31,1,149,10,'Wings ( Yn69EaVVtH ) ',329183,10,3291830,'2023-01-09 10:17:22','2023-01-09 10:17:22',NULL),(32,1,27,11,'Levis ( eL77GEUq1z ) ',623360,3,1870080,'2023-01-09 10:17:22','2023-01-09 10:17:22',NULL),(33,1,113,11,'Lays ( JQJRTK4EDM ) ',198511,5,992555,'2023-01-09 10:17:22','2023-01-09 10:17:22',NULL),(34,1,185,11,'Lays ( 0ni1OOfEIl ) ',204469,6,1226814,'2023-01-09 10:17:22','2023-01-09 10:17:22',NULL),(35,1,127,12,'Levis ( zp2qpvJ3I9 ) ',391146,1,391146,'2023-01-09 10:17:22','2023-01-09 10:17:22',NULL),(36,1,221,12,'Wings ( UiouS2wFwD ) ',955441,2,1910882,'2023-01-09 10:17:22','2023-01-09 10:17:22',NULL),(37,1,198,12,'Wings ( 4ZAi85zJ0E ) ',637321,8,5098568,'2023-01-09 10:17:22','2023-01-09 10:17:22',NULL),(38,1,109,12,'Lays ( DwXRQQryDq ) ',459134,10,4591340,'2023-01-09 10:17:22','2023-01-09 10:17:22',NULL),(39,1,34,12,'Mixue ( Iab5J1mtZp ) ',510096,5,2550480,'2023-01-09 10:17:22','2023-01-09 10:17:22',NULL),(40,1,83,13,'Casing Hp ( u5tPpXCLSR ) ',873774,1,873774,'2023-01-09 10:17:22','2023-01-09 10:17:22',NULL),(41,1,195,13,'Levis ( 3FdB4P9JQq ) ',98450,2,196900,'2023-01-09 10:17:22','2023-01-09 10:17:22',NULL),(42,1,115,13,'Lays ( x9vFfB70XR ) ',307640,2,615280,'2023-01-09 10:17:22','2023-01-09 10:17:22',NULL),(43,1,257,13,'UniQlo ( KNdT5vRoGq ) ',725171,4,2900684,'2023-01-09 10:17:22','2023-01-09 10:17:22',NULL),(44,1,213,13,'Levis ( jTZVOlZnLM ) ',928406,1,928406,'2023-01-09 10:17:22','2023-01-09 10:17:22',NULL),(45,1,118,13,'Jam Dinding ( PtzzMqVX8f ) ',601372,3,1804116,'2023-01-09 10:17:22','2023-01-09 10:17:22',NULL),(46,1,124,14,'Sampoerna ( fN7HHjP5pV ) ',482818,7,3379726,'2023-01-09 10:17:22','2023-01-09 10:17:22',NULL),(47,1,264,14,'Casing Hp ( oV0nt4bSdE ) ',272569,8,2180552,'2023-01-09 10:17:22','2023-01-09 10:17:22',NULL),(48,1,34,14,'Mixue ( Iab5J1mtZp ) ',510096,6,3060576,'2023-01-09 10:17:22','2023-01-09 10:17:22',NULL),(49,1,231,15,'Mixue ( n4UEFJ67oj ) ',565605,7,3959235,'2023-01-09 10:17:22','2023-01-09 10:17:22',NULL),(50,1,258,15,'UniQlo ( FB3uDFJJKi ) ',322145,4,1288580,'2023-01-09 10:17:22','2023-01-09 10:17:22',NULL),(51,1,159,15,'KFC ( DVVqbIokDY ) ',896912,6,5381472,'2023-01-09 10:17:22','2023-01-09 10:17:22',NULL),(52,1,280,15,'Jam Dinding ( C1obtMal0F ) ',688073,6,4128438,'2023-01-09 10:17:22','2023-01-09 10:17:22',NULL),(53,1,268,15,'Wings ( 4I1gMXJ142 ) ',739462,9,6655158,'2023-01-09 10:17:22','2023-01-09 10:17:22',NULL),(54,1,122,15,'Mixue ( 0FiOwm3BqI ) ',245013,6,1470078,'2023-01-09 10:17:22','2023-01-09 10:17:22',NULL),(55,1,210,15,'Casing Hp ( lwljMZYRt4 ) ',371246,9,3341214,'2023-01-09 10:17:22','2023-01-09 10:17:22',NULL),(56,1,128,15,'Lays ( u3zXSmmqt7 ) ',84895,2,169790,'2023-01-09 10:17:22','2023-01-09 10:17:22',NULL),(57,1,127,16,'Levis ( zp2qpvJ3I9 ) ',391146,1,391146,'2023-01-09 10:17:22','2023-01-09 10:17:22',NULL),(58,1,265,16,'Mixue ( izqa939TiK ) ',311018,2,622036,'2023-01-09 10:17:22','2023-01-09 10:17:22',NULL),(59,1,230,16,'KFC ( I4aZamgx47 ) ',878638,7,6150466,'2023-01-09 10:17:22','2023-01-09 10:17:22',NULL),(60,1,24,16,'Sampoerna ( oGUYtU9fa3 ) ',484530,8,3876240,'2023-01-09 10:17:22','2023-01-09 10:17:22',NULL),(61,1,47,16,'Levis ( O4WMivuvBq ) ',104997,2,209994,'2023-01-09 10:17:22','2023-01-09 10:17:22',NULL),(62,1,40,17,'Levis ( kCWDFYYM6f ) ',1031414,4,4125656,'2023-01-09 10:17:22','2023-01-09 10:17:22',NULL),(63,1,152,17,'KFC ( XbXb3dauK6 ) ',465360,6,2792160,'2023-01-09 10:17:22','2023-01-09 10:17:22',NULL),(64,1,205,17,'KFC ( twL4qK9jSU ) ',953139,3,2859417,'2023-01-09 10:17:22','2023-01-09 10:17:22',NULL),(65,1,224,17,'Casing Hp ( tzYx7do18O ) ',997015,5,4985075,'2023-01-09 10:17:22','2023-01-09 10:17:22',NULL),(66,1,271,18,'UniQlo ( 4fk6lH4oyY ) ',367310,10,3673100,'2023-01-09 10:17:22','2023-01-09 10:17:22',NULL),(67,1,211,18,'Casing Hp ( sUp5GHtq9I ) ',135369,9,1218321,'2023-01-09 10:17:22','2023-01-09 10:17:22',NULL),(68,1,155,18,'UniQlo ( G5yXwFPe25 ) ',751145,6,4506870,'2023-01-09 10:17:22','2023-01-09 10:17:22',NULL),(69,1,225,18,'Jam Dinding ( kyL5tHEIBX ) ',269784,2,539568,'2023-01-09 10:17:22','2023-01-09 10:17:22',NULL),(70,1,208,18,'Sampoerna ( oVY7bhMiSd ) ',155437,5,777185,'2023-01-09 10:17:22','2023-01-09 10:17:22',NULL),(71,1,143,18,'Sampoerna ( XXZoc1wgpj ) ',804592,4,3218368,'2023-01-09 10:17:22','2023-01-09 10:17:22',NULL),(72,1,196,18,'Wings ( JEHbFYY6Lq ) ',561330,4,2245320,'2023-01-09 10:17:22','2023-01-09 10:17:22',NULL),(73,1,275,18,'Casing Hp ( Sn5ddxd4kX ) ',855396,9,7698564,'2023-01-09 10:17:22','2023-01-09 10:17:22',NULL),(74,1,232,19,'UniQlo ( 9Nj3wOWJJn ) ',752955,2,1505910,'2023-01-09 10:17:22','2023-01-09 10:17:22',NULL),(75,1,278,19,'Pensil ( XF4nOD3w2j ) ',166153,2,332306,'2023-01-09 10:17:22','2023-01-09 10:17:22',NULL),(76,1,272,19,'Sampoerna ( hWTJyLO5g1 ) ',481951,9,4337559,'2023-01-09 10:17:22','2023-01-09 10:17:22',NULL),(77,1,24,19,'Sampoerna ( oGUYtU9fa3 ) ',484530,5,2422650,'2023-01-09 10:17:22','2023-01-09 10:17:22',NULL),(78,1,70,19,'Sampoerna ( 35ncMzqXrn ) ',381284,2,762568,'2023-01-09 10:17:22','2023-01-09 10:17:22',NULL),(79,1,91,19,'UniQlo ( cLyjJ3UjHa ) ',201972,9,1817748,'2023-01-09 10:17:22','2023-01-09 10:17:22',NULL),(80,1,298,19,'Wings ( 6W07Mppdm0 ) ',534599,6,3207594,'2023-01-09 10:17:22','2023-01-09 10:17:22',NULL),(81,1,212,20,'Levis ( SAD6NkpI6s ) ',390352,2,780704,'2023-01-09 10:17:22','2023-01-09 10:17:22',NULL),(82,1,237,20,'Mixue ( c8EsF8G7Xm ) ',654648,6,3927888,'2023-01-09 10:17:22','2023-01-09 10:17:22',NULL),(83,1,219,20,'Sampoerna ( hevImAstA7 ) ',606319,3,1818957,'2023-01-09 10:17:22','2023-01-09 10:17:22',NULL),(84,1,86,20,'Wings ( e0Ldu5PDrW ) ',574113,5,2870565,'2023-01-09 10:17:22','2023-01-09 10:17:22',NULL),(85,1,247,20,'Sampoerna ( hd2hTYEKX2 ) ',871035,5,4355175,'2023-01-09 10:17:22','2023-01-09 10:17:22',NULL),(86,1,83,21,'Casing Hp ( u5tPpXCLSR ) ',873774,10,8737740,'2023-01-09 10:17:22','2023-01-09 10:17:22',NULL),(87,1,165,21,'Jam Dinding ( hpdrkkHkw8 ) ',864096,1,864096,'2023-01-09 10:17:22','2023-01-09 10:17:22',NULL),(88,1,2,21,'Lays ( eCsOpCY2Ww ) ',670774,4,2683096,'2023-01-09 10:17:22','2023-01-09 10:17:22',NULL),(89,1,234,22,'Mixue ( K26ZBruXtQ ) ',19124,4,76496,'2023-01-09 10:17:22','2023-01-09 10:17:22',NULL),(90,1,46,22,'Casing Hp ( MHyUTyBvA1 ) ',250144,7,1751008,'2023-01-09 10:17:22','2023-01-09 10:17:22',NULL),(91,1,46,22,'Casing Hp ( MHyUTyBvA1 ) ',250144,2,500288,'2023-01-09 10:17:22','2023-01-09 10:17:22',NULL),(92,1,297,22,'KFC ( LUkYijLONR ) ',996862,2,1993724,'2023-01-09 10:17:22','2023-01-09 10:17:22',NULL),(93,1,221,22,'Wings ( UiouS2wFwD ) ',955441,4,3821764,'2023-01-09 10:17:22','2023-01-09 10:17:22',NULL),(94,1,116,22,'Mixue ( LpFggOiMlA ) ',284772,7,1993404,'2023-01-09 10:17:22','2023-01-09 10:17:22',NULL),(95,1,275,23,'Casing Hp ( Sn5ddxd4kX ) ',855396,1,855396,'2023-01-09 10:17:22','2023-01-09 10:17:22',NULL),(96,1,183,24,'UniQlo ( tLgihXqdiS ) ',654436,2,1308872,'2023-01-09 10:17:22','2023-01-09 10:17:22',NULL),(97,1,20,24,'Wings ( yaRpm1w3Tx ) ',723040,5,3615200,'2023-01-09 10:17:22','2023-01-09 10:17:22',NULL),(98,1,135,24,'Sampoerna ( 440MLIr3Ap ) ',918355,4,3673420,'2023-01-09 10:17:22','2023-01-09 10:17:22',NULL),(99,1,195,25,'Levis ( 3FdB4P9JQq ) ',98450,5,492250,'2023-01-09 10:17:22','2023-01-09 10:17:22',NULL),(100,1,299,26,'Mixue ( HrA2r3k1JR ) ',353407,4,1413628,'2023-01-09 10:17:22','2023-01-09 10:17:22',NULL),(101,1,283,26,'Wings ( wQLEN7mAZO ) ',127253,1,127253,'2023-01-09 10:17:22','2023-01-09 10:17:22',NULL),(102,1,249,26,'Lays ( MwgU3PeALE ) ',330692,5,1653460,'2023-01-09 10:17:22','2023-01-09 10:17:22',NULL),(103,1,9,26,'Pensil ( LleklG460l ) ',215073,10,2150730,'2023-01-09 10:17:22','2023-01-09 10:17:22',NULL),(104,1,205,26,'KFC ( twL4qK9jSU ) ',953139,5,4765695,'2023-01-09 10:17:22','2023-01-09 10:17:22',NULL),(105,1,216,26,'Casing Hp ( KRrKzMnMDw ) ',73154,5,365770,'2023-01-09 10:17:22','2023-01-09 10:17:22',NULL),(106,1,136,26,'Wings ( LIEImDLJVz ) ',711066,4,2844264,'2023-01-09 10:17:22','2023-01-09 10:17:22',NULL),(107,1,190,27,'UniQlo ( v00tBs1N5G ) ',107273,1,107273,'2023-01-09 10:17:22','2023-01-09 10:17:22',NULL),(108,1,228,27,'UniQlo ( niZK5Xcrpc ) ',167549,8,1340392,'2023-01-09 10:17:22','2023-01-09 10:17:22',NULL),(109,1,207,27,'Jam Dinding ( W9p9saWQxs ) ',591444,3,1774332,'2023-01-09 10:17:22','2023-01-09 10:17:22',NULL),(110,1,238,27,'Pensil ( EF9cRq0hgc ) ',1000142,3,3000426,'2023-01-09 10:17:22','2023-01-09 10:17:22',NULL),(111,1,205,27,'KFC ( twL4qK9jSU ) ',953139,10,9531390,'2023-01-09 10:17:22','2023-01-09 10:17:22',NULL),(112,1,91,28,'UniQlo ( cLyjJ3UjHa ) ',201972,8,1615776,'2023-01-09 10:17:22','2023-01-09 10:17:22',NULL),(113,1,217,28,'Mixue ( 5nHPxIzA57 ) ',702377,3,2107131,'2023-01-09 10:17:22','2023-01-09 10:17:22',NULL),(114,1,79,28,'Levis ( MapEWyohAi ) ',501933,4,2007732,'2023-01-09 10:17:22','2023-01-09 10:17:22',NULL),(115,1,294,29,'UniQlo ( gAyUD5ohIz ) ',469725,4,1878900,'2023-01-09 10:17:22','2023-01-09 10:17:22',NULL),(116,1,168,29,'KFC ( PiiYlvTWr9 ) ',1052959,8,8423672,'2023-01-09 10:17:22','2023-01-09 10:17:22',NULL),(117,1,105,30,'Jam Dinding ( orsDocqfMW ) ',1034212,1,1034212,'2023-01-09 10:17:22','2023-01-09 10:17:22',NULL),(118,1,83,31,'Casing Hp ( u5tPpXCLSR ) ',873774,9,7863966,'2023-01-09 10:17:22','2023-01-09 10:17:22',NULL),(119,1,163,31,'Wings ( B0wAJQ7x31 ) ',785396,5,3926980,'2023-01-09 10:17:22','2023-01-09 10:17:22',NULL),(120,1,186,32,'Mixue ( omCvNE2cMk ) ',297089,7,2079623,'2023-01-09 10:17:22','2023-01-09 10:17:22',NULL),(121,1,207,32,'Jam Dinding ( W9p9saWQxs ) ',591444,8,4731552,'2023-01-09 10:17:22','2023-01-09 10:17:22',NULL),(122,1,165,32,'Jam Dinding ( hpdrkkHkw8 ) ',864096,1,864096,'2023-01-09 10:17:22','2023-01-09 10:17:22',NULL),(123,1,7,33,'Casing Hp ( h2VdoIAvd9 ) ',106890,7,748230,'2023-01-09 10:17:22','2023-01-09 10:17:22',NULL),(124,1,273,33,'Pensil ( qmVa9XrfNR ) ',496304,9,4466736,'2023-01-09 10:17:22','2023-01-09 10:17:22',NULL),(125,1,27,34,'Levis ( eL77GEUq1z ) ',623360,9,5610240,'2023-01-09 10:17:23','2023-01-09 10:17:23',NULL),(126,1,297,34,'KFC ( LUkYijLONR ) ',996862,9,8971758,'2023-01-09 10:17:23','2023-01-09 10:17:23',NULL),(127,1,227,35,'Lays ( 0Vm5wcBpRH ) ',355221,8,2841768,'2023-01-09 10:17:23','2023-01-09 10:17:23',NULL),(128,1,140,35,'Casing Hp ( 9z8gCYp3pI ) ',699802,1,699802,'2023-01-09 10:17:23','2023-01-09 10:17:23',NULL),(129,1,271,35,'UniQlo ( 4fk6lH4oyY ) ',367310,1,367310,'2023-01-09 10:17:23','2023-01-09 10:17:23',NULL),(130,1,116,35,'Mixue ( LpFggOiMlA ) ',284772,4,1139088,'2023-01-09 10:17:23','2023-01-09 10:17:23',NULL),(131,1,275,36,'Casing Hp ( Sn5ddxd4kX ) ',855396,7,5987772,'2023-01-09 10:17:23','2023-01-09 10:17:23',NULL),(132,1,157,36,'Lays ( 1dYUV0zLjj ) ',196368,8,1570944,'2023-01-09 10:17:23','2023-01-09 10:17:23',NULL),(133,1,236,36,'Pensil ( EQGz9veDUI ) ',137012,6,822072,'2023-01-09 10:17:23','2023-01-09 10:17:23',NULL),(134,1,112,36,'Pensil ( Wqsf6Q6itR ) ',587383,6,3524298,'2023-01-09 10:17:23','2023-01-09 10:17:23',NULL),(135,1,280,36,'Jam Dinding ( C1obtMal0F ) ',688073,10,6880730,'2023-01-09 10:17:23','2023-01-09 10:17:23',NULL),(136,1,238,36,'Pensil ( EF9cRq0hgc ) ',1000142,5,5000710,'2023-01-09 10:17:23','2023-01-09 10:17:23',NULL),(137,1,142,37,'KFC ( 3m4YNtwoEB ) ',313282,1,313282,'2023-01-09 10:17:23','2023-01-09 10:17:23',NULL),(138,1,175,37,'Wings ( rwWHKROceP ) ',960891,7,6726237,'2023-01-09 10:17:23','2023-01-09 10:17:23',NULL),(139,1,168,38,'KFC ( PiiYlvTWr9 ) ',1052959,9,9476631,'2023-01-09 10:17:23','2023-01-09 10:17:23',NULL),(140,1,110,39,'KFC ( 5fusiPZkdN ) ',787212,1,787212,'2023-01-09 10:17:23','2023-01-09 10:17:23',NULL),(141,1,275,39,'Casing Hp ( Sn5ddxd4kX ) ',855396,1,855396,'2023-01-09 10:17:23','2023-01-09 10:17:23',NULL),(142,1,271,39,'UniQlo ( 4fk6lH4oyY ) ',367310,1,367310,'2023-01-09 10:17:23','2023-01-09 10:17:23',NULL),(143,1,121,39,'Casing Hp ( Bd7BGF3OdF ) ',587142,10,5871420,'2023-01-09 10:17:23','2023-01-09 10:17:23',NULL),(144,1,285,39,'KFC ( HfXQMC3VXS ) ',387994,7,2715958,'2023-01-09 10:17:23','2023-01-09 10:17:23',NULL),(145,1,255,39,'Levis ( 5tjzQFoRcD ) ',803218,9,7228962,'2023-01-09 10:17:23','2023-01-09 10:17:23',NULL),(146,1,192,40,'Wings ( muINPU10Wj ) ',587464,10,5874640,'2023-01-09 10:17:23','2023-01-09 10:17:23',NULL),(147,1,149,40,'Wings ( Yn69EaVVtH ) ',329183,6,1975098,'2023-01-09 10:17:23','2023-01-09 10:17:23',NULL),(148,1,234,41,'Mixue ( K26ZBruXtQ ) ',19124,3,57372,'2023-01-09 10:17:23','2023-01-09 10:17:23',NULL),(149,1,53,41,'Pensil ( 74Z81srB79 ) ',374932,4,1499728,'2023-01-09 10:17:23','2023-01-09 10:17:23',NULL),(150,1,155,41,'UniQlo ( G5yXwFPe25 ) ',751145,9,6760305,'2023-01-09 10:17:23','2023-01-09 10:17:23',NULL),(151,1,161,41,'Lays ( MRpLDD0cbh ) ',969128,8,7753024,'2023-01-09 10:17:23','2023-01-09 10:17:23',NULL),(152,1,218,41,'UniQlo ( MWmx2KpRAF ) ',1080230,9,9722070,'2023-01-09 10:17:23','2023-01-09 10:17:23',NULL),(153,1,91,42,'UniQlo ( cLyjJ3UjHa ) ',201972,6,1211832,'2023-01-09 10:17:23','2023-01-09 10:17:23',NULL),(154,1,230,42,'KFC ( I4aZamgx47 ) ',878638,3,2635914,'2023-01-09 10:17:23','2023-01-09 10:17:23',NULL),(155,1,8,42,'Jam Dinding ( W1R5uEWMM3 ) ',679797,3,2039391,'2023-01-09 10:17:23','2023-01-09 10:17:23',NULL),(156,1,96,42,'Wings ( NWnrxHC8RO ) ',435793,8,3486344,'2023-01-09 10:17:23','2023-01-09 10:17:23',NULL),(157,1,27,43,'Levis ( eL77GEUq1z ) ',623360,10,6233600,'2023-01-09 10:17:23','2023-01-09 10:17:23',NULL),(158,1,9,43,'Pensil ( LleklG460l ) ',215073,4,860292,'2023-01-09 10:17:23','2023-01-09 10:17:23',NULL),(159,1,5,44,'Casing Hp ( WeiRO23eP3 ) ',706633,1,706633,'2023-01-09 10:17:23','2023-01-09 10:17:23',NULL),(160,1,228,44,'UniQlo ( niZK5Xcrpc ) ',167549,9,1507941,'2023-01-09 10:17:23','2023-01-09 10:17:23',NULL),(161,1,287,45,'Mixue ( EdiDHVrfAR ) ',782342,8,6258736,'2023-01-09 10:17:23','2023-01-09 10:17:23',NULL),(162,1,145,45,'Casing Hp ( qNvuiJKCBH ) ',668195,8,5345560,'2023-01-09 10:17:23','2023-01-09 10:17:23',NULL),(163,1,300,45,'KFC ( bSh2ERgurA ) ',145649,7,1019543,'2023-01-09 10:17:23','2023-01-09 10:17:23',NULL),(164,1,185,45,'Lays ( 0ni1OOfEIl ) ',204469,1,204469,'2023-01-09 10:17:23','2023-01-09 10:17:23',NULL),(165,1,270,45,'Mixue ( Lpjk4TLC1K ) ',977683,3,2933049,'2023-01-09 10:17:23','2023-01-09 10:17:23',NULL),(166,1,46,46,'Casing Hp ( MHyUTyBvA1 ) ',250144,5,1250720,'2023-01-09 10:17:23','2023-01-09 10:17:23',NULL),(167,1,284,46,'Casing Hp ( jDZv5tuTYN ) ',427786,5,2138930,'2023-01-09 10:17:23','2023-01-09 10:17:23',NULL),(168,1,256,46,'UniQlo ( zRXcHOsAJK ) ',83882,10,838820,'2023-01-09 10:17:23','2023-01-09 10:17:23',NULL),(169,1,217,46,'Mixue ( 5nHPxIzA57 ) ',702377,2,1404754,'2023-01-09 10:17:23','2023-01-09 10:17:23',NULL),(170,1,105,46,'Jam Dinding ( orsDocqfMW ) ',1034212,9,9307908,'2023-01-09 10:17:23','2023-01-09 10:17:23',NULL),(171,1,292,46,'Sampoerna ( 13w7UhR9mm ) ',874147,8,6993176,'2023-01-09 10:17:23','2023-01-09 10:17:23',NULL),(172,1,147,46,'Lays ( A7Wh6n0PA7 ) ',300198,8,2401584,'2023-01-09 10:17:23','2023-01-09 10:17:23',NULL),(173,1,265,46,'Mixue ( izqa939TiK ) ',311018,5,1555090,'2023-01-09 10:17:23','2023-01-09 10:17:23',NULL),(174,1,29,47,'KFC ( gK8GePWryC ) ',430269,1,430269,'2023-01-09 10:17:23','2023-01-09 10:17:23',NULL),(175,1,116,47,'Mixue ( LpFggOiMlA ) ',284772,5,1423860,'2023-01-09 10:17:23','2023-01-09 10:17:23',NULL),(176,1,157,47,'Lays ( 1dYUV0zLjj ) ',196368,1,196368,'2023-01-09 10:17:23','2023-01-09 10:17:23',NULL),(177,1,265,48,'Mixue ( izqa939TiK ) ',311018,1,311018,'2023-01-09 10:17:23','2023-01-09 10:17:23',NULL),(178,1,179,48,'Lays ( thnBlmR5No ) ',549094,1,549094,'2023-01-09 10:17:23','2023-01-09 10:17:23',NULL),(179,1,244,48,'Casing Hp ( qfIl4KCDdq ) ',225332,6,1351992,'2023-01-09 10:17:23','2023-01-09 10:17:23',NULL),(180,1,60,48,'Lays ( FQJwYY7bxe ) ',1092690,7,7648830,'2023-01-09 10:17:23','2023-01-09 10:17:23',NULL),(181,1,299,48,'Mixue ( HrA2r3k1JR ) ',353407,10,3534070,'2023-01-09 10:17:23','2023-01-09 10:17:23',NULL),(182,1,104,49,'Sampoerna ( GS8HL4L2l7 ) ',35507,2,71014,'2023-01-09 10:17:23','2023-01-09 10:17:23',NULL),(183,1,194,49,'Pensil ( ZgARZJJZtE ) ',662426,5,3312130,'2023-01-09 10:17:23','2023-01-09 10:17:23',NULL),(184,1,150,49,'Casing Hp ( IfhzCMBn5D ) ',994394,10,9943940,'2023-01-09 10:17:23','2023-01-09 10:17:23',NULL),(185,1,27,49,'Levis ( eL77GEUq1z ) ',623360,6,3740160,'2023-01-09 10:17:23','2023-01-09 10:17:23',NULL),(186,1,184,49,'Pensil ( 6qlPlixNnv ) ',552373,1,552373,'2023-01-09 10:17:23','2023-01-09 10:17:23',NULL),(187,1,256,52,'UniQlo ( zRXcHOsAJK ) ',83882,2,167764,'2023-01-09 10:17:23','2023-01-09 10:17:23',NULL),(188,1,288,53,'Jam Dinding ( cqNTu1wSUT ) ',793279,6,4759674,'2023-01-09 10:17:23','2023-01-09 10:17:23',NULL),(189,1,92,53,'Pensil ( Zwex66xOq6 ) ',180713,5,903565,'2023-01-09 10:17:23','2023-01-09 10:17:23',NULL),(190,1,147,53,'Lays ( A7Wh6n0PA7 ) ',300198,1,300198,'2023-01-09 10:17:23','2023-01-09 10:17:23',NULL),(191,1,228,53,'UniQlo ( niZK5Xcrpc ) ',167549,5,837745,'2023-01-09 10:17:23','2023-01-09 10:17:23',NULL),(192,1,140,53,'Casing Hp ( 9z8gCYp3pI ) ',699802,9,6298218,'2023-01-09 10:17:23','2023-01-09 10:17:23',NULL),(193,1,190,54,'UniQlo ( v00tBs1N5G ) ',107273,7,750911,'2023-01-09 10:17:23','2023-01-09 10:17:23',NULL),(194,1,79,54,'Levis ( MapEWyohAi ) ',501933,2,1003866,'2023-01-09 10:17:23','2023-01-09 10:17:23',NULL),(195,1,24,55,'Sampoerna ( oGUYtU9fa3 ) ',484530,9,4360770,'2023-01-09 10:17:23','2023-01-09 10:17:23',NULL),(196,1,21,55,'UniQlo ( Xf5gFLykUf ) ',99419,1,99419,'2023-01-09 10:17:23','2023-01-09 10:17:23',NULL),(197,1,196,55,'Wings ( JEHbFYY6Lq ) ',561330,3,1683990,'2023-01-09 10:17:23','2023-01-09 10:17:23',NULL),(198,1,217,55,'Mixue ( 5nHPxIzA57 ) ',702377,10,7023770,'2023-01-09 10:17:23','2023-01-09 10:17:23',NULL),(199,1,179,55,'Lays ( thnBlmR5No ) ',549094,7,3843658,'2023-01-09 10:17:23','2023-01-09 10:17:23',NULL),(200,1,185,55,'Lays ( 0ni1OOfEIl ) ',204469,2,408938,'2023-01-09 10:17:23','2023-01-09 10:17:23',NULL),(201,1,282,56,'Lays ( cVriRbnb8S ) ',729456,6,4376736,'2023-01-09 10:17:23','2023-01-09 10:17:23',NULL),(202,1,200,56,'UniQlo ( atv3mDTLbe ) ',887987,5,4439935,'2023-01-09 10:17:23','2023-01-09 10:17:23',NULL),(203,1,173,56,'UniQlo ( ismwItF1Um ) ',535379,9,4818411,'2023-01-09 10:17:23','2023-01-09 10:17:23',NULL),(204,1,38,57,'Sampoerna ( dRinJG7rqy ) ',503724,8,4029792,'2023-01-09 10:17:23','2023-01-09 10:17:23',NULL),(205,1,14,57,'Lays ( 846sMdeAST ) ',275393,3,826179,'2023-01-09 10:17:23','2023-01-09 10:17:23',NULL),(206,1,158,58,'Casing Hp ( hknMxeO5vR ) ',373720,9,3363480,'2023-01-09 10:17:23','2023-01-09 10:17:23',NULL),(207,1,221,58,'Wings ( UiouS2wFwD ) ',955441,4,3821764,'2023-01-09 10:17:23','2023-01-09 10:17:23',NULL),(208,1,268,59,'Wings ( 4I1gMXJ142 ) ',739462,10,7394620,'2023-01-09 10:17:23','2023-01-09 10:17:23',NULL),(209,1,168,59,'KFC ( PiiYlvTWr9 ) ',1052959,5,5264795,'2023-01-09 10:17:23','2023-01-09 10:17:23',NULL),(210,1,105,59,'Jam Dinding ( orsDocqfMW ) ',1034212,1,1034212,'2023-01-09 10:17:23','2023-01-09 10:17:23',NULL),(211,1,255,59,'Levis ( 5tjzQFoRcD ) ',803218,3,2409654,'2023-01-09 10:17:23','2023-01-09 10:17:23',NULL),(212,1,210,59,'Casing Hp ( lwljMZYRt4 ) ',371246,3,1113738,'2023-01-09 10:17:23','2023-01-09 10:17:23',NULL),(213,1,269,59,'Casing Hp ( LiLM54Kc9p ) ',500129,5,2500645,'2023-01-09 10:17:23','2023-01-09 10:17:23',NULL),(214,1,103,60,'Levis ( upSZ4Qy5BM ) ',412355,8,3298840,'2023-01-09 10:17:23','2023-01-09 10:17:23',NULL),(215,1,66,60,'Levis ( puZ513as4l ) ',880576,4,3522304,'2023-01-09 10:17:23','2023-01-09 10:17:23',NULL),(216,1,285,60,'KFC ( HfXQMC3VXS ) ',387994,2,775988,'2023-01-09 10:17:23','2023-01-09 10:17:23',NULL),(217,1,133,60,'Mixue ( 5HI6f0khs7 ) ',198596,5,992980,'2023-01-09 10:17:23','2023-01-09 10:17:23',NULL),(218,1,8,60,'Jam Dinding ( W1R5uEWMM3 ) ',679797,6,4078782,'2023-01-09 10:17:23','2023-01-09 10:17:23',NULL),(219,1,72,60,'Sampoerna ( ouj33xUbbi ) ',947447,2,1894894,'2023-01-09 10:17:23','2023-01-09 10:17:23',NULL),(220,1,213,60,'Levis ( jTZVOlZnLM ) ',928406,10,9284060,'2023-01-09 10:17:23','2023-01-09 10:17:23',NULL),(221,1,147,61,'Lays ( A7Wh6n0PA7 ) ',300198,7,2101386,'2023-01-09 10:17:23','2023-01-09 10:17:23',NULL),(222,1,190,62,'UniQlo ( v00tBs1N5G ) ',107273,5,536365,'2023-01-09 10:17:23','2023-01-09 10:17:23',NULL),(223,1,283,63,'Wings ( wQLEN7mAZO ) ',127253,5,636265,'2023-01-09 10:17:23','2023-01-09 10:17:23',NULL),(224,1,147,64,'Lays ( A7Wh6n0PA7 ) ',300198,4,1200792,'2023-01-09 10:17:23','2023-01-09 10:17:23',NULL),(225,1,174,64,'KFC ( 1cIOoJ0yNv ) ',490004,4,1960016,'2023-01-09 10:17:23','2023-01-09 10:17:23',NULL),(226,1,261,64,'Jam Dinding ( wt4usAAJSR ) ',89691,6,538146,'2023-01-09 10:17:23','2023-01-09 10:17:23',NULL),(227,1,233,64,'Lays ( P2F7q663Ih ) ',1078839,7,7551873,'2023-01-09 10:17:23','2023-01-09 10:17:23',NULL),(228,1,100,64,'Wings ( rAJyvA8NYi ) ',436088,2,872176,'2023-01-09 10:17:23','2023-01-09 10:17:23',NULL),(229,1,279,65,'Lays ( BL2XccsWhz ) ',921246,2,1842492,'2023-01-09 10:17:23','2023-01-09 10:17:23',NULL),(230,1,245,65,'Jam Dinding ( XwmaAFuxBV ) ',745148,8,5961184,'2023-01-09 10:17:23','2023-01-09 10:17:23',NULL),(231,1,229,65,'Mixue ( i5gv7oLyat ) ',130831,2,261662,'2023-01-09 10:17:23','2023-01-09 10:17:23',NULL),(232,1,46,66,'Casing Hp ( MHyUTyBvA1 ) ',250144,9,2251296,'2023-01-09 10:17:23','2023-01-09 10:17:23',NULL),(233,1,251,66,'Wings ( kkOHDhXtT7 ) ',850461,3,2551383,'2023-01-09 10:17:23','2023-01-09 10:17:23',NULL),(234,1,181,66,'Mixue ( 9DXDFSK1te ) ',879415,1,879415,'2023-01-09 10:17:23','2023-01-09 10:17:23',NULL),(235,1,224,67,'Casing Hp ( tzYx7do18O ) ',997015,9,8973135,'2023-01-09 10:17:23','2023-01-09 10:17:23',NULL),(236,1,184,67,'Pensil ( 6qlPlixNnv ) ',552373,7,3866611,'2023-01-09 10:17:23','2023-01-09 10:17:23',NULL),(237,1,261,67,'Jam Dinding ( wt4usAAJSR ) ',89691,9,807219,'2023-01-09 10:17:23','2023-01-09 10:17:23',NULL),(238,1,124,67,'Sampoerna ( fN7HHjP5pV ) ',482818,1,482818,'2023-01-09 10:17:23','2023-01-09 10:17:23',NULL),(239,1,236,67,'Pensil ( EQGz9veDUI ) ',137012,7,959084,'2023-01-09 10:17:23','2023-01-09 10:17:23',NULL),(240,1,294,67,'UniQlo ( gAyUD5ohIz ) ',469725,2,939450,'2023-01-09 10:17:23','2023-01-09 10:17:23',NULL),(241,1,251,67,'Wings ( kkOHDhXtT7 ) ',850461,7,5953227,'2023-01-09 10:17:23','2023-01-09 10:17:23',NULL),(242,1,137,68,'Jam Dinding ( KwvDhav8Bb ) ',324944,4,1299776,'2023-01-09 10:17:23','2023-01-09 10:17:23',NULL),(243,1,102,68,'Levis ( PxgAEEctH2 ) ',615220,4,2460880,'2023-01-09 10:17:23','2023-01-09 10:17:23',NULL),(244,1,8,68,'Jam Dinding ( W1R5uEWMM3 ) ',679797,4,2719188,'2023-01-09 10:17:23','2023-01-09 10:17:23',NULL),(245,1,54,69,'KFC ( pYD2CKxaL8 ) ',856406,1,856406,'2023-01-09 10:17:23','2023-01-09 10:17:23',NULL),(246,1,187,69,'Levis ( LhcN0gzXAI ) ',940243,4,3760972,'2023-01-09 10:17:23','2023-01-09 10:17:23',NULL),(247,1,133,70,'Mixue ( 5HI6f0khs7 ) ',198596,10,1985960,'2023-01-09 10:17:23','2023-01-09 10:17:23',NULL),(248,1,251,71,'Wings ( kkOHDhXtT7 ) ',850461,9,7654149,'2023-01-09 10:17:23','2023-01-09 10:17:23',NULL),(249,1,100,71,'Wings ( rAJyvA8NYi ) ',436088,5,2180440,'2023-01-09 10:17:23','2023-01-09 10:17:23',NULL),(250,1,288,71,'Jam Dinding ( cqNTu1wSUT ) ',793279,10,7932790,'2023-01-09 10:17:23','2023-01-09 10:17:23',NULL),(251,1,163,71,'Wings ( B0wAJQ7x31 ) ',785396,8,6283168,'2023-01-09 10:17:23','2023-01-09 10:17:23',NULL),(252,1,230,72,'KFC ( I4aZamgx47 ) ',878638,9,7907742,'2023-01-09 10:17:23','2023-01-09 10:17:23',NULL),(253,1,289,72,'Sampoerna ( HcqoaJLZ4c ) ',691385,3,2074155,'2023-01-09 10:17:23','2023-01-09 10:17:23',NULL),(254,1,91,72,'UniQlo ( cLyjJ3UjHa ) ',201972,2,403944,'2023-01-09 10:17:23','2023-01-09 10:17:23',NULL),(255,1,298,72,'Wings ( 6W07Mppdm0 ) ',534599,1,534599,'2023-01-09 10:17:23','2023-01-09 10:17:23',NULL),(256,1,167,72,'Levis ( slf50idx5r ) ',726531,8,5812248,'2023-01-09 10:17:23','2023-01-09 10:17:23',NULL),(257,1,267,73,'KFC ( 9AuZmB3lPt ) ',956718,9,8610462,'2023-01-09 10:17:23','2023-01-09 10:17:23',NULL),(258,1,298,73,'Wings ( 6W07Mppdm0 ) ',534599,8,4276792,'2023-01-09 10:17:23','2023-01-09 10:17:23',NULL),(259,1,163,73,'Wings ( B0wAJQ7x31 ) ',785396,2,1570792,'2023-01-09 10:17:23','2023-01-09 10:17:23',NULL),(260,1,120,73,'Jam Dinding ( NrkrwsoysW ) ',167146,2,334292,'2023-01-09 10:17:23','2023-01-09 10:17:23',NULL),(261,1,187,73,'Levis ( LhcN0gzXAI ) ',940243,5,4701215,'2023-01-09 10:17:23','2023-01-09 10:17:23',NULL),(262,1,217,73,'Mixue ( 5nHPxIzA57 ) ',702377,1,702377,'2023-01-09 10:17:23','2023-01-09 10:17:23',NULL),(263,1,187,74,'Levis ( LhcN0gzXAI ) ',940243,3,2820729,'2023-01-09 10:17:23','2023-01-09 10:17:23',NULL),(264,1,116,74,'Mixue ( LpFggOiMlA ) ',284772,4,1139088,'2023-01-09 10:17:23','2023-01-09 10:17:23',NULL),(265,1,278,74,'Pensil ( XF4nOD3w2j ) ',166153,10,1661530,'2023-01-09 10:17:23','2023-01-09 10:17:23',NULL),(266,1,252,74,'Casing Hp ( eMj7kzsyz5 ) ',447438,5,2237190,'2023-01-09 10:17:23','2023-01-09 10:17:23',NULL),(267,1,256,75,'UniQlo ( zRXcHOsAJK ) ',83882,10,838820,'2023-01-09 10:17:23','2023-01-09 10:17:23',NULL),(268,1,299,75,'Mixue ( HrA2r3k1JR ) ',353407,4,1413628,'2023-01-09 10:17:23','2023-01-09 10:17:23',NULL),(269,1,284,76,'Casing Hp ( jDZv5tuTYN ) ',427786,4,1711144,'2023-01-09 10:17:23','2023-01-09 10:17:23',NULL),(270,1,107,76,'Wings ( cqSpm540N6 ) ',337961,10,3379610,'2023-01-09 10:17:23','2023-01-09 10:17:23',NULL),(271,1,161,77,'Lays ( MRpLDD0cbh ) ',969128,5,4845640,'2023-01-09 10:17:23','2023-01-09 10:17:23',NULL),(272,1,217,77,'Mixue ( 5nHPxIzA57 ) ',702377,7,4916639,'2023-01-09 10:17:23','2023-01-09 10:17:23',NULL),(273,1,259,77,'UniQlo ( 6ZzC5Zs86d ) ',312616,3,937848,'2023-01-09 10:17:23','2023-01-09 10:17:23',NULL),(274,1,163,77,'Wings ( B0wAJQ7x31 ) ',785396,8,6283168,'2023-01-09 10:17:23','2023-01-09 10:17:23',NULL),(275,1,101,78,'Pensil ( rdo5GhaWDh ) ',254533,2,509066,'2023-01-09 10:17:23','2023-01-09 10:17:23',NULL),(276,1,299,79,'Mixue ( HrA2r3k1JR ) ',353407,9,3180663,'2023-01-09 10:17:23','2023-01-09 10:17:23',NULL),(277,1,249,79,'Lays ( MwgU3PeALE ) ',330692,5,1653460,'2023-01-09 10:17:23','2023-01-09 10:17:23',NULL),(278,1,149,79,'Wings ( Yn69EaVVtH ) ',329183,9,2962647,'2023-01-09 10:17:23','2023-01-09 10:17:23',NULL),(279,1,121,79,'Casing Hp ( Bd7BGF3OdF ) ',587142,1,587142,'2023-01-09 10:17:23','2023-01-09 10:17:23',NULL),(280,1,53,80,'Pensil ( 74Z81srB79 ) ',374932,7,2624524,'2023-01-09 10:17:23','2023-01-09 10:17:23',NULL),(281,1,109,80,'Lays ( DwXRQQryDq ) ',459134,1,459134,'2023-01-09 10:17:23','2023-01-09 10:17:23',NULL),(282,1,125,80,'Wings ( 1uxK4IvxgD ) ',170808,3,512424,'2023-01-09 10:17:23','2023-01-09 10:17:23',NULL),(283,1,147,80,'Lays ( A7Wh6n0PA7 ) ',300198,8,2401584,'2023-01-09 10:17:23','2023-01-09 10:17:23',NULL),(284,1,208,80,'Sampoerna ( oVY7bhMiSd ) ',155437,10,1554370,'2023-01-09 10:17:23','2023-01-09 10:17:23',NULL),(285,1,143,80,'Sampoerna ( XXZoc1wgpj ) ',804592,6,4827552,'2023-01-09 10:17:23','2023-01-09 10:17:23',NULL),(286,1,174,81,'KFC ( 1cIOoJ0yNv ) ',490004,6,2940024,'2023-01-09 10:17:23','2023-01-09 10:17:23',NULL),(287,1,186,81,'Mixue ( omCvNE2cMk ) ',297089,8,2376712,'2023-01-09 10:17:23','2023-01-09 10:17:23',NULL),(288,1,181,81,'Mixue ( 9DXDFSK1te ) ',879415,4,3517660,'2023-01-09 10:17:23','2023-01-09 10:17:23',NULL),(289,1,188,82,'UniQlo ( mcTATfIbYk ) ',686741,1,686741,'2023-01-09 10:17:23','2023-01-09 10:17:23',NULL),(290,1,223,82,'Levis ( cUoKvl7hvX ) ',1055592,7,7389144,'2023-01-09 10:17:23','2023-01-09 10:17:23',NULL),(291,1,258,82,'UniQlo ( FB3uDFJJKi ) ',322145,2,644290,'2023-01-09 10:17:23','2023-01-09 10:17:23',NULL),(292,1,54,82,'KFC ( pYD2CKxaL8 ) ',856406,1,856406,'2023-01-09 10:17:23','2023-01-09 10:17:23',NULL),(293,1,263,82,'UniQlo ( bZrJtb0Ko4 ) ',476560,6,2859360,'2023-01-09 10:17:23','2023-01-09 10:17:23',NULL),(294,1,246,82,'Pensil ( llX5FXYYWx ) ',985404,10,9854040,'2023-01-09 10:17:23','2023-01-09 10:17:23',NULL),(295,1,194,82,'Pensil ( ZgARZJJZtE ) ',662426,7,4636982,'2023-01-09 10:17:23','2023-01-09 10:17:23',NULL),(296,1,281,83,'Wings ( yy71KNnhZU ) ',297795,4,1191180,'2023-01-09 10:17:23','2023-01-09 10:17:23',NULL),(297,1,222,83,'Sampoerna ( AiwnQsptw8 ) ',961879,10,9618790,'2023-01-09 10:17:23','2023-01-09 10:17:23',NULL),(298,1,287,84,'Mixue ( EdiDHVrfAR ) ',782342,2,1564684,'2023-01-09 10:17:23','2023-01-09 10:17:23',NULL),(299,1,86,84,'Wings ( e0Ldu5PDrW ) ',574113,5,2870565,'2023-01-09 10:17:23','2023-01-09 10:17:23',NULL),(300,1,208,84,'Sampoerna ( oVY7bhMiSd ) ',155437,3,466311,'2023-01-09 10:17:23','2023-01-09 10:17:23',NULL),(301,1,44,84,'Pensil ( xj9Qtmf2Rx ) ',949962,4,3799848,'2023-01-09 10:17:23','2023-01-09 10:17:23',NULL),(302,1,283,84,'Wings ( wQLEN7mAZO ) ',127253,5,636265,'2023-01-09 10:17:23','2023-01-09 10:17:23',NULL),(303,1,154,85,'Casing Hp ( pawzSp8y4n ) ',619727,5,3098635,'2023-01-09 10:17:23','2023-01-09 10:17:23',NULL),(304,1,210,85,'Casing Hp ( lwljMZYRt4 ) ',371246,9,3341214,'2023-01-09 10:17:23','2023-01-09 10:17:23',NULL),(305,1,214,85,'KFC ( SlVZAAIJMm ) ',485008,7,3395056,'2023-01-09 10:17:23','2023-01-09 10:17:23',NULL),(306,1,210,85,'Casing Hp ( lwljMZYRt4 ) ',371246,4,1484984,'2023-01-09 10:17:23','2023-01-09 10:17:23',NULL),(307,1,225,85,'Jam Dinding ( kyL5tHEIBX ) ',269784,5,1348920,'2023-01-09 10:17:23','2023-01-09 10:17:23',NULL),(308,1,216,86,'Casing Hp ( KRrKzMnMDw ) ',73154,7,512078,'2023-01-09 10:17:23','2023-01-09 10:17:23',NULL),(309,1,291,86,'UniQlo ( eKYvit79RZ ) ',70281,9,632529,'2023-01-09 10:17:23','2023-01-09 10:17:23',NULL),(310,1,270,87,'Mixue ( Lpjk4TLC1K ) ',977683,1,977683,'2023-01-09 10:17:23','2023-01-09 10:17:23',NULL),(311,1,224,87,'Casing Hp ( tzYx7do18O ) ',997015,3,2991045,'2023-01-09 10:17:23','2023-01-09 10:17:23',NULL),(312,1,164,88,'Lays ( c0xIDyzSWI ) ',516268,5,2581340,'2023-01-09 10:17:23','2023-01-09 10:17:23',NULL),(313,1,14,89,'Lays ( 846sMdeAST ) ',275393,4,1101572,'2023-01-09 10:17:23','2023-01-09 10:17:23',NULL),(314,1,60,89,'Lays ( FQJwYY7bxe ) ',1092690,4,4370760,'2023-01-09 10:17:23','2023-01-09 10:17:23',NULL),(315,1,102,89,'Levis ( PxgAEEctH2 ) ',615220,2,1230440,'2023-01-09 10:17:23','2023-01-09 10:17:23',NULL),(316,1,272,89,'Sampoerna ( hWTJyLO5g1 ) ',481951,9,4337559,'2023-01-09 10:17:23','2023-01-09 10:17:23',NULL),(317,1,179,89,'Lays ( thnBlmR5No ) ',549094,3,1647282,'2023-01-09 10:17:23','2023-01-09 10:17:23',NULL),(318,1,202,89,'Levis ( 4cDOnKV9mZ ) ',435678,2,871356,'2023-01-09 10:17:23','2023-01-09 10:17:23',NULL),(319,1,156,91,'Jam Dinding ( S9unxyKoRT ) ',152299,3,456897,'2023-01-09 10:17:23','2023-01-09 10:17:23',NULL),(320,1,104,92,'Sampoerna ( GS8HL4L2l7 ) ',35507,6,213042,'2023-01-09 10:17:23','2023-01-09 10:17:23',NULL),(321,1,14,92,'Lays ( 846sMdeAST ) ',275393,4,1101572,'2023-01-09 10:17:23','2023-01-09 10:17:23',NULL),(322,1,188,92,'UniQlo ( mcTATfIbYk ) ',686741,8,5493928,'2023-01-09 10:17:23','2023-01-09 10:17:23',NULL),(323,1,269,92,'Casing Hp ( LiLM54Kc9p ) ',500129,3,1500387,'2023-01-09 10:17:23','2023-01-09 10:17:23',NULL),(324,1,124,93,'Sampoerna ( fN7HHjP5pV ) ',482818,9,4345362,'2023-01-09 10:17:23','2023-01-09 10:17:23',NULL),(325,1,34,93,'Mixue ( Iab5J1mtZp ) ',510096,5,2550480,'2023-01-09 10:17:23','2023-01-09 10:17:23',NULL),(326,1,222,93,'Sampoerna ( AiwnQsptw8 ) ',961879,6,5771274,'2023-01-09 10:17:23','2023-01-09 10:17:23',NULL),(327,1,268,93,'Wings ( 4I1gMXJ142 ) ',739462,5,3697310,'2023-01-09 10:17:23','2023-01-09 10:17:23',NULL),(328,1,179,93,'Lays ( thnBlmR5No ) ',549094,3,1647282,'2023-01-09 10:17:23','2023-01-09 10:17:23',NULL),(329,1,140,93,'Casing Hp ( 9z8gCYp3pI ) ',699802,7,4898614,'2023-01-09 10:17:23','2023-01-09 10:17:23',NULL),(330,1,208,93,'Sampoerna ( oVY7bhMiSd ) ',155437,4,621748,'2023-01-09 10:17:23','2023-01-09 10:17:23',NULL),(331,1,242,93,'UniQlo ( fPvw4VF8Mh ) ',331307,7,2319149,'2023-01-09 10:17:23','2023-01-09 10:17:23',NULL),(332,1,232,94,'UniQlo ( 9Nj3wOWJJn ) ',752955,2,1505910,'2023-01-09 10:17:23','2023-01-09 10:17:23',NULL),(333,1,101,94,'Pensil ( rdo5GhaWDh ) ',254533,4,1018132,'2023-01-09 10:17:23','2023-01-09 10:17:23',NULL),(334,1,119,94,'Jam Dinding ( onjR23VsyS ) ',385117,1,385117,'2023-01-09 10:17:23','2023-01-09 10:17:23',NULL),(335,1,273,94,'Pensil ( qmVa9XrfNR ) ',496304,1,496304,'2023-01-09 10:17:23','2023-01-09 10:17:23',NULL),(336,1,244,94,'Casing Hp ( qfIl4KCDdq ) ',225332,5,1126660,'2023-01-09 10:17:23','2023-01-09 10:17:23',NULL),(337,1,91,94,'UniQlo ( cLyjJ3UjHa ) ',201972,8,1615776,'2023-01-09 10:17:23','2023-01-09 10:17:23',NULL),(338,1,204,94,'Levis ( w06s9PhwqY ) ',235800,2,471600,'2023-01-09 10:17:23','2023-01-09 10:17:23',NULL),(339,1,161,95,'Lays ( MRpLDD0cbh ) ',969128,6,5814768,'2023-01-09 10:17:23','2023-01-09 10:17:23',NULL),(340,1,91,95,'UniQlo ( cLyjJ3UjHa ) ',201972,10,2019720,'2023-01-09 10:17:23','2023-01-09 10:17:23',NULL),(341,1,27,95,'Levis ( eL77GEUq1z ) ',623360,1,623360,'2023-01-09 10:17:23','2023-01-09 10:17:23',NULL),(342,1,258,95,'UniQlo ( FB3uDFJJKi ) ',322145,3,966435,'2023-01-09 10:17:23','2023-01-09 10:17:23',NULL),(343,1,197,95,'Lays ( agSsEDvpSk ) ',793192,1,793192,'2023-01-09 10:17:23','2023-01-09 10:17:23',NULL),(344,1,109,95,'Lays ( DwXRQQryDq ) ',459134,10,4591340,'2023-01-09 10:17:23','2023-01-09 10:17:23',NULL),(345,1,128,95,'Lays ( u3zXSmmqt7 ) ',84895,7,594265,'2023-01-09 10:17:23','2023-01-09 10:17:23',NULL),(346,1,123,96,'UniQlo ( 4Tt1tuDqrz ) ',663338,1,663338,'2023-01-09 10:17:23','2023-01-09 10:17:23',NULL),(347,1,240,96,'Casing Hp ( yGRSzIbmn5 ) ',1018767,5,5093835,'2023-01-09 10:17:23','2023-01-09 10:17:23',NULL),(348,1,168,96,'KFC ( PiiYlvTWr9 ) ',1052959,7,7370713,'2023-01-09 10:17:23','2023-01-09 10:17:23',NULL),(349,1,289,97,'Sampoerna ( HcqoaJLZ4c ) ',691385,2,1382770,'2023-01-09 10:17:23','2023-01-09 10:17:23',NULL),(350,1,273,97,'Pensil ( qmVa9XrfNR ) ',496304,7,3474128,'2023-01-09 10:17:23','2023-01-09 10:17:23',NULL),(351,1,165,97,'Jam Dinding ( hpdrkkHkw8 ) ',864096,5,4320480,'2023-01-09 10:17:23','2023-01-09 10:17:23',NULL),(352,1,215,98,'Lays ( x29FiWB8fo ) ',115203,4,460812,'2023-01-09 10:17:23','2023-01-09 10:17:23',NULL),(353,1,194,98,'Pensil ( ZgARZJJZtE ) ',662426,4,2649704,'2023-01-09 10:17:23','2023-01-09 10:17:23',NULL),(354,1,273,98,'Pensil ( qmVa9XrfNR ) ',496304,9,4466736,'2023-01-09 10:17:23','2023-01-09 10:17:23',NULL),(355,1,242,98,'UniQlo ( fPvw4VF8Mh ) ',331307,1,331307,'2023-01-09 10:17:23','2023-01-09 10:17:23',NULL),(356,1,252,99,'Casing Hp ( eMj7kzsyz5 ) ',447438,10,4474380,'2023-01-09 10:17:23','2023-01-09 10:17:23',NULL),(357,1,67,99,'Jam Dinding ( GKsL58Wn0c ) ',635138,2,1270276,'2023-01-09 10:17:23','2023-01-09 10:17:23',NULL),(358,1,181,100,'Mixue ( 9DXDFSK1te ) ',879415,1,879415,'2023-01-09 10:17:23','2023-01-09 10:17:23',NULL),(359,1,155,100,'UniQlo ( G5yXwFPe25 ) ',751145,9,6760305,'2023-01-09 10:17:23','2023-01-09 10:17:23',NULL),(360,1,143,100,'Sampoerna ( XXZoc1wgpj ) ',804592,3,2413776,'2023-01-09 10:17:23','2023-01-09 10:17:23',NULL),(361,1,157,100,'Lays ( 1dYUV0zLjj ) ',196368,6,1178208,'2023-01-09 10:17:23','2023-01-09 10:17:23',NULL),(362,1,3,103,'Richeese 3 New Update',12000,1,12000,'2023-01-10 08:48:01','2023-01-10 08:48:01',NULL),(363,1,5,103,'Casing Hp ( WeiRO23eP3 ) ',706633,3,2119899,'2023-01-10 08:48:01','2023-01-10 08:48:01',NULL),(364,1,8,103,'Jam Dinding ( W1R5uEWMM3 ) ',679797,5,3398985,'2023-01-10 08:48:01','2023-01-10 08:48:01',NULL);
/*!40000 ALTER TABLE `penjualan__details` ENABLE KEYS */;
UNLOCK TABLES;

--
-- Table structure for table `penjualans`
--

DROP TABLE IF EXISTS `penjualans`;
/*!40101 SET @saved_cs_client     = @@character_set_client */;
/*!50503 SET character_set_client = utf8mb4 */;
CREATE TABLE `penjualans` (
  `id` bigint unsigned NOT NULL AUTO_INCREMENT,
  `user_id` bigint unsigned NOT NULL,
  `total_item` int NOT NULL,
  `diskon` int NOT NULL,
  `total_bayar` int NOT NULL,
  `diterima` int NOT NULL,
  `created_at` timestamp NULL DEFAULT NULL,
  `updated_at` timestamp NULL DEFAULT NULL,
  `deleted_at` timestamp NULL DEFAULT NULL,
  PRIMARY KEY (`id`),
  KEY `penjualans_user_id_foreign` (`user_id`),
  CONSTRAINT `penjualans_user_id_foreign` FOREIGN KEY (`user_id`) REFERENCES `users` (`id`) ON DELETE RESTRICT ON UPDATE CASCADE
) ENGINE=InnoDB AUTO_INCREMENT=104 DEFAULT CHARSET=utf8mb4 COLLATE=utf8mb4_unicode_ci;
/*!40101 SET character_set_client = @saved_cs_client */;

--
-- Dumping data for table `penjualans`
--

LOCK TABLES `penjualans` WRITE;
/*!40000 ALTER TABLE `penjualans` DISABLE KEYS */;
INSERT INTO `penjualans` VALUES (1,1,2,0,0,7478702,'2023-01-09 10:17:22','2023-01-09 10:17:22',NULL),(2,1,1,0,0,1033584,'2023-01-09 10:17:22','2023-01-09 10:17:22',NULL),(3,1,5,0,0,10616900,'2023-01-09 10:17:22','2023-01-09 10:17:22',NULL),(4,1,9,0,0,21789047,'2023-01-09 10:17:22','2023-01-09 10:17:22',NULL),(5,1,2,0,0,4120446,'2023-01-09 10:17:22','2023-01-09 10:17:22',NULL),(6,1,4,0,0,10964788,'2023-01-09 10:17:22','2023-01-09 10:17:22',NULL),(7,1,8,0,0,16327519,'2023-01-09 10:17:22','2023-01-09 10:17:22',NULL),(8,1,9,0,0,17845555,'2023-01-09 10:17:22','2023-01-09 10:17:22',NULL),(9,1,7,0,0,17240156,'2023-01-09 10:17:22','2023-01-09 10:17:22',NULL),(10,1,1,0,0,3291830,'2023-01-09 10:17:22','2023-01-09 10:17:22',NULL),(11,1,5,0,0,4089449,'2023-01-09 10:17:22','2023-01-09 10:17:22',NULL),(12,1,9,0,0,14542416,'2023-01-09 10:17:22','2023-01-09 10:17:22',NULL),(13,1,9,0,0,7319160,'2023-01-09 10:17:22','2023-01-09 10:17:22',NULL),(14,1,4,0,0,8620854,'2023-01-09 10:17:22','2023-01-09 10:17:22',NULL),(15,1,9,0,0,26393965,'2023-01-09 10:17:22','2023-01-09 10:17:22',NULL),(16,1,7,0,0,11249882,'2023-01-09 10:17:22','2023-01-09 10:17:22',NULL),(17,1,4,0,0,14762308,'2023-01-09 10:17:22','2023-01-09 10:17:22',NULL),(18,1,10,0,0,23877296,'2023-01-09 10:17:22','2023-01-09 10:17:22',NULL),(19,1,10,0,0,14386335,'2023-01-09 10:17:22','2023-01-09 10:17:22',NULL),(20,1,6,0,0,13753289,'2023-01-09 10:17:22','2023-01-09 10:17:22',NULL),(21,1,5,0,0,12284932,'2023-01-09 10:17:22','2023-01-09 10:17:22',NULL),(22,1,6,0,0,10136684,'2023-01-09 10:17:22','2023-01-09 10:17:22',NULL),(23,1,1,0,0,855396,'2023-01-09 10:17:22','2023-01-09 10:17:22',NULL),(24,1,6,0,0,8597492,'2023-01-09 10:17:22','2023-01-09 10:17:22',NULL),(25,1,5,0,0,492250,'2023-01-09 10:17:22','2023-01-09 10:17:22',NULL),(26,1,9,0,0,13320800,'2023-01-09 10:17:22','2023-01-09 10:17:22',NULL),(27,1,7,0,0,15753813,'2023-01-09 10:17:22','2023-01-09 10:17:22',NULL),(28,1,8,0,0,5730639,'2023-01-09 10:17:22','2023-01-09 10:17:22',NULL),(29,1,4,0,0,10302572,'2023-01-09 10:17:22','2023-01-09 10:17:22',NULL),(30,1,2,0,0,1034212,'2023-01-09 10:17:22','2023-01-09 10:17:22',NULL),(31,1,2,0,0,11790946,'2023-01-09 10:17:22','2023-01-09 10:17:22',NULL),(32,1,7,0,0,7675271,'2023-01-09 10:17:22','2023-01-09 10:17:22',NULL),(33,1,3,0,0,5214966,'2023-01-09 10:17:22','2023-01-09 10:17:22',NULL),(34,1,2,0,0,14581998,'2023-01-09 10:17:23','2023-01-09 10:17:23',NULL),(35,1,6,0,0,5047968,'2023-01-09 10:17:23','2023-01-09 10:17:23',NULL),(36,1,9,0,0,23786526,'2023-01-09 10:17:23','2023-01-09 10:17:23',NULL),(37,1,3,0,0,7039519,'2023-01-09 10:17:23','2023-01-09 10:17:23',NULL),(38,1,2,0,0,9476631,'2023-01-09 10:17:23','2023-01-09 10:17:23',NULL),(39,1,9,0,0,17826258,'2023-01-09 10:17:23','2023-01-09 10:17:23',NULL),(40,1,5,0,0,7849738,'2023-01-09 10:17:23','2023-01-09 10:17:23',NULL),(41,1,10,0,0,25792499,'2023-01-09 10:17:23','2023-01-09 10:17:23',NULL),(42,1,6,0,0,9373481,'2023-01-09 10:17:23','2023-01-09 10:17:23',NULL),(43,1,3,0,0,7093892,'2023-01-09 10:17:23','2023-01-09 10:17:23',NULL),(44,1,3,0,0,2214574,'2023-01-09 10:17:23','2023-01-09 10:17:23',NULL),(45,1,9,0,0,15761357,'2023-01-09 10:17:23','2023-01-09 10:17:23',NULL),(46,1,9,0,0,25890982,'2023-01-09 10:17:23','2023-01-09 10:17:23',NULL),(47,1,4,0,0,2050497,'2023-01-09 10:17:23','2023-01-09 10:17:23',NULL),(48,1,10,0,0,13395004,'2023-01-09 10:17:23','2023-01-09 10:17:23',NULL),(49,1,6,0,0,17619617,'2023-01-09 10:17:23','2023-01-09 10:17:23',NULL),(50,1,1,0,0,0,'2023-01-09 10:17:23','2023-01-09 10:17:23',NULL),(51,1,1,0,0,0,'2023-01-09 10:17:23','2023-01-09 10:17:23',NULL),(52,1,3,0,0,167764,'2023-01-09 10:17:23','2023-01-09 10:17:23',NULL),(53,1,6,0,0,13099400,'2023-01-09 10:17:23','2023-01-09 10:17:23',NULL),(54,1,3,0,0,1754777,'2023-01-09 10:17:23','2023-01-09 10:17:23',NULL),(55,1,9,0,0,17420545,'2023-01-09 10:17:23','2023-01-09 10:17:23',NULL),(56,1,4,0,0,13635082,'2023-01-09 10:17:23','2023-01-09 10:17:23',NULL),(57,1,2,0,0,4855971,'2023-01-09 10:17:23','2023-01-09 10:17:23',NULL),(58,1,5,0,0,7185244,'2023-01-09 10:17:23','2023-01-09 10:17:23',NULL),(59,1,7,0,0,19717664,'2023-01-09 10:17:23','2023-01-09 10:17:23',NULL),(60,1,10,0,0,23847848,'2023-01-09 10:17:23','2023-01-09 10:17:23',NULL),(61,1,2,0,0,2101386,'2023-01-09 10:17:23','2023-01-09 10:17:23',NULL),(62,1,1,0,0,536365,'2023-01-09 10:17:23','2023-01-09 10:17:23',NULL),(63,1,1,0,0,636265,'2023-01-09 10:17:23','2023-01-09 10:17:23',NULL),(64,1,7,0,0,12123003,'2023-01-09 10:17:23','2023-01-09 10:17:23',NULL),(65,1,7,0,0,8065338,'2023-01-09 10:17:23','2023-01-09 10:17:23',NULL),(66,1,8,0,0,5682094,'2023-01-09 10:17:23','2023-01-09 10:17:23',NULL),(67,1,9,0,0,21981544,'2023-01-09 10:17:23','2023-01-09 10:17:23',NULL),(68,1,4,0,0,6479844,'2023-01-09 10:17:23','2023-01-09 10:17:23',NULL),(69,1,3,0,0,4617378,'2023-01-09 10:17:23','2023-01-09 10:17:23',NULL),(70,1,6,0,0,1985960,'2023-01-09 10:17:23','2023-01-09 10:17:23',NULL),(71,1,5,0,0,24050547,'2023-01-09 10:17:23','2023-01-09 10:17:23',NULL),(72,1,10,0,0,16732688,'2023-01-09 10:17:23','2023-01-09 10:17:23',NULL),(73,1,9,0,0,20195930,'2023-01-09 10:17:23','2023-01-09 10:17:23',NULL),(74,1,6,0,0,7858537,'2023-01-09 10:17:23','2023-01-09 10:17:23',NULL),(75,1,4,0,0,2252448,'2023-01-09 10:17:23','2023-01-09 10:17:23',NULL),(76,1,3,0,0,5090754,'2023-01-09 10:17:23','2023-01-09 10:17:23',NULL),(77,1,6,0,0,16983295,'2023-01-09 10:17:23','2023-01-09 10:17:23',NULL),(78,1,1,0,0,509066,'2023-01-09 10:17:23','2023-01-09 10:17:23',NULL),(79,1,4,0,0,8383912,'2023-01-09 10:17:23','2023-01-09 10:17:23',NULL),(80,1,10,0,0,12379588,'2023-01-09 10:17:23','2023-01-09 10:17:23',NULL),(81,1,5,0,0,8834396,'2023-01-09 10:17:23','2023-01-09 10:17:23',NULL),(82,1,10,0,0,26926963,'2023-01-09 10:17:23','2023-01-09 10:17:23',NULL),(83,1,5,0,0,10809970,'2023-01-09 10:17:23','2023-01-09 10:17:23',NULL),(84,1,5,0,0,9337673,'2023-01-09 10:17:23','2023-01-09 10:17:23',NULL),(85,1,8,0,0,12668809,'2023-01-09 10:17:23','2023-01-09 10:17:23',NULL),(86,1,4,0,0,1144607,'2023-01-09 10:17:23','2023-01-09 10:17:23',NULL),(87,1,3,0,0,3968728,'2023-01-09 10:17:23','2023-01-09 10:17:23',NULL),(88,1,4,0,0,2581340,'2023-01-09 10:17:23','2023-01-09 10:17:23',NULL),(89,1,9,0,0,13558969,'2023-01-09 10:17:23','2023-01-09 10:17:23',NULL),(90,1,1,0,0,0,'2023-01-09 10:17:23','2023-01-09 10:17:23',NULL),(91,1,1,0,0,456897,'2023-01-09 10:17:23','2023-01-09 10:17:23',NULL),(92,1,9,0,0,8308929,'2023-01-09 10:17:23','2023-01-09 10:17:23',NULL),(93,1,10,0,0,25851219,'2023-01-09 10:17:23','2023-01-09 10:17:23',NULL),(94,1,8,0,0,6619499,'2023-01-09 10:17:23','2023-01-09 10:17:23',NULL),(95,1,10,0,0,15403080,'2023-01-09 10:17:23','2023-01-09 10:17:23',NULL),(96,1,6,0,0,13127886,'2023-01-09 10:17:23','2023-01-09 10:17:23',NULL),(97,1,3,0,0,9177378,'2023-01-09 10:17:23','2023-01-09 10:17:23',NULL),(98,1,7,0,0,7908559,'2023-01-09 10:17:23','2023-01-09 10:17:23',NULL),(99,1,5,0,0,5744656,'2023-01-09 10:17:23','2023-01-09 10:17:23',NULL),(100,1,7,0,0,11231704,'2023-01-09 10:17:23','2023-01-09 10:17:23',NULL),(103,1,3,0,5530884,1000000,'2023-01-10 08:48:01','2023-01-10 08:48:01',NULL);
/*!40000 ALTER TABLE `penjualans` ENABLE KEYS */;
UNLOCK TABLES;

--
-- Table structure for table `suppliers`
--

DROP TABLE IF EXISTS `suppliers`;
/*!40101 SET @saved_cs_client     = @@character_set_client */;
/*!50503 SET character_set_client = utf8mb4 */;
CREATE TABLE `suppliers` (
  `id` bigint unsigned NOT NULL AUTO_INCREMENT,
  `user_id` bigint unsigned NOT NULL,
  `nama` varchar(255) COLLATE utf8mb4_unicode_ci NOT NULL,
  `email` varchar(255) COLLATE utf8mb4_unicode_ci NOT NULL,
  `alamat` varchar(255) COLLATE utf8mb4_unicode_ci NOT NULL,
  `telepon` varchar(255) COLLATE utf8mb4_unicode_ci NOT NULL,
  `created_at` timestamp NULL DEFAULT NULL,
  `updated_at` timestamp NULL DEFAULT NULL,
  `deleted_at` timestamp NULL DEFAULT NULL,
  PRIMARY KEY (`id`),
  UNIQUE KEY `suppliers_email_unique` (`email`),
  KEY `suppliers_user_id_foreign` (`user_id`),
  CONSTRAINT `suppliers_user_id_foreign` FOREIGN KEY (`user_id`) REFERENCES `users` (`id`) ON DELETE RESTRICT ON UPDATE CASCADE
) ENGINE=InnoDB AUTO_INCREMENT=42 DEFAULT CHARSET=utf8mb4 COLLATE=utf8mb4_unicode_ci;
/*!40101 SET character_set_client = @saved_cs_client */;

--
-- Dumping data for table `suppliers`
--

LOCK TABLES `suppliers` WRITE;
/*!40000 ALTER TABLE `suppliers` DISABLE KEYS */;
INSERT INTO `suppliers` VALUES (1,23,'Chris Yost','kreiger.albina@example.com','aWspca15YIKjxGIpxMHCDaKRVqEnQD','+62867720285','2023-01-09 09:15:23','2023-01-10 07:26:42','2023-01-10 07:26:42'),(2,23,'Marisol Hettinger','ottilie.krajcik@example.org','FE5SeNUuZvWf8KdJ58XHpp9TgeSpgK','+62815315432','2023-01-09 09:15:23','2023-01-09 09:15:23',NULL),(3,1,'Joko Purnomo Edit','yundt.adelia@example.net','Jl. katrangan Gg. 3 No.23 Edited','+6281999112322','2023-01-09 09:15:23','2023-01-10 07:24:19',NULL),(4,22,'Enrique Roberts','qfay@example.com','SnHX7H8TliDB136HBWZzVdhP46otW7','+628106275141','2023-01-09 09:15:23','2023-01-09 09:15:23',NULL),(5,12,'Prof. Abigale Gerhold','njakubowski@example.net','gdqD6P4DyDHQWE6XISwrrij1kfsKKr','+62880774686','2023-01-09 09:15:23','2023-01-09 09:15:23',NULL),(6,38,'Constantin Pacocha','gottlieb.jacinto@example.org','FEozsC6jIEf7GuuW6ERR3aSMIdcJbX','+62851175848','2023-01-09 09:15:23','2023-01-09 09:15:23',NULL),(7,31,'Shanon Mosciski','baumbach.corrine@example.com','NT1TIAFEr1rYJUE6oGcus9DwLRM15K','+62847821854','2023-01-09 09:15:23','2023-01-09 09:15:23',NULL),(8,2,'Prof. Johnathan Barrows PhD','dickens.jacques@example.net','ngO3fDHZIrxuy5nx4PpZsV2QBJ6qdI','+6282316205','2023-01-09 09:15:23','2023-01-09 09:15:23',NULL),(9,9,'Fae Schoen','yconsidine@example.org','bUl5ADULX4xpXYKJPRYBvekdij8WGE','+62810429534','2023-01-09 09:15:23','2023-01-09 09:15:23',NULL),(10,16,'Alaina Hyatt IV','laverna.waters@example.com','scOIhwO5l70zN9S9ty4BKZXzUIweXp','+62899477044','2023-01-09 09:15:23','2023-01-09 09:15:23',NULL),(11,19,'Dr. Bill Bahringer MD','terrence.homenick@example.org','a82fGm5uOXD4OI5jhjjawSNqH1AXw7','+62866290039','2023-01-09 10:15:18','2023-01-09 10:15:18',NULL),(12,36,'Monica Douglas','ucassin@example.com','QR1HzjYmZ8wyw5pniYuSngF7AM8fpw','+628114472048','2023-01-09 10:15:18','2023-01-09 10:15:18',NULL),(13,1,'Meagan Johns','legros.river@example.com','xPV0SjLSlbPE2OOlzXV1gBSa9ffedF','+628106278358','2023-01-09 10:15:18','2023-01-09 10:15:18',NULL),(14,62,'Everardo Howell','lwelch@example.net','5cj6dNI62EmPEVKAKmwkBKSnb4jSdk','+62862929664','2023-01-09 10:15:18','2023-01-09 10:15:18',NULL),(15,65,'Mellie Heathcote','wiley65@example.net','Y0tkQ1f1FtgDQdbtHBoil0YfaQuUeo','+62849534927','2023-01-09 10:15:18','2023-01-09 10:15:18',NULL),(16,61,'Mrs. Eliza Gerlach','mathilde.pagac@example.org','KnblWuXBHMOeFukq00XsZO88EhAFaq','+62824725966','2023-01-09 10:15:18','2023-01-09 10:15:18',NULL),(17,45,'Prof. Jared Emmerich','conn.tristian@example.net','YY9vKTsXvr0z7sSqKzzlaGF5UcV2rS','+628113098286','2023-01-09 10:15:18','2023-01-09 10:15:18',NULL),(18,51,'Marlon Reinger','damaris21@example.com','VJ9qrfpEtZ4zc3UfTczRaPVpDHHQfX','+62832234398','2023-01-09 10:15:18','2023-01-09 10:15:18',NULL),(19,67,'Kristin Davis','demarcus95@example.com','iYVCEm1GIOz2iRQ37AhjLSjZrsU5tN','+62888062697','2023-01-09 10:15:18','2023-01-09 10:15:18',NULL),(20,75,'Prof. Heber Mraz IV','sporer.jeanie@example.net','8Ukg3Q2vfQ2IuoPcZKrrC6kuz1mdvd','+62891717654','2023-01-09 10:15:18','2023-01-09 10:15:18',NULL),(21,86,'Triston Kuvalis','connor95@example.org','MfTwnIHIE6zEtv5sVBWEpGbwTHyZPf','+62871520632','2023-01-09 10:16:58','2023-01-09 10:16:58',NULL),(22,84,'Emmanuelle Spencer','anne.collier@example.org','B3QXrvu9x0wCn5aPOH62T8ZTBXkWgn','+62894275765','2023-01-09 10:16:58','2023-01-09 10:16:58',NULL),(23,7,'Prof. Lavada Keeling V','vstrosin@example.net','PwVOsIEXg3etSy0gFdocMrdMMiLHT6','+62817038862','2023-01-09 10:16:58','2023-01-09 10:16:58',NULL),(24,1,'Shaina Reinger','leopold.ebert@example.net','Zhmn2IoSaL3g4PcPBMu5YVQe4hMiwK','+62850767235','2023-01-09 10:16:58','2023-01-09 10:16:58',NULL),(25,76,'Lolita Schinner II','granville87@example.net','LT0XwpeRYtgnD2wHbLCu5eUr1Usycm','+62896419738','2023-01-09 10:16:58','2023-01-09 10:16:58',NULL),(26,6,'Lessie Nader','ndickens@example.org','Ui9Fcw4dthl9ECLOhIHtnfCnviNgRn','+628107827454','2023-01-09 10:16:58','2023-01-09 10:16:58',NULL),(27,33,'Reed Swift','rupert22@example.net','7RG4zgikwEFlnQMcNiPNy3e1Ya8ufe','+628110948722','2023-01-09 10:16:58','2023-01-09 10:16:58',NULL),(28,86,'Lucy Kiehn','zbode@example.com','6gwuCdsnCSUUJzjC8RDph9PBrBQEVn','+62832235241','2023-01-09 10:16:58','2023-01-09 10:16:58',NULL),(29,1,'Eleanora Hauck','stokes.tina@example.org','8JR9J8KBvxcj4wbFS5d7MebmSoUSiC','+62855367293','2023-01-09 10:16:58','2023-01-09 10:16:58',NULL),(30,4,'Trey Runolfsdottir','sim63@example.com','62Viie6EVXrUTzE9hZQ6Z9UoMiTA7C','+62834270015','2023-01-09 10:16:58','2023-01-09 10:16:58',NULL),(31,76,'Mrs. Elisha Muller','heidenreich.keyon@example.net','LmbH0kFG1F0GEO4vOCZoFwyCIY3XuY','+62897875011','2023-01-09 10:17:21','2023-01-09 10:17:21',NULL),(32,98,'Dr. Timmy Breitenberg','kelton.wehner@example.org','vJzrfJz5kj9pvx3PleAGKVDkLXJJsY','+62895404934','2023-01-09 10:17:21','2023-01-09 10:17:21',NULL),(33,22,'Dr. Devyn Kuvalis I','alva99@example.net','6DJF2QgQFwIKIabY72U1n3PcFmIy4F','+62873512238','2023-01-09 10:17:21','2023-01-09 10:17:21',NULL),(34,38,'Bradly Kemmer','abbott.lonzo@example.net','iLrQubMzykYeeOUWf8FrRdR4von70x','+62835134138','2023-01-09 10:17:21','2023-01-09 10:17:21',NULL),(35,57,'Augustine Lakin','dmarquardt@example.com','cUA6gsZWYHbIbl5krjllDMXFhh4lhk','+628120184766','2023-01-09 10:17:21','2023-01-09 10:17:21',NULL),(36,24,'Price Mohr','vschroeder@example.net','R0EToeNI7FcnTRacTQigwPInfL9Rjx','+62867393920','2023-01-09 10:17:21','2023-01-09 10:17:21',NULL),(37,62,'Prof. Verner Bergnaum','cortney.ferry@example.com','KffAYPpeN7CnFYRGFVYpNTUQcaOUSW','+62887443229','2023-01-09 10:17:21','2023-01-09 10:17:21',NULL),(38,26,'Dana Ullrich','nadia.mclaughlin@example.org','Dwuc8pt8yNV0lnCxXncGdQvrI9FATh','+6283518218','2023-01-09 10:17:21','2023-01-09 10:17:21',NULL),(39,76,'Mariam Steuber','hegmann.kailyn@example.com','uiQff2A6kefBW6cNb9LfXPMoGSwsj9','+628103113928','2023-01-09 10:17:21','2023-01-09 10:17:21',NULL),(40,58,'Dr. Linwood Jerde','snader@example.net','mAu2zpH7eVjMvH3WSMhyyFl5dxsbPP','+628102377063','2023-01-09 10:17:21','2023-01-09 10:17:21',NULL),(41,1,'Joko Purnomo','jokopur@gmail.com','Jl. katrangan Gg. 3 No.23','+6281999001222','2023-01-10 07:05:10','2023-01-10 07:05:10',NULL);
/*!40000 ALTER TABLE `suppliers` ENABLE KEYS */;
UNLOCK TABLES;

--
-- Table structure for table `users`
--

DROP TABLE IF EXISTS `users`;
/*!40101 SET @saved_cs_client     = @@character_set_client */;
/*!50503 SET character_set_client = utf8mb4 */;
CREATE TABLE `users` (
  `id` bigint unsigned NOT NULL AUTO_INCREMENT,
  `name` varchar(255) COLLATE utf8mb4_unicode_ci NOT NULL,
  `email` varchar(255) COLLATE utf8mb4_unicode_ci NOT NULL,
  `email_verified_at` timestamp NULL DEFAULT NULL,
  `password` varchar(255) COLLATE utf8mb4_unicode_ci NOT NULL,
  `remember_token` varchar(100) COLLATE utf8mb4_unicode_ci DEFAULT NULL,
  `created_at` timestamp NULL DEFAULT NULL,
  `updated_at` timestamp NULL DEFAULT NULL,
  PRIMARY KEY (`id`),
  UNIQUE KEY `users_email_unique` (`email`)
) ENGINE=InnoDB AUTO_INCREMENT=101 DEFAULT CHARSET=utf8mb4 COLLATE=utf8mb4_unicode_ci;
/*!40101 SET character_set_client = @saved_cs_client */;

--
-- Dumping data for table `users`
--

LOCK TABLES `users` WRITE;
/*!40000 ALTER TABLE `users` DISABLE KEYS */;
INSERT INTO `users` VALUES (1,'Amari Braun','xmiller@example.org','2023-01-09 08:16:57','$2y$10$92IXUNpkjO0rOQ5byMi.Ye4oKoEa3Ro9llC/.og/at2.uheWG/igi','4qDxs5CvSl','2023-01-09 08:16:57','2023-01-09 08:16:57'),(2,'Carolyn Auer','armani.botsford@example.net','2023-01-09 08:16:57','$2y$10$92IXUNpkjO0rOQ5byMi.Ye4oKoEa3Ro9llC/.og/at2.uheWG/igi','Hhw3Sa6vnY','2023-01-09 08:16:57','2023-01-09 08:16:57'),(3,'Eldred Zemlak','sblick@example.org','2023-01-09 08:16:57','$2y$10$92IXUNpkjO0rOQ5byMi.Ye4oKoEa3Ro9llC/.og/at2.uheWG/igi','43vX3qozg0','2023-01-09 08:16:57','2023-01-09 08:16:57'),(4,'Prof. Santa Pagac','rtorp@example.org','2023-01-09 08:16:57','$2y$10$92IXUNpkjO0rOQ5byMi.Ye4oKoEa3Ro9llC/.og/at2.uheWG/igi','3L2w5wUyLz','2023-01-09 08:16:57','2023-01-09 08:16:57'),(5,'Jena Daugherty DDS','okon.mya@example.com','2023-01-09 08:16:57','$2y$10$92IXUNpkjO0rOQ5byMi.Ye4oKoEa3Ro9llC/.og/at2.uheWG/igi','8thiWXCMzP','2023-01-09 08:16:57','2023-01-09 08:16:57'),(6,'Miss Kasandra Leannon','oleta17@example.org','2023-01-09 08:16:57','$2y$10$92IXUNpkjO0rOQ5byMi.Ye4oKoEa3Ro9llC/.og/at2.uheWG/igi','5QNmG6oHXd','2023-01-09 08:16:57','2023-01-09 08:16:57'),(7,'Ms. Lacy Gutmann DDS','fadel.juvenal@example.com','2023-01-09 08:16:57','$2y$10$92IXUNpkjO0rOQ5byMi.Ye4oKoEa3Ro9llC/.og/at2.uheWG/igi','JSOlJCjCkf','2023-01-09 08:16:57','2023-01-09 08:16:57'),(8,'Nicklaus Kilback','leuschke.cleta@example.com','2023-01-09 08:16:57','$2y$10$92IXUNpkjO0rOQ5byMi.Ye4oKoEa3Ro9llC/.og/at2.uheWG/igi','8vLk9JoBsp','2023-01-09 08:16:57','2023-01-09 08:16:57'),(9,'Beverly Shanahan','mglover@example.com','2023-01-09 08:16:57','$2y$10$92IXUNpkjO0rOQ5byMi.Ye4oKoEa3Ro9llC/.og/at2.uheWG/igi','13g2loRLAK','2023-01-09 08:16:57','2023-01-09 08:16:57'),(10,'Cathrine Reynolds','spencer.elva@example.org','2023-01-09 08:16:57','$2y$10$92IXUNpkjO0rOQ5byMi.Ye4oKoEa3Ro9llC/.og/at2.uheWG/igi','fiJuY5YxXu','2023-01-09 08:16:57','2023-01-09 08:16:57'),(11,'Alexanne Collins','koss.webster@example.org','2023-01-09 08:18:20','$2y$10$92IXUNpkjO0rOQ5byMi.Ye4oKoEa3Ro9llC/.og/at2.uheWG/igi','pVFoUxXhkh','2023-01-09 08:18:20','2023-01-09 08:18:20'),(12,'Alexane Cummings','nhills@example.net','2023-01-09 08:18:20','$2y$10$92IXUNpkjO0rOQ5byMi.Ye4oKoEa3Ro9llC/.og/at2.uheWG/igi','FFYiQjEs9p','2023-01-09 08:18:20','2023-01-09 08:18:20'),(13,'Albina Quigley','irma.leannon@example.net','2023-01-09 08:18:20','$2y$10$92IXUNpkjO0rOQ5byMi.Ye4oKoEa3Ro9llC/.og/at2.uheWG/igi','zaUIAWZmM6','2023-01-09 08:18:20','2023-01-09 08:18:20'),(14,'Romaine Hettinger','bprice@example.com','2023-01-09 08:18:20','$2y$10$92IXUNpkjO0rOQ5byMi.Ye4oKoEa3Ro9llC/.og/at2.uheWG/igi','C8JQptacd3','2023-01-09 08:18:20','2023-01-09 08:18:20'),(15,'Dr. Joannie Crist','kamron87@example.net','2023-01-09 08:18:20','$2y$10$92IXUNpkjO0rOQ5byMi.Ye4oKoEa3Ro9llC/.og/at2.uheWG/igi','L1V3tTVU81','2023-01-09 08:18:20','2023-01-09 08:18:20'),(16,'Anjali Kirlin','gertrude.gleichner@example.org','2023-01-09 08:18:20','$2y$10$92IXUNpkjO0rOQ5byMi.Ye4oKoEa3Ro9llC/.og/at2.uheWG/igi','iXWJ3xteRO','2023-01-09 08:18:20','2023-01-09 08:18:20'),(17,'Prof. Skye Bosco','kianna25@example.net','2023-01-09 08:18:20','$2y$10$92IXUNpkjO0rOQ5byMi.Ye4oKoEa3Ro9llC/.og/at2.uheWG/igi','z2AFrzw71v','2023-01-09 08:18:20','2023-01-09 08:18:20'),(18,'Hank Cassin','donny99@example.net','2023-01-09 08:18:20','$2y$10$92IXUNpkjO0rOQ5byMi.Ye4oKoEa3Ro9llC/.og/at2.uheWG/igi','6zDaGdDzLz','2023-01-09 08:18:20','2023-01-09 08:18:20'),(19,'Mr. Kurtis Roob','eryn.kub@example.net','2023-01-09 08:18:20','$2y$10$92IXUNpkjO0rOQ5byMi.Ye4oKoEa3Ro9llC/.og/at2.uheWG/igi','fELubs6Vz1','2023-01-09 08:18:20','2023-01-09 08:18:20'),(20,'Amina Friesen DDS','igaylord@example.org','2023-01-09 08:18:20','$2y$10$92IXUNpkjO0rOQ5byMi.Ye4oKoEa3Ro9llC/.og/at2.uheWG/igi','6YIomAwHAv','2023-01-09 08:18:20','2023-01-09 08:18:20'),(21,'Whitney Witting','emard.joel@example.org','2023-01-09 08:21:00','$2y$10$92IXUNpkjO0rOQ5byMi.Ye4oKoEa3Ro9llC/.og/at2.uheWG/igi','sHoOVUlboN','2023-01-09 08:21:00','2023-01-09 08:21:00'),(22,'Miss Aliya Shanahan','trippin@example.com','2023-01-09 08:21:00','$2y$10$92IXUNpkjO0rOQ5byMi.Ye4oKoEa3Ro9llC/.og/at2.uheWG/igi','LPcAmKPxwc','2023-01-09 08:21:00','2023-01-09 08:21:00'),(23,'Angie Hahn','tyreek.spinka@example.org','2023-01-09 08:21:00','$2y$10$92IXUNpkjO0rOQ5byMi.Ye4oKoEa3Ro9llC/.og/at2.uheWG/igi','Jz8flf7eRk','2023-01-09 08:21:00','2023-01-09 08:21:00'),(24,'Augustus Wolff','rippin.jordy@example.net','2023-01-09 08:21:00','$2y$10$92IXUNpkjO0rOQ5byMi.Ye4oKoEa3Ro9llC/.og/at2.uheWG/igi','vQPls7x3bs','2023-01-09 08:21:00','2023-01-09 08:21:00'),(25,'Gardner Gutmann','alexandrea.koelpin@example.net','2023-01-09 08:21:00','$2y$10$92IXUNpkjO0rOQ5byMi.Ye4oKoEa3Ro9llC/.og/at2.uheWG/igi','VPVB7y7dXg','2023-01-09 08:21:00','2023-01-09 08:21:00'),(26,'Brooks Hill','waelchi.chaz@example.net','2023-01-09 08:21:00','$2y$10$92IXUNpkjO0rOQ5byMi.Ye4oKoEa3Ro9llC/.og/at2.uheWG/igi','z0xnbVkSKm','2023-01-09 08:21:00','2023-01-09 08:21:00'),(27,'Mr. Jedediah Champlin','kmcdermott@example.com','2023-01-09 08:21:00','$2y$10$92IXUNpkjO0rOQ5byMi.Ye4oKoEa3Ro9llC/.og/at2.uheWG/igi','2uXOa3BTM3','2023-01-09 08:21:00','2023-01-09 08:21:00'),(28,'Morris Schowalter Jr.','alba06@example.org','2023-01-09 08:21:00','$2y$10$92IXUNpkjO0rOQ5byMi.Ye4oKoEa3Ro9llC/.og/at2.uheWG/igi','Sbo88m0WZR','2023-01-09 08:21:00','2023-01-09 08:21:00'),(29,'Mr. Isom Schaden MD','beverly.altenwerth@example.net','2023-01-09 08:21:00','$2y$10$92IXUNpkjO0rOQ5byMi.Ye4oKoEa3Ro9llC/.og/at2.uheWG/igi','kKMwI3hDyj','2023-01-09 08:21:00','2023-01-09 08:21:00'),(30,'Irwin Lindgren IV','kenyon27@example.net','2023-01-09 08:21:00','$2y$10$92IXUNpkjO0rOQ5byMi.Ye4oKoEa3Ro9llC/.og/at2.uheWG/igi','jaYblpPQsq','2023-01-09 08:21:00','2023-01-09 08:21:00'),(31,'Myrtle Franecki','dkris@example.net','2023-01-09 08:21:11','$2y$10$92IXUNpkjO0rOQ5byMi.Ye4oKoEa3Ro9llC/.og/at2.uheWG/igi','earXqRxyrm','2023-01-09 08:21:11','2023-01-09 08:21:11'),(32,'Liza Brekke','tbeahan@example.net','2023-01-09 08:21:11','$2y$10$92IXUNpkjO0rOQ5byMi.Ye4oKoEa3Ro9llC/.og/at2.uheWG/igi','uxhwnFDILC','2023-01-09 08:21:11','2023-01-09 08:21:11'),(33,'Arden Swaniawski','hilpert.krystel@example.net','2023-01-09 08:21:11','$2y$10$92IXUNpkjO0rOQ5byMi.Ye4oKoEa3Ro9llC/.og/at2.uheWG/igi','m6nzCrvzPl','2023-01-09 08:21:11','2023-01-09 08:21:11'),(34,'Prof. Kane Wisoky I','enola.mitchell@example.net','2023-01-09 08:21:11','$2y$10$92IXUNpkjO0rOQ5byMi.Ye4oKoEa3Ro9llC/.og/at2.uheWG/igi','kPpUP66lc6','2023-01-09 08:21:11','2023-01-09 08:21:11'),(35,'Melody Lehner III','tyrell.satterfield@example.com','2023-01-09 08:21:11','$2y$10$92IXUNpkjO0rOQ5byMi.Ye4oKoEa3Ro9llC/.og/at2.uheWG/igi','BmlQphkza5','2023-01-09 08:21:11','2023-01-09 08:21:11'),(36,'Waldo Raynor','oberbrunner.jonathan@example.net','2023-01-09 08:21:11','$2y$10$92IXUNpkjO0rOQ5byMi.Ye4oKoEa3Ro9llC/.og/at2.uheWG/igi','cUudRw137P','2023-01-09 08:21:11','2023-01-09 08:21:11'),(37,'Cole O\'Connell','emil.cummings@example.com','2023-01-09 08:21:11','$2y$10$92IXUNpkjO0rOQ5byMi.Ye4oKoEa3Ro9llC/.og/at2.uheWG/igi','r0FvFxduD0','2023-01-09 08:21:11','2023-01-09 08:21:11'),(38,'Jackson Jacobi','madelyn.ward@example.net','2023-01-09 08:21:11','$2y$10$92IXUNpkjO0rOQ5byMi.Ye4oKoEa3Ro9llC/.og/at2.uheWG/igi','DTVcGNxppG','2023-01-09 08:21:11','2023-01-09 08:21:11'),(39,'Vella Little','name.romaguera@example.net','2023-01-09 08:21:11','$2y$10$92IXUNpkjO0rOQ5byMi.Ye4oKoEa3Ro9llC/.og/at2.uheWG/igi','XSIyd847nj','2023-01-09 08:21:11','2023-01-09 08:21:11'),(40,'Mr. Xzavier Bauch PhD','cschinner@example.com','2023-01-09 08:21:11','$2y$10$92IXUNpkjO0rOQ5byMi.Ye4oKoEa3Ro9llC/.og/at2.uheWG/igi','LiUgVTeO6F','2023-01-09 08:21:11','2023-01-09 08:21:11'),(41,'Juliana Dickinson V','lubowitz.henriette@example.net','2023-01-09 08:22:37','$2y$10$92IXUNpkjO0rOQ5byMi.Ye4oKoEa3Ro9llC/.og/at2.uheWG/igi','c9j4Slsetd','2023-01-09 08:22:37','2023-01-09 08:22:37'),(42,'Henri McKenzie','shanon05@example.org','2023-01-09 08:22:37','$2y$10$92IXUNpkjO0rOQ5byMi.Ye4oKoEa3Ro9llC/.og/at2.uheWG/igi','B9pv4Qlldg','2023-01-09 08:22:37','2023-01-09 08:22:37'),(43,'Norval Lubowitz','isidro56@example.net','2023-01-09 08:22:37','$2y$10$92IXUNpkjO0rOQ5byMi.Ye4oKoEa3Ro9llC/.og/at2.uheWG/igi','0LtFtWjMjB','2023-01-09 08:22:37','2023-01-09 08:22:37'),(44,'Mrs. Stacy Johnson DVM','nlittel@example.com','2023-01-09 08:22:37','$2y$10$92IXUNpkjO0rOQ5byMi.Ye4oKoEa3Ro9llC/.og/at2.uheWG/igi','rQYIHYW3OZ','2023-01-09 08:22:37','2023-01-09 08:22:37'),(45,'Stanley Larkin','haley.ortiz@example.com','2023-01-09 08:22:37','$2y$10$92IXUNpkjO0rOQ5byMi.Ye4oKoEa3Ro9llC/.og/at2.uheWG/igi','wDr3aZrmbh','2023-01-09 08:22:37','2023-01-09 08:22:37'),(46,'Coby Stoltenberg III','paucek.jaycee@example.org','2023-01-09 08:22:37','$2y$10$92IXUNpkjO0rOQ5byMi.Ye4oKoEa3Ro9llC/.og/at2.uheWG/igi','OZCty3sOWF','2023-01-09 08:22:37','2023-01-09 08:22:37'),(47,'Verda Ferry III','spinka.sharon@example.net','2023-01-09 08:22:37','$2y$10$92IXUNpkjO0rOQ5byMi.Ye4oKoEa3Ro9llC/.og/at2.uheWG/igi','HjiERB59Kn','2023-01-09 08:22:37','2023-01-09 08:22:37'),(48,'Hallie Ullrich','danyka63@example.net','2023-01-09 08:22:37','$2y$10$92IXUNpkjO0rOQ5byMi.Ye4oKoEa3Ro9llC/.og/at2.uheWG/igi','Wa1CzM92IO','2023-01-09 08:22:37','2023-01-09 08:22:37'),(49,'Idell McKenzie','mreilly@example.com','2023-01-09 08:22:37','$2y$10$92IXUNpkjO0rOQ5byMi.Ye4oKoEa3Ro9llC/.og/at2.uheWG/igi','S6gGp8NZjt','2023-01-09 08:22:37','2023-01-09 08:22:37'),(50,'Clifford Hirthe','bernier.kendall@example.net','2023-01-09 08:22:37','$2y$10$92IXUNpkjO0rOQ5byMi.Ye4oKoEa3Ro9llC/.og/at2.uheWG/igi','hc0M6mpNcz','2023-01-09 08:22:37','2023-01-09 08:22:37'),(51,'Dr. Ernestine Dach III','paul55@example.net','2023-01-09 10:09:12','$2y$10$92IXUNpkjO0rOQ5byMi.Ye4oKoEa3Ro9llC/.og/at2.uheWG/igi','udHBC7ZEqz','2023-01-09 10:09:12','2023-01-09 10:09:12'),(52,'Cedrick McLaughlin','vwolf@example.net','2023-01-09 10:09:12','$2y$10$92IXUNpkjO0rOQ5byMi.Ye4oKoEa3Ro9llC/.og/at2.uheWG/igi','ai3xgEru0Y','2023-01-09 10:09:12','2023-01-09 10:09:12'),(53,'Gaylord Nolan III','gbogisich@example.org','2023-01-09 10:09:12','$2y$10$92IXUNpkjO0rOQ5byMi.Ye4oKoEa3Ro9llC/.og/at2.uheWG/igi','hmLTsJQ63C','2023-01-09 10:09:12','2023-01-09 10:09:12'),(54,'Lee Doyle','ralph.watsica@example.com','2023-01-09 10:09:12','$2y$10$92IXUNpkjO0rOQ5byMi.Ye4oKoEa3Ro9llC/.og/at2.uheWG/igi','bnG4WLioie','2023-01-09 10:09:12','2023-01-09 10:09:12'),(55,'Winona Pacocha','collier.kattie@example.com','2023-01-09 10:09:12','$2y$10$92IXUNpkjO0rOQ5byMi.Ye4oKoEa3Ro9llC/.og/at2.uheWG/igi','yfG5Ddh5nz','2023-01-09 10:09:12','2023-01-09 10:09:12'),(56,'Ruben Schumm','ylindgren@example.org','2023-01-09 10:09:12','$2y$10$92IXUNpkjO0rOQ5byMi.Ye4oKoEa3Ro9llC/.og/at2.uheWG/igi','6QVm9ek1oq','2023-01-09 10:09:12','2023-01-09 10:09:12'),(57,'Berta Jacobi','kayla83@example.net','2023-01-09 10:09:12','$2y$10$92IXUNpkjO0rOQ5byMi.Ye4oKoEa3Ro9llC/.og/at2.uheWG/igi','73CEbLEnSA','2023-01-09 10:09:12','2023-01-09 10:09:12'),(58,'Terrell Robel','ellis.skiles@example.com','2023-01-09 10:09:12','$2y$10$92IXUNpkjO0rOQ5byMi.Ye4oKoEa3Ro9llC/.og/at2.uheWG/igi','XwKT38EHmA','2023-01-09 10:09:12','2023-01-09 10:09:12'),(59,'Kirstin Braun','ana97@example.org','2023-01-09 10:09:12','$2y$10$92IXUNpkjO0rOQ5byMi.Ye4oKoEa3Ro9llC/.og/at2.uheWG/igi','al3CqS23U7','2023-01-09 10:09:12','2023-01-09 10:09:12'),(60,'Elda Reynolds','dbarrows@example.net','2023-01-09 10:09:12','$2y$10$92IXUNpkjO0rOQ5byMi.Ye4oKoEa3Ro9llC/.og/at2.uheWG/igi','Zfvt6iGd3f','2023-01-09 10:09:12','2023-01-09 10:09:12'),(61,'Alfonso Thompson','lela.balistreri@example.com','2023-01-09 10:11:28','$2y$10$92IXUNpkjO0rOQ5byMi.Ye4oKoEa3Ro9llC/.og/at2.uheWG/igi','S8fF3Q9IhA','2023-01-09 10:11:29','2023-01-09 10:11:29'),(62,'Prof. Theodora Labadie','shane.fadel@example.com','2023-01-09 10:11:28','$2y$10$92IXUNpkjO0rOQ5byMi.Ye4oKoEa3Ro9llC/.og/at2.uheWG/igi','Eftnaw5LZb','2023-01-09 10:11:29','2023-01-09 10:11:29'),(63,'Justen Gaylord','bailee.dicki@example.net','2023-01-09 10:11:28','$2y$10$92IXUNpkjO0rOQ5byMi.Ye4oKoEa3Ro9llC/.og/at2.uheWG/igi','PnOsGscxXC','2023-01-09 10:11:29','2023-01-09 10:11:29'),(64,'Maggie Quitzon','terrence50@example.net','2023-01-09 10:11:28','$2y$10$92IXUNpkjO0rOQ5byMi.Ye4oKoEa3Ro9llC/.og/at2.uheWG/igi','MQSCfwgNtY','2023-01-09 10:11:29','2023-01-09 10:11:29'),(65,'Dr. Rod Hayes DDS','malcolm68@example.com','2023-01-09 10:11:28','$2y$10$92IXUNpkjO0rOQ5byMi.Ye4oKoEa3Ro9llC/.og/at2.uheWG/igi','1Bw4mqDPSF','2023-01-09 10:11:29','2023-01-09 10:11:29'),(66,'Robin Considine DDS','zbotsford@example.net','2023-01-09 10:11:28','$2y$10$92IXUNpkjO0rOQ5byMi.Ye4oKoEa3Ro9llC/.og/at2.uheWG/igi','wcgHrB4e5f','2023-01-09 10:11:29','2023-01-09 10:11:29'),(67,'Landen Torp','gilbert12@example.com','2023-01-09 10:11:28','$2y$10$92IXUNpkjO0rOQ5byMi.Ye4oKoEa3Ro9llC/.og/at2.uheWG/igi','9PCd0nmsSN','2023-01-09 10:11:29','2023-01-09 10:11:29'),(68,'Sterling Lind','vmoen@example.com','2023-01-09 10:11:28','$2y$10$92IXUNpkjO0rOQ5byMi.Ye4oKoEa3Ro9llC/.og/at2.uheWG/igi','ZWQBhh1Crf','2023-01-09 10:11:29','2023-01-09 10:11:29'),(69,'Mr. Edmond Kub I','ruthie.romaguera@example.com','2023-01-09 10:11:28','$2y$10$92IXUNpkjO0rOQ5byMi.Ye4oKoEa3Ro9llC/.og/at2.uheWG/igi','b6zVl7HeOV','2023-01-09 10:11:29','2023-01-09 10:11:29'),(70,'Orpha Williamson','connelly.lucas@example.org','2023-01-09 10:11:28','$2y$10$92IXUNpkjO0rOQ5byMi.Ye4oKoEa3Ro9llC/.og/at2.uheWG/igi','StDq3VhYJN','2023-01-09 10:11:29','2023-01-09 10:11:29'),(71,'Arvid Yost','zfunk@example.org','2023-01-09 10:15:18','$2y$10$92IXUNpkjO0rOQ5byMi.Ye4oKoEa3Ro9llC/.og/at2.uheWG/igi','SKVgZ1qgej','2023-01-09 10:15:18','2023-01-09 10:15:18'),(72,'Sim Ankunding','morton.dickens@example.org','2023-01-09 10:15:18','$2y$10$92IXUNpkjO0rOQ5byMi.Ye4oKoEa3Ro9llC/.og/at2.uheWG/igi','Yn411xGtRn','2023-01-09 10:15:18','2023-01-09 10:15:18'),(73,'Darrick Lubowitz','zakary.simonis@example.com','2023-01-09 10:15:18','$2y$10$92IXUNpkjO0rOQ5byMi.Ye4oKoEa3Ro9llC/.og/at2.uheWG/igi','7L9YZykYE8','2023-01-09 10:15:18','2023-01-09 10:15:18'),(74,'Dr. Rosendo Sipes V','hans78@example.org','2023-01-09 10:15:18','$2y$10$92IXUNpkjO0rOQ5byMi.Ye4oKoEa3Ro9llC/.og/at2.uheWG/igi','CgjknT2hpZ','2023-01-09 10:15:18','2023-01-09 10:15:18'),(75,'Prof. Van Prohaska','eli.wiegand@example.net','2023-01-09 10:15:18','$2y$10$92IXUNpkjO0rOQ5byMi.Ye4oKoEa3Ro9llC/.og/at2.uheWG/igi','uxtZlzd9wo','2023-01-09 10:15:18','2023-01-09 10:15:18'),(76,'Vesta Kuvalis','maynard.jacobson@example.net','2023-01-09 10:15:18','$2y$10$92IXUNpkjO0rOQ5byMi.Ye4oKoEa3Ro9llC/.og/at2.uheWG/igi','kerzhowdRP','2023-01-09 10:15:18','2023-01-09 10:15:18'),(77,'Jerrod Wehner','jenkins.oceane@example.com','2023-01-09 10:15:18','$2y$10$92IXUNpkjO0rOQ5byMi.Ye4oKoEa3Ro9llC/.og/at2.uheWG/igi','Ui67etOO8g','2023-01-09 10:15:18','2023-01-09 10:15:18'),(78,'Kolby Williamson','bglover@example.net','2023-01-09 10:15:18','$2y$10$92IXUNpkjO0rOQ5byMi.Ye4oKoEa3Ro9llC/.og/at2.uheWG/igi','QFC8roEI5q','2023-01-09 10:15:18','2023-01-09 10:15:18'),(79,'Rhianna Marks','paula.walsh@example.net','2023-01-09 10:15:18','$2y$10$92IXUNpkjO0rOQ5byMi.Ye4oKoEa3Ro9llC/.og/at2.uheWG/igi','7JuW1ssn0x','2023-01-09 10:15:18','2023-01-09 10:15:18'),(80,'Gregory Krajcik','cmarks@example.org','2023-01-09 10:15:18','$2y$10$92IXUNpkjO0rOQ5byMi.Ye4oKoEa3Ro9llC/.og/at2.uheWG/igi','XAQp3qnUoM','2023-01-09 10:15:18','2023-01-09 10:15:18'),(81,'Ms. Aurelia McGlynn DVM','yundt.hosea@example.com','2023-01-09 10:16:58','$2y$10$92IXUNpkjO0rOQ5byMi.Ye4oKoEa3Ro9llC/.og/at2.uheWG/igi','pB9u9P7SFn','2023-01-09 10:16:58','2023-01-09 10:16:58'),(82,'Angel Fahey','harber.edd@example.com','2023-01-09 10:16:58','$2y$10$92IXUNpkjO0rOQ5byMi.Ye4oKoEa3Ro9llC/.og/at2.uheWG/igi','Qc5IrkxSAS','2023-01-09 10:16:58','2023-01-09 10:16:58'),(83,'Chad Koch','enid.boyer@example.org','2023-01-09 10:16:58','$2y$10$92IXUNpkjO0rOQ5byMi.Ye4oKoEa3Ro9llC/.og/at2.uheWG/igi','jBuXdRFC9X','2023-01-09 10:16:58','2023-01-09 10:16:58'),(84,'Elouise Durgan','herta.rath@example.com','2023-01-09 10:16:58','$2y$10$92IXUNpkjO0rOQ5byMi.Ye4oKoEa3Ro9llC/.og/at2.uheWG/igi','zLxbdfKBc2','2023-01-09 10:16:58','2023-01-09 10:16:58'),(85,'Ricky Muller','sunny48@example.net','2023-01-09 10:16:58','$2y$10$92IXUNpkjO0rOQ5byMi.Ye4oKoEa3Ro9llC/.og/at2.uheWG/igi','7NgTniUDKb','2023-01-09 10:16:58','2023-01-09 10:16:58'),(86,'Maye Wilderman','judge12@example.org','2023-01-09 10:16:58','$2y$10$92IXUNpkjO0rOQ5byMi.Ye4oKoEa3Ro9llC/.og/at2.uheWG/igi','dFjJJSN4n4','2023-01-09 10:16:58','2023-01-09 10:16:58'),(87,'Eloisa Borer','alisha.herman@example.com','2023-01-09 10:16:58','$2y$10$92IXUNpkjO0rOQ5byMi.Ye4oKoEa3Ro9llC/.og/at2.uheWG/igi','JilwQFTZag','2023-01-09 10:16:58','2023-01-09 10:16:58'),(88,'Alexander Price','sasha76@example.org','2023-01-09 10:16:58','$2y$10$92IXUNpkjO0rOQ5byMi.Ye4oKoEa3Ro9llC/.og/at2.uheWG/igi','Kf62wzqyDJ','2023-01-09 10:16:58','2023-01-09 10:16:58'),(89,'Sydni Ernser','reichert.uriah@example.net','2023-01-09 10:16:58','$2y$10$92IXUNpkjO0rOQ5byMi.Ye4oKoEa3Ro9llC/.og/at2.uheWG/igi','70mDcDosIT','2023-01-09 10:16:58','2023-01-09 10:16:58'),(90,'Robin Jakubowski','grussel@example.org','2023-01-09 10:16:58','$2y$10$92IXUNpkjO0rOQ5byMi.Ye4oKoEa3Ro9llC/.og/at2.uheWG/igi','vRTXwUI2M2','2023-01-09 10:16:58','2023-01-09 10:16:58'),(91,'Casey Skiles','ledner.amber@example.org','2023-01-09 10:17:20','$2y$10$92IXUNpkjO0rOQ5byMi.Ye4oKoEa3Ro9llC/.og/at2.uheWG/igi','OaodsCFCzr','2023-01-09 10:17:20','2023-01-09 10:17:20'),(92,'Aniyah Frami','dtorphy@example.com','2023-01-09 10:17:20','$2y$10$92IXUNpkjO0rOQ5byMi.Ye4oKoEa3Ro9llC/.og/at2.uheWG/igi','7hz9ahWnvT','2023-01-09 10:17:21','2023-01-09 10:17:21'),(93,'Rick Mohr Jr.','turcotte.angela@example.net','2023-01-09 10:17:20','$2y$10$92IXUNpkjO0rOQ5byMi.Ye4oKoEa3Ro9llC/.og/at2.uheWG/igi','QhXykamtry','2023-01-09 10:17:21','2023-01-09 10:17:21'),(94,'Dr. Abigayle White','caden46@example.net','2023-01-09 10:17:20','$2y$10$92IXUNpkjO0rOQ5byMi.Ye4oKoEa3Ro9llC/.og/at2.uheWG/igi','9ACHOb2NbI','2023-01-09 10:17:21','2023-01-09 10:17:21'),(95,'Carol Glover MD','juliet84@example.com','2023-01-09 10:17:20','$2y$10$92IXUNpkjO0rOQ5byMi.Ye4oKoEa3Ro9llC/.og/at2.uheWG/igi','scnbEgnt3h','2023-01-09 10:17:21','2023-01-09 10:17:21'),(96,'Eli Ullrich','pattie48@example.com','2023-01-09 10:17:20','$2y$10$92IXUNpkjO0rOQ5byMi.Ye4oKoEa3Ro9llC/.og/at2.uheWG/igi','a38IlEhG7W','2023-01-09 10:17:21','2023-01-09 10:17:21'),(97,'Dr. Reginald Cassin','jdibbert@example.org','2023-01-09 10:17:20','$2y$10$92IXUNpkjO0rOQ5byMi.Ye4oKoEa3Ro9llC/.og/at2.uheWG/igi','Le5xJzerKn','2023-01-09 10:17:21','2023-01-09 10:17:21'),(98,'Russel Little III','upton.eugene@example.com','2023-01-09 10:17:20','$2y$10$92IXUNpkjO0rOQ5byMi.Ye4oKoEa3Ro9llC/.og/at2.uheWG/igi','oVCWSf7Rjw','2023-01-09 10:17:21','2023-01-09 10:17:21'),(99,'Mrs. Eulalia Prohaska','maybelle13@example.com','2023-01-09 10:17:20','$2y$10$92IXUNpkjO0rOQ5byMi.Ye4oKoEa3Ro9llC/.og/at2.uheWG/igi','PfjuwXYKN5','2023-01-09 10:17:21','2023-01-09 10:17:21'),(100,'Gustave Paucek','lhand@example.net','2023-01-09 10:17:20','$2y$10$92IXUNpkjO0rOQ5byMi.Ye4oKoEa3Ro9llC/.og/at2.uheWG/igi','5EP9jhy0oZ','2023-01-09 10:17:21','2023-01-09 10:17:21');
/*!40000 ALTER TABLE `users` ENABLE KEYS */;
UNLOCK TABLES;

--
-- Dumping routines for database 'mini_inventory'
--
/*!40103 SET TIME_ZONE=@OLD_TIME_ZONE */;

/*!40101 SET SQL_MODE=@OLD_SQL_MODE */;
/*!40014 SET FOREIGN_KEY_CHECKS=@OLD_FOREIGN_KEY_CHECKS */;
/*!40014 SET UNIQUE_CHECKS=@OLD_UNIQUE_CHECKS */;
/*!40101 SET CHARACTER_SET_CLIENT=@OLD_CHARACTER_SET_CLIENT */;
/*!40101 SET CHARACTER_SET_RESULTS=@OLD_CHARACTER_SET_RESULTS */;
/*!40101 SET COLLATION_CONNECTION=@OLD_COLLATION_CONNECTION */;
/*!40111 SET SQL_NOTES=@OLD_SQL_NOTES */;

-- Dump completed on 2023-01-11  1:16:13
